method,sample_id,parent_id,split,fixed_roi_count,enl_fixed_roi_mean,epi,m_index,m_valid,m_invalid_reason,m_selected_windows,m_total_windows,m_first_order_residual,m_delta_h,m_original_homogeneity,m_shuffled_homogeneity_mean,m_ratio_denominator_floor_fraction
Noisy,test__10240_8192_y256_x0,10240_8192,test,5,25.620111501749022,1.0,nan,False,no_textureless_window_satisfies_paper_tolerance,0,53824,nan,nan,nan,nan,0.0112762451171875
Noisy,test__10240_8192_y256_x256,10240_8192,test,5,28.322994759441258,1.0,nan,False,no_textureless_window_satisfies_paper_tolerance,0,53824,nan,nan,nan,nan,0.01513671875
Noisy,test__1024_17920_y256_x0,1024_17920,test,5,17.411088501820068,1.0,nan,False,no_textureless_window_satisfies_paper_tolerance,0,53824,nan,nan,nan,nan,0.012054443359375
Noisy,test__1024_8192_y0_x0,1024_8192,test,5,15.989252736209181,1.0,nan,False,no_textureless_window_satisfies_paper_tolerance,0,53824,nan,nan,nan,nan,0.012725830078125
Noisy,test__1024_8192_y256_x256,1024_8192,test,5,17.10973556855053,1.0,nan,False,no_textureless_window_satisfies_paper_tolerance,0,53824,nan,nan,nan,nan,0.010467529296875
Noisy,test__10752_17920_y0_x0,10752_17920,test,5,32.62270264308193,1.0,nan,False,no_textureless_window_satisfies_paper_tolerance,0,53824,nan,nan,nan,nan,0.0006561279296875
Noisy,test__10752_8192_y256_x256,10752_8192,test,5,20.53200936506594,1.0,nan,False,no_textureless_window_satisfies_paper_tolerance,0,53824,nan,nan,nan,nan,0.0140838623046875
Noisy,test__11264_11264_y256_x256,11264_11264,test,5,25.13951794043937,1.0,nan,False,no_textureless_window_satisfies_paper_tolerance,0,53824,nan,nan,nan,nan,0.0093841552734375
Noisy,test__11264_5120_y256_x0,11264_5120,test,5,15.493403241664286,1.0,nan,False,no_textureless_window_satisfies_paper_tolerance,0,53824,nan,nan,nan,nan,0.0032806396484375
Noisy,test__11776_1536_y0_x256,11776_1536,test,5,23.04854667204777,1.0,nan,False,no_textureless_window_satisfies_paper_tolerance,0,53824,nan,nan,nan,nan,0.0098724365234375
Noisy,test__11776_6144_y256_x0,11776_6144,test,5,39.26978321905984,1.0,nan,False,no_textureless_window_satisfies_paper_tolerance,0,53824,nan,nan,nan,nan,0.013824462890625
Noisy,test__12288_19456_y0_x0,12288_19456,test,5,34.474542233219495,1.0,nan,False,no_textureless_window_satisfies_paper_tolerance,0,53824,nan,nan,nan,nan,0.02130126953125
Noisy,test__12288_2560_y0_x256,12288_2560,test,5,24.98079966217517,1.0,nan,False,no_textureless_window_satisfies_paper_tolerance,0,53824,nan,nan,nan,nan,0.0128326416015625
Noisy,test__12288_5632_y256_x0,12288_5632,test,5,28.066079902326777,1.0,nan,False,no_textureless_window_satisfies_paper_tolerance,0,53824,nan,nan,nan,nan,0.0093231201171875
Noisy,test__12288_5632_y256_x256,12288_5632,test,5,24.67907307061667,1.0,nan,False,no_textureless_window_satisfies_paper_tolerance,0,53824,nan,nan,nan,nan,0.00823974609375
Noisy,test__12800_13824_y256_x256,12800_13824,test,5,25.3368335823898,1.0,nan,False,no_textureless_window_satisfies_paper_tolerance,0,53824,nan,nan,nan,nan,0.0246734619140625
Noisy,test__13312_6144_y0_x0,13312_6144,test,5,24.915348896552516,1.0,nan,False,no_textureless_window_satisfies_paper_tolerance,0,53824,nan,nan,nan,nan,0.0113677978515625
Noisy,test__14336_17408_y256_x0,14336_17408,test,5,37.99933906539242,1.0,nan,False,no_textureless_window_satisfies_paper_tolerance,0,53824,nan,nan,nan,nan,0.0011138916015625
Noisy,test__14848_1024_y0_x0,14848_1024,test,5,17.35355017452664,1.0,nan,False,no_textureless_window_satisfies_paper_tolerance,0,53824,nan,nan,nan,nan,0.011444091796875
Noisy,test__14848_11264_y0_x256,14848_11264,test,5,24.908277356204845,1.0,nan,False,no_textureless_window_satisfies_paper_tolerance,0,53824,nan,nan,nan,nan,0.0061187744140625
Noisy,test__14848_16384_y256_x0,14848_16384,test,5,31.33059790421355,1.0,nan,False,no_textureless_window_satisfies_paper_tolerance,0,53824,nan,nan,nan,nan,0.0018768310546875
Noisy,test__14848_21504_y256_x256,14848_21504,test,5,41.43325587329484,1.0,nan,False,no_textureless_window_satisfies_paper_tolerance,0,53824,nan,nan,nan,nan,0.011260986328125
Noisy,test__15360_15872_y0_x0,15360_15872,test,5,39.088591805946336,1.0,nan,False,no_textureless_window_satisfies_paper_tolerance,0,53824,nan,nan,nan,nan,0.0056304931640625
Noisy,test__1536_13824_y256_x0,1536_13824,test,5,18.87040177606884,1.0,nan,False,no_textureless_window_satisfies_paper_tolerance,0,53824,nan,nan,nan,nan,0.0077056884765625
Noisy,test__1536_23040_y256_x0,1536_23040,test,5,12.553609747824362,1.0,nan,False,no_textureless_window_satisfies_paper_tolerance,0,53824,nan,nan,nan,nan,0.02178955078125
Noisy,test__1536_23040_y256_x256,1536_23040,test,5,16.353139044663354,1.0,nan,False,no_textureless_window_satisfies_paper_tolerance,0,53824,nan,nan,nan,nan,0.0135650634765625
Noisy,test__15872_11776_y0_x0,15872_11776,test,5,29.998764708362426,1.0,nan,False,no_textureless_window_satisfies_paper_tolerance,0,53824,nan,nan,nan,nan,0.0118560791015625
Noisy,test__15872_18944_y256_x0,15872_18944,test,5,46.56429081146853,1.0,nan,False,no_textureless_window_satisfies_paper_tolerance,0,53824,nan,nan,nan,nan,0.0078887939453125
Noisy,test__2048_10240_y256_x0,2048_10240,test,5,19.440501958236165,1.0,nan,False,no_textureless_window_satisfies_paper_tolerance,0,53824,nan,nan,nan,nan,0.010528564453125
Noisy,test__2048_13312_y256_x256,2048_13312,test,5,16.835101247509954,1.0,nan,False,no_textureless_window_satisfies_paper_tolerance,0,53824,nan,nan,nan,nan,0.01165771484375
Noisy,test__2048_20992_y0_x256,2048_20992,test,5,13.822936730359213,1.0,nan,False,no_textureless_window_satisfies_paper_tolerance,0,53824,nan,nan,nan,nan,0.0196380615234375
Noisy,test__2048_6144_y0_x256,2048_6144,test,5,19.377607831182978,1.0,nan,False,no_textureless_window_satisfies_paper_tolerance,0,53824,nan,nan,nan,nan,0.0083770751953125
Noisy,test__2048_7680_y256_x256,2048_7680,test,5,15.74716512374905,1.0,nan,False,no_textureless_window_satisfies_paper_tolerance,0,53824,nan,nan,nan,nan,0.01214599609375
Noisy,test__2048_9216_y0_x0,2048_9216,test,5,20.63617322808985,1.0,nan,False,no_textureless_window_satisfies_paper_tolerance,0,53824,nan,nan,nan,nan,0.0104827880859375
Noisy,test__2048_9216_y0_x256,2048_9216,test,5,17.689082576830828,1.0,nan,False,no_textureless_window_satisfies_paper_tolerance,0,53824,nan,nan,nan,nan,0.01129150390625
Noisy,test__2048_9216_y256_x256,2048_9216,test,5,18.10335445815457,1.0,nan,False,no_textureless_window_satisfies_paper_tolerance,0,53824,nan,nan,nan,nan,0.0140838623046875
Noisy,test__2560_12288_y256_x0,2560_12288,test,5,16.24767306773741,1.0,nan,False,no_textureless_window_satisfies_paper_tolerance,0,53824,nan,nan,nan,nan,0.013214111328125
Noisy,test__3072_25088_y0_x0,3072_25088,test,5,49.8556711910331,1.0,nan,False,no_textureless_window_satisfies_paper_tolerance,0,53824,nan,nan,nan,nan,0.0016021728515625
Noisy,test__3072_2560_y0_x0,3072_2560,test,5,31.312152193635143,1.0,nan,False,no_textureless_window_satisfies_paper_tolerance,0,53824,nan,nan,nan,nan,0.0082855224609375
Noisy,test__3584_512_y0_x256,3584_512,test,5,25.523460378037832,1.0,nan,False,no_textureless_window_satisfies_paper_tolerance,0,53824,nan,nan,nan,nan,0.0081787109375
Noisy,test__4096_14336_y0_x256,4096_14336,test,5,17.114832742825378,1.0,nan,False,no_textureless_window_satisfies_paper_tolerance,0,53824,nan,nan,nan,nan,0.0107421875
Noisy,test__4096_14848_y0_x0,4096_14848,test,5,15.818920114526174,1.0,nan,False,no_textureless_window_satisfies_paper_tolerance,0,53824,nan,nan,nan,nan,0.016387939453125
Noisy,test__4096_23040_y256_x256,4096_23040,test,5,38.4091414430967,1.0,nan,False,no_textureless_window_satisfies_paper_tolerance,0,53824,nan,nan,nan,nan,0.0002899169921875
Noisy,test__512_12800_y256_x256,512_12800,test,5,15.753649674358343,1.0,nan,False,no_textureless_window_satisfies_paper_tolerance,0,53824,nan,nan,nan,nan,0.01458740234375
Noisy,test__6656_16384_y0_x0,6656_16384,test,5,25.809512080072107,1.0,nan,False,no_textureless_window_satisfies_paper_tolerance,0,53824,nan,nan,nan,nan,0.013397216796875
Noisy,test__6656_16384_y256_x0,6656_16384,test,5,22.039793363217335,1.0,nan,False,no_textureless_window_satisfies_paper_tolerance,0,53824,nan,nan,nan,nan,0.017730712890625
Noisy,test__7168_13312_y0_x256,7168_13312,test,5,25.45945969370269,1.0,nan,False,no_textureless_window_satisfies_paper_tolerance,0,53824,nan,nan,nan,nan,0.0067138671875
Noisy,test__7168_19456_y0_x0,7168_19456,test,5,29.852680196238502,1.0,nan,False,no_textureless_window_satisfies_paper_tolerance,0,53824,nan,nan,nan,nan,0.001953125
Noisy,test__7168_19456_y256_x256,7168_19456,test,5,32.600948568841474,1.0,nan,False,no_textureless_window_satisfies_paper_tolerance,0,53824,nan,nan,nan,nan,0.0399627685546875
Noisy,test__7168_8192_y0_x0,7168_8192,test,5,31.234587048776877,1.0,nan,False,no_textureless_window_satisfies_paper_tolerance,0,53824,nan,nan,nan,nan,0.008148193359375
Noisy,test__7168_8192_y0_x256,7168_8192,test,5,23.98167284311183,1.0,nan,False,no_textureless_window_satisfies_paper_tolerance,0,53824,nan,nan,nan,nan,0.022674560546875
Noisy,test__7680_13824_y256_x0,7680_13824,test,5,26.507320334064985,1.0,nan,False,no_textureless_window_satisfies_paper_tolerance,0,53824,nan,nan,nan,nan,0.0070037841796875
Noisy,test__8192_16384_y0_x0,8192_16384,test,5,29.746560030900277,1.0,nan,False,no_textureless_window_satisfies_paper_tolerance,0,53824,nan,nan,nan,nan,0.012725830078125
Noisy,test__8192_4096_y256_x256,8192_4096,test,5,23.731514781463453,1.0,nan,False,no_textureless_window_satisfies_paper_tolerance,0,53824,nan,nan,nan,nan,0.0161285400390625
Noisy,test__8704_12288_y0_x256,8704_12288,test,5,22.60566665010578,1.0,nan,False,no_textureless_window_satisfies_paper_tolerance,0,53824,nan,nan,nan,nan,0.019439697265625
Noisy,test__8704_12288_y256_x256,8704_12288,test,5,29.552757999052023,1.0,nan,False,no_textureless_window_satisfies_paper_tolerance,0,53824,nan,nan,nan,nan,0.005859375
Noisy,test__8704_13824_y256_x256,8704_13824,test,5,22.953793917295446,1.0,nan,False,no_textureless_window_satisfies_paper_tolerance,0,53824,nan,nan,nan,nan,0.0157928466796875
Noisy,test__9216_10240_y256_x0,9216_10240,test,5,24.67561553364488,1.0,nan,False,no_textureless_window_satisfies_paper_tolerance,0,53824,nan,nan,nan,nan,0.0185699462890625
Noisy,test__9216_16384_y256_x0,9216_16384,test,5,25.654578597845763,1.0,nan,False,no_textureless_window_satisfies_paper_tolerance,0,53824,nan,nan,nan,nan,0.008453369140625
Noisy,test__9216_18432_y0_x0,9216_18432,test,5,29.564245082284515,1.0,nan,False,no_textureless_window_satisfies_paper_tolerance,0,53824,nan,nan,nan,nan,0.0076141357421875
Noisy,test__9728_12800_y0_x0,9728_12800,test,5,26.946468568198195,1.0,nan,False,no_textureless_window_satisfies_paper_tolerance,0,53824,nan,nan,nan,nan,0.0110321044921875
Noisy,test__9728_14336_y0_x256,9728_14336,test,5,37.30397140287911,1.0,nan,False,no_textureless_window_satisfies_paper_tolerance,0,53824,nan,nan,nan,nan,0.0153045654296875
Noisy,test__9728_15360_y256_x0,9728_15360,test,5,32.8106401573151,1.0,nan,False,no_textureless_window_satisfies_paper_tolerance,0,53824,nan,nan,nan,nan,0.0359039306640625
Noisy,test__9728_18432_y256_x256,9728_18432,test,5,31.171267847269814,1.0,nan,False,no_textureless_window_satisfies_paper_tolerance,0,53824,nan,nan,nan,nan,0.0074615478515625
Noisy,test__9728_22528_y0_x0,9728_22528,test,5,44.490442350363296,1.0,nan,False,no_textureless_window_satisfies_paper_tolerance,0,53824,nan,nan,nan,nan,0.0011444091796875
Noisy,test__9728_4096_y0_x256,9728_4096,test,5,25.50936413141644,1.0,nan,False,no_textureless_window_satisfies_paper_tolerance,0,53824,nan,nan,nan,nan,0.0109405517578125
Noisy,test__9728_4096_y256_x256,9728_4096,test,5,31.468823072795914,1.0,nan,False,no_textureless_window_satisfies_paper_tolerance,0,53824,nan,nan,nan,nan,0.009033203125
Noisy,train__0_16384_y0_x0,0_16384,test,5,17.046435714616717,1.0,nan,False,no_textureless_window_satisfies_paper_tolerance,0,53824,nan,nan,nan,nan,0.0127105712890625
Noisy,train__0_16384_y0_x256,0_16384,test,5,15.513593351712199,1.0,nan,False,no_textureless_window_satisfies_paper_tolerance,0,53824,nan,nan,nan,nan,0.0134429931640625
Noisy,train__0_16384_y256_x0,0_16384,test,5,16.37212566587598,1.0,nan,False,no_textureless_window_satisfies_paper_tolerance,0,53824,nan,nan,nan,nan,0.0126495361328125
Noisy,train__0_16384_y256_x256,0_16384,test,5,17.251140419587525,1.0,nan,False,no_textureless_window_satisfies_paper_tolerance,0,53824,nan,nan,nan,nan,0.0131072998046875
Noisy,train__0_20992_y0_x0,0_20992,test,5,18.692403742692846,1.0,nan,False,no_textureless_window_satisfies_paper_tolerance,0,53824,nan,nan,nan,nan,0.0126800537109375
Noisy,train__0_20992_y0_x256,0_20992,test,5,17.007828659785993,1.0,nan,False,no_textureless_window_satisfies_paper_tolerance,0,53824,nan,nan,nan,nan,0.0166015625
Noisy,train__0_20992_y256_x0,0_20992,test,5,19.51524149646064,1.0,nan,False,no_textureless_window_satisfies_paper_tolerance,0,53824,nan,nan,nan,nan,0.00927734375
Noisy,train__0_20992_y256_x256,0_20992,test,5,18.63903947776543,1.0,nan,False,no_textureless_window_satisfies_paper_tolerance,0,53824,nan,nan,nan,nan,0.01080322265625
Noisy,train__10240_11264_y0_x0,10240_11264,test,5,26.89587511158539,1.0,nan,False,no_textureless_window_satisfies_paper_tolerance,0,53824,nan,nan,nan,nan,0.010009765625
Noisy,train__10240_11264_y0_x256,10240_11264,test,5,26.672194792584197,1.0,nan,False,no_textureless_window_satisfies_paper_tolerance,0,53824,nan,nan,nan,nan,0.0177459716796875
Noisy,train__10240_11264_y256_x0,10240_11264,test,5,21.746778051913203,1.0,nan,False,no_textureless_window_satisfies_paper_tolerance,0,53824,nan,nan,nan,nan,0.00933837890625
Noisy,train__10240_11264_y256_x256,10240_11264,test,5,21.907825936612475,1.0,nan,False,no_textureless_window_satisfies_paper_tolerance,0,53824,nan,nan,nan,nan,0.0069580078125
Noisy,train__10240_12800_y0_x0,10240_12800,test,5,28.33304888456605,1.0,nan,False,no_textureless_window_satisfies_paper_tolerance,0,53824,nan,nan,nan,nan,0.007843017578125
Noisy,train__10240_12800_y0_x256,10240_12800,test,5,30.389263575698003,1.0,nan,False,no_textureless_window_satisfies_paper_tolerance,0,53824,nan,nan,nan,nan,0.012908935546875
Noisy,train__10240_12800_y256_x0,10240_12800,test,5,25.8092758245131,1.0,nan,False,no_textureless_window_satisfies_paper_tolerance,0,53824,nan,nan,nan,nan,0.009857177734375
Noisy,train__10240_12800_y256_x256,10240_12800,test,5,26.193630892272758,1.0,nan,False,no_textureless_window_satisfies_paper_tolerance,0,53824,nan,nan,nan,nan,0.0094146728515625
Noisy,train__10240_15872_y0_x0,10240_15872,test,5,29.26384835027111,1.0,nan,False,no_textureless_window_satisfies_paper_tolerance,0,53824,nan,nan,nan,nan,0.0044403076171875
Noisy,train__10240_15872_y0_x256,10240_15872,test,5,21.997450442335662,1.0,nan,False,no_textureless_window_satisfies_paper_tolerance,0,53824,nan,nan,nan,nan,0.00933837890625
Noisy,train__10240_15872_y256_x0,10240_15872,test,5,27.80839874697104,1.0,nan,False,no_textureless_window_satisfies_paper_tolerance,0,53824,nan,nan,nan,nan,0.0025482177734375
Noisy,train__10240_15872_y256_x256,10240_15872,test,5,29.853559214102482,1.0,nan,False,no_textureless_window_satisfies_paper_tolerance,0,53824,nan,nan,nan,nan,0.0289154052734375
Noisy,train__10240_17920_y0_x0,10240_17920,test,5,19.90100554671392,1.0,nan,False,no_textureless_window_satisfies_paper_tolerance,0,53824,nan,nan,nan,nan,0.00836181640625
Noisy,train__10240_17920_y256_x256,10240_17920,test,5,20.578691707030252,1.0,nan,False,no_textureless_window_satisfies_paper_tolerance,0,53824,nan,nan,nan,nan,0.0074920654296875
Noisy,train__10240_5632_y0_x0,10240_5632,test,5,33.052007953322914,1.0,nan,False,no_textureless_window_satisfies_paper_tolerance,0,53824,nan,nan,nan,nan,0.001434326171875
Noisy,train__10240_5632_y0_x256,10240_5632,test,5,28.812431430739064,1.0,nan,False,no_textureless_window_satisfies_paper_tolerance,0,53824,nan,nan,nan,nan,0.0316009521484375
Noisy,train__10240_5632_y256_x0,10240_5632,test,5,31.59675199734869,1.0,nan,False,no_textureless_window_satisfies_paper_tolerance,0,53824,nan,nan,nan,nan,0.0015106201171875
Noisy,train__10240_5632_y256_x256,10240_5632,test,5,31.509660995256308,1.0,nan,False,no_textureless_window_satisfies_paper_tolerance,0,53824,nan,nan,nan,nan,0.0077972412109375
Noisy,train__10240_8192_y0_x0,10240_8192,test,5,25.196727622365454,1.0,nan,False,no_textureless_window_satisfies_paper_tolerance,0,53824,nan,nan,nan,nan,0.010955810546875
Noisy,train__10240_9728_y0_x0,10240_9728,test,5,26.64008160721256,1.0,nan,False,no_textureless_window_satisfies_paper_tolerance,0,53824,nan,nan,nan,nan,0.0100555419921875
Noisy,train__10240_9728_y0_x256,10240_9728,test,5,25.15549896375483,1.0,nan,False,no_textureless_window_satisfies_paper_tolerance,0,53824,nan,nan,nan,nan,0.0133819580078125
Noisy,train__10240_9728_y256_x0,10240_9728,test,5,29.115392394699132,1.0,nan,False,no_textureless_window_satisfies_paper_tolerance,0,53824,nan,nan,nan,nan,0.0060272216796875
Noisy,train__10240_9728_y256_x256,10240_9728,test,5,20.346391043933853,1.0,nan,False,no_textureless_window_satisfies_paper_tolerance,0,53824,nan,nan,nan,nan,0.015167236328125
Noisy,train__1024_17920_y0_x256,1024_17920,test,5,16.2757204429842,1.0,nan,False,no_textureless_window_satisfies_paper_tolerance,0,53824,nan,nan,nan,nan,0.0124053955078125
Noisy,train__1024_17920_y256_x256,1024_17920,test,5,15.88810777602271,1.0,nan,False,no_textureless_window_satisfies_paper_tolerance,0,53824,nan,nan,nan,nan,0.0123138427734375
Noisy,train__1024_2560_y0_x0,1024_2560,test,5,27.871579463974182,1.0,nan,False,no_textureless_window_satisfies_paper_tolerance,0,53824,nan,nan,nan,nan,0.0025177001953125
Noisy,train__1024_2560_y256_x0,1024_2560,test,5,23.682883051739672,1.0,nan,False,no_textureless_window_satisfies_paper_tolerance,0,53824,nan,nan,nan,nan,0.0013275146484375
Noisy,train__1024_2560_y256_x256,1024_2560,test,5,23.10819195625786,1.0,nan,False,no_textureless_window_satisfies_paper_tolerance,0,53824,nan,nan,nan,nan,0.01470947265625
Noisy,train__1024_512_y0_x0,1024_512,test,5,23.30398381057222,1.0,nan,False,no_textureless_window_satisfies_paper_tolerance,0,53824,nan,nan,nan,nan,0.0231170654296875
Noisy,train__1024_512_y256_x0,1024_512,test,5,25.28837762587395,1.0,nan,False,no_textureless_window_satisfies_paper_tolerance,0,53824,nan,nan,nan,nan,0.005096435546875
Noisy,train__1024_512_y256_x256,1024_512,test,5,26.373003310885746,1.0,nan,False,no_textureless_window_satisfies_paper_tolerance,0,53824,nan,nan,nan,nan,0.007293701171875
Noisy,train__1024_8192_y0_x256,1024_8192,test,5,19.279387862981114,1.0,nan,False,no_textureless_window_satisfies_paper_tolerance,0,53824,nan,nan,nan,nan,0.0082244873046875
Noisy,train__1024_8192_y256_x0,1024_8192,test,5,17.234079856823755,1.0,nan,False,no_textureless_window_satisfies_paper_tolerance,0,53824,nan,nan,nan,nan,0.013031005859375
Noisy,train__10752_1024_y0_x0,10752_1024,test,5,21.273399179206514,1.0,nan,False,no_textureless_window_satisfies_paper_tolerance,0,53824,nan,nan,nan,nan,0.02044677734375
Noisy,train__10752_1024_y0_x256,10752_1024,test,5,22.099782109472365,1.0,nan,False,no_textureless_window_satisfies_paper_tolerance,0,53824,nan,nan,nan,nan,0.012939453125
Noisy,train__10752_1024_y256_x0,10752_1024,test,5,28.12089158531497,1.0,nan,False,no_textureless_window_satisfies_paper_tolerance,0,53824,nan,nan,nan,nan,0.0044097900390625
Noisy,train__10752_16896_y0_x0,10752_16896,test,5,46.081638101388535,1.0,nan,False,no_textureless_window_satisfies_paper_tolerance,0,53824,nan,nan,nan,nan,0.0003814697265625
Noisy,train__10752_16896_y0_x256,10752_16896,test,5,42.03474410074483,1.0,nan,False,no_textureless_window_satisfies_paper_tolerance,0,53824,nan,nan,nan,nan,0.0001373291015625
Noisy,train__10752_16896_y256_x0,10752_16896,test,5,43.470273445123084,1.0,nan,False,no_textureless_window_satisfies_paper_tolerance,0,53824,nan,nan,nan,nan,0.0517578125
Noisy,train__10752_16896_y256_x256,10752_16896,test,5,41.294933057595564,1.0,nan,False,no_textureless_window_satisfies_paper_tolerance,0,53824,nan,nan,nan,nan,0.00018310546875
Noisy,train__10752_17920_y0_x256,10752_17920,test,5,29.838118129446237,1.0,nan,False,no_textureless_window_satisfies_paper_tolerance,0,53824,nan,nan,nan,nan,0.000762939453125
Noisy,train__10752_17920_y256_x0,10752_17920,test,5,30.520617225563065,1.0,nan,False,no_textureless_window_satisfies_paper_tolerance,0,53824,nan,nan,nan,nan,0.0392608642578125
Noisy,train__10752_17920_y256_x256,10752_17920,test,5,28.47969758834746,1.0,nan,False,no_textureless_window_satisfies_paper_tolerance,0,53824,nan,nan,nan,nan,0.0010833740234375
Noisy,train__10752_25088_y0_x256,10752_25088,test,5,25.65126869665342,1.0,nan,False,no_textureless_window_satisfies_paper_tolerance,0,53824,nan,nan,nan,nan,0.0124969482421875
Noisy,train__10752_25088_y256_x0,10752_25088,test,5,25.015771033393374,1.0,nan,False,no_textureless_window_satisfies_paper_tolerance,0,53824,nan,nan,nan,nan,0.0107421875
Noisy,train__10752_25088_y256_x256,10752_25088,test,5,28.765004927211315,1.0,nan,False,no_textureless_window_satisfies_paper_tolerance,0,53824,nan,nan,nan,nan,0.0049285888671875
Noisy,train__10752_5632_y0_x0,10752_5632,test,5,23.232343476408907,1.0,nan,False,no_textureless_window_satisfies_paper_tolerance,0,53824,nan,nan,nan,nan,0.013397216796875
Noisy,train__10752_5632_y0_x256,10752_5632,test,5,21.557434573636918,1.0,nan,False,no_textureless_window_satisfies_paper_tolerance,0,53824,nan,nan,nan,nan,0.009246826171875
Noisy,train__10752_5632_y256_x256,10752_5632,test,5,25.38135666254121,1.0,nan,False,no_textureless_window_satisfies_paper_tolerance,0,53824,nan,nan,nan,nan,0.0067291259765625
Noisy,train__10752_7168_y0_x0,10752_7168,test,5,35.87492941428668,1.0,nan,False,no_textureless_window_satisfies_paper_tolerance,0,53824,nan,nan,nan,nan,0.006134033203125
Noisy,train__10752_7168_y0_x256,10752_7168,test,5,24.626538867844882,1.0,nan,False,no_textureless_window_satisfies_paper_tolerance,0,53824,nan,nan,nan,nan,0.009033203125
Noisy,train__10752_7168_y256_x0,10752_7168,test,5,16.98612198170887,1.0,nan,False,no_textureless_window_satisfies_paper_tolerance,0,53824,nan,nan,nan,nan,0.0116119384765625
Noisy,train__10752_7168_y256_x256,10752_7168,test,5,14.569380162916639,1.0,nan,False,no_textureless_window_satisfies_paper_tolerance,0,53824,nan,nan,nan,nan,0.0152130126953125
Noisy,train__10752_8192_y0_x0,10752_8192,test,5,39.68522974714547,1.0,nan,False,no_textureless_window_satisfies_paper_tolerance,0,53824,nan,nan,nan,nan,0.011138916015625
Noisy,train__10752_8192_y0_x256,10752_8192,test,5,50.1660418160631,1.0,nan,False,no_textureless_window_satisfies_paper_tolerance,0,53824,nan,nan,nan,nan,0.0078582763671875
Noisy,train__10752_8192_y256_x0,10752_8192,test,5,51.710727989040535,1.0,nan,False,no_textureless_window_satisfies_paper_tolerance,0,53824,nan,nan,nan,nan,0.0245208740234375
Noisy,train__11264_11264_y0_x0,11264_11264,test,5,31.71574489734574,1.0,nan,False,no_textureless_window_satisfies_paper_tolerance,0,53824,nan,nan,nan,nan,0.00396728515625
Noisy,train__11264_11264_y256_x0,11264_11264,test,5,26.012327567940197,1.0,nan,False,no_textureless_window_satisfies_paper_tolerance,0,53824,nan,nan,nan,nan,0.0102081298828125
Noisy,train__11264_1536_y0_x256,11264_1536,test,5,20.623810273729294,1.0,nan,False,no_textureless_window_satisfies_paper_tolerance,0,53824,nan,nan,nan,nan,0.015289306640625
Noisy,train__11264_1536_y256_x0,11264_1536,test,5,21.737874916348222,1.0,nan,False,no_textureless_window_satisfies_paper_tolerance,0,53824,nan,nan,nan,nan,0.006591796875
Noisy,train__11264_1536_y256_x256,11264_1536,test,5,19.336611769216553,1.0,nan,False,no_textureless_window_satisfies_paper_tolerance,0,53824,nan,nan,nan,nan,0.012054443359375
Noisy,train__11264_16384_y0_x0,11264_16384,test,5,42.61778495931998,1.0,nan,False,no_textureless_window_satisfies_paper_tolerance,0,53824,nan,nan,nan,nan,0.0006866455078125
Noisy,train__11264_16384_y0_x256,11264_16384,test,5,39.59518711926817,1.0,nan,False,no_textureless_window_satisfies_paper_tolerance,0,53824,nan,nan,nan,nan,4.57763671875e-05
Noisy,train__11264_16384_y256_x0,11264_16384,test,5,42.382495627215214,1.0,nan,False,no_textureless_window_satisfies_paper_tolerance,0,53824,nan,nan,nan,nan,0.0433349609375
Noisy,train__11264_16384_y256_x256,11264_16384,test,5,41.4577369538727,1.0,nan,False,no_textureless_window_satisfies_paper_tolerance,0,53824,nan,nan,nan,nan,0.0105438232421875
Noisy,train__11264_23552_y0_x0,11264_23552,test,5,26.527465446728808,1.0,nan,False,no_textureless_window_satisfies_paper_tolerance,0,53824,nan,nan,nan,nan,0.0079498291015625
Noisy,train__11264_23552_y0_x256,11264_23552,test,5,25.473787472100828,1.0,nan,False,no_textureless_window_satisfies_paper_tolerance,0,53824,nan,nan,nan,nan,0.0136871337890625
Noisy,train__11264_23552_y256_x0,11264_23552,test,5,25.395955478042783,1.0,nan,False,no_textureless_window_satisfies_paper_tolerance,0,53824,nan,nan,nan,nan,0.01220703125
Noisy,train__11264_23552_y256_x256,11264_23552,test,5,24.141277429337062,1.0,nan,False,no_textureless_window_satisfies_paper_tolerance,0,53824,nan,nan,nan,nan,0.0128173828125
Noisy,train__11264_2560_y0_x0,11264_2560,test,5,20.34573792737384,1.0,nan,False,no_textureless_window_satisfies_paper_tolerance,0,53824,nan,nan,nan,nan,0.016357421875
Noisy,train__11264_2560_y0_x256,11264_2560,test,5,20.73339243563799,1.0,nan,False,no_textureless_window_satisfies_paper_tolerance,0,53824,nan,nan,nan,nan,0.0078125
Noisy,train__11264_2560_y256_x0,11264_2560,test,5,24.248201052779823,1.0,nan,False,no_textureless_window_satisfies_paper_tolerance,0,53824,nan,nan,nan,nan,0.0084381103515625
Noisy,train__11264_2560_y256_x256,11264_2560,test,5,24.014062007570317,1.0,nan,False,no_textureless_window_satisfies_paper_tolerance,0,53824,nan,nan,nan,nan,0.0083770751953125
Noisy,train__11264_5120_y0_x0,11264_5120,test,5,22.018859178518063,1.0,nan,False,no_textureless_window_satisfies_paper_tolerance,0,53824,nan,nan,nan,nan,0.0145263671875
Noisy,train__11264_5120_y256_x256,11264_5120,test,5,13.224476680198142,1.0,nan,False,no_textureless_window_satisfies_paper_tolerance,0,53824,nan,nan,nan,nan,0.0172271728515625
Noisy,train__11776_1536_y256_x0,11776_1536,test,5,25.578494391706936,1.0,nan,False,no_textureless_window_satisfies_paper_tolerance,0,53824,nan,nan,nan,nan,0.0081787109375
Noisy,train__11776_1536_y256_x256,11776_1536,test,5,19.68213081595933,1.0,nan,False,no_textureless_window_satisfies_paper_tolerance,0,53824,nan,nan,nan,nan,0.012542724609375
Noisy,train__11776_5120_y0_x0,11776_5120,test,5,15.65694664515705,1.0,nan,False,no_textureless_window_satisfies_paper_tolerance,0,53824,nan,nan,nan,nan,0.0147247314453125
Noisy,train__11776_5120_y0_x256,11776_5120,test,5,18.16137808122064,1.0,nan,False,no_textureless_window_satisfies_paper_tolerance,0,53824,nan,nan,nan,nan,0.0272216796875
Noisy,train__11776_5120_y256_x256,11776_5120,test,5,42.76573204527904,1.0,nan,False,no_textureless_window_satisfies_paper_tolerance,0,53824,nan,nan,nan,nan,0.0005950927734375
Noisy,train__11776_6144_y0_x0,11776_6144,test,5,33.868181956450414,1.0,nan,False,no_textureless_window_satisfies_paper_tolerance,0,53824,nan,nan,nan,nan,0.007354736328125
Noisy,train__11776_6144_y0_x256,11776_6144,test,5,23.440027217115322,1.0,nan,False,no_textureless_window_satisfies_paper_tolerance,0,53824,nan,nan,nan,nan,0.0139923095703125
Noisy,train__11776_6144_y256_x256,11776_6144,test,5,33.091303147571125,1.0,nan,False,no_textureless_window_satisfies_paper_tolerance,0,53824,nan,nan,nan,nan,0.0190277099609375
Noisy,train__11776_9728_y0_x256,11776_9728,test,5,22.063567339986207,1.0,nan,False,no_textureless_window_satisfies_paper_tolerance,0,53824,nan,nan,nan,nan,0.0300445556640625
Noisy,train__11776_9728_y256_x0,11776_9728,test,5,30.810493652469763,1.0,nan,False,no_textureless_window_satisfies_paper_tolerance,0,53824,nan,nan,nan,nan,0.0050506591796875
Noisy,train__11776_9728_y256_x256,11776_9728,test,5,28.355277819924503,1.0,nan,False,no_textureless_window_satisfies_paper_tolerance,0,53824,nan,nan,nan,nan,0.00592041015625
Noisy,train__12288_19456_y0_x256,12288_19456,test,5,40.63377667568567,1.0,nan,False,no_textureless_window_satisfies_paper_tolerance,0,53824,nan,nan,nan,nan,0.0088043212890625
Noisy,train__12288_19456_y256_x0,12288_19456,test,5,37.93526710869931,1.0,nan,False,no_textureless_window_satisfies_paper_tolerance,0,53824,nan,nan,nan,nan,0.0107574462890625
Noisy,train__12288_19456_y256_x256,12288_19456,test,5,34.95364747701517,1.0,nan,False,no_textureless_window_satisfies_paper_tolerance,0,53824,nan,nan,nan,nan,0.0077362060546875
Noisy,train__12288_21504_y0_x256,12288_21504,test,5,18.92218674373219,1.0,nan,False,no_textureless_window_satisfies_paper_tolerance,0,53824,nan,nan,nan,nan,0.013641357421875
Noisy,train__12288_21504_y256_x0,12288_21504,test,5,21.4828040350506,1.0,nan,False,no_textureless_window_satisfies_paper_tolerance,0,53824,nan,nan,nan,nan,0.00836181640625
Noisy,train__12288_21504_y256_x256,12288_21504,test,5,20.042732632186198,1.0,nan,False,no_textureless_window_satisfies_paper_tolerance,0,53824,nan,nan,nan,nan,0.00750732421875
Noisy,train__12288_2560_y0_x0,12288_2560,test,5,22.995756623428097,1.0,nan,False,no_textureless_window_satisfies_paper_tolerance,0,53824,nan,nan,nan,nan,0.006072998046875
Noisy,train__12288_2560_y256_x0,12288_2560,test,5,28.51736179559835,1.0,nan,False,no_textureless_window_satisfies_paper_tolerance,0,53824,nan,nan,nan,nan,0.0159149169921875
Noisy,train__12288_2560_y256_x256,12288_2560,test,5,27.85892085118216,1.0,nan,False,no_textureless_window_satisfies_paper_tolerance,0,53824,nan,nan,nan,nan,0.009368896484375
Noisy,train__12288_3072_y0_x0,12288_3072,test,5,29.410508679825178,1.0,nan,False,no_textureless_window_satisfies_paper_tolerance,0,53824,nan,nan,nan,nan,0.0053253173828125
Noisy,train__12288_3072_y0_x256,12288_3072,test,5,24.838608891882036,1.0,nan,False,no_textureless_window_satisfies_paper_tolerance,0,53824,nan,nan,nan,nan,0.016510009765625
Noisy,train__12288_3072_y256_x0,12288_3072,test,5,20.533936624801783,1.0,nan,False,no_textureless_window_satisfies_paper_tolerance,0,53824,nan,nan,nan,nan,0.010650634765625
Noisy,train__12288_3072_y256_x256,12288_3072,test,5,28.623031171551133,1.0,nan,False,no_textureless_window_satisfies_paper_tolerance,0,53824,nan,nan,nan,nan,0.0087432861328125
Noisy,train__12288_5632_y0_x0,12288_5632,test,5,25.053610285265307,1.0,nan,False,no_textureless_window_satisfies_paper_tolerance,0,53824,nan,nan,nan,nan,0.0118255615234375
Noisy,train__12288_5632_y0_x256,12288_5632,test,5,28.212881316556963,1.0,nan,False,no_textureless_window_satisfies_paper_tolerance,0,53824,nan,nan,nan,nan,0.0116119384765625
Noisy,train__12288_6144_y0_x0,12288_6144,test,5,30.8115158255614,1.0,nan,False,no_textureless_window_satisfies_paper_tolerance,0,53824,nan,nan,nan,nan,0.0033416748046875
Noisy,train__12288_6144_y0_x256,12288_6144,test,5,31.024313711420838,1.0,nan,False,no_textureless_window_satisfies_paper_tolerance,0,53824,nan,nan,nan,nan,0.0247344970703125
Noisy,train__12288_6144_y256_x0,12288_6144,test,5,27.320325780180603,1.0,nan,False,no_textureless_window_satisfies_paper_tolerance,0,53824,nan,nan,nan,nan,0.005645751953125
Noisy,train__12288_6144_y256_x256,12288_6144,test,5,28.530437951688004,1.0,nan,False,no_textureless_window_satisfies_paper_tolerance,0,53824,nan,nan,nan,nan,0.0072479248046875
Noisy,train__12800_13824_y0_x0,12800_13824,test,5,24.455683437785304,1.0,nan,False,no_textureless_window_satisfies_paper_tolerance,0,53824,nan,nan,nan,nan,0.00848388671875
Noisy,train__12800_13824_y0_x256,12800_13824,test,5,27.488509001754956,1.0,nan,False,no_textureless_window_satisfies_paper_tolerance,0,53824,nan,nan,nan,nan,0.00567626953125
Noisy,train__12800_13824_y256_x0,12800_13824,test,5,27.6378494789287,1.0,nan,False,no_textureless_window_satisfies_paper_tolerance,0,53824,nan,nan,nan,nan,0.0036163330078125
Noisy,train__13312_10752_y0_x0,13312_10752,test,5,27.57053277484824,1.0,nan,False,no_textureless_window_satisfies_paper_tolerance,0,53824,nan,nan,nan,nan,0.0079193115234375
Noisy,train__13312_10752_y256_x0,13312_10752,test,5,23.189399353585934,1.0,nan,False,no_textureless_window_satisfies_paper_tolerance,0,53824,nan,nan,nan,nan,0.0093994140625
Noisy,train__13312_10752_y256_x256,13312_10752,test,5,25.714455312363064,1.0,nan,False,no_textureless_window_satisfies_paper_tolerance,0,53824,nan,nan,nan,nan,0.0097808837890625
Noisy,train__13312_17408_y0_x0,13312_17408,test,5,39.32376028723794,1.0,nan,False,no_textureless_window_satisfies_paper_tolerance,0,53824,nan,nan,nan,nan,0.0035247802734375
Noisy,train__13312_17408_y256_x0,13312_17408,test,5,43.45747188096276,1.0,nan,False,no_textureless_window_satisfies_paper_tolerance,0,53824,nan,nan,nan,nan,0.022308349609375
Noisy,train__13312_17408_y256_x256,13312_17408,test,5,38.88676064700667,1.0,nan,False,no_textureless_window_satisfies_paper_tolerance,0,53824,nan,nan,nan,nan,0.0146026611328125
Noisy,train__13312_512_y0_x0,13312_512,test,5,64.67726931516815,1.0,nan,False,no_textureless_window_satisfies_paper_tolerance,0,53824,nan,nan,nan,nan,0.1484375
Noisy,train__13312_512_y256_x0,13312_512,test,5,62.5861293653081,1.0,nan,False,no_textureless_window_satisfies_paper_tolerance,0,53824,nan,nan,nan,nan,0.1484375
Noisy,train__13312_512_y256_x256,13312_512,test,5,67.47236258790174,1.0,nan,False,no_textureless_window_satisfies_paper_tolerance,0,53824,nan,nan,nan,nan,0.0
Noisy,train__13312_6144_y256_x0,13312_6144,test,5,25.6482656218518,1.0,nan,False,no_textureless_window_satisfies_paper_tolerance,0,53824,nan,nan,nan,nan,0.005859375
Noisy,train__13312_6144_y256_x256,13312_6144,test,5,24.9856734328964,1.0,nan,False,no_textureless_window_satisfies_paper_tolerance,0,53824,nan,nan,nan,nan,0.0121307373046875
Noisy,train__13312_7680_y0_x0,13312_7680,test,5,25.710815862463893,1.0,nan,False,no_textureless_window_satisfies_paper_tolerance,0,53824,nan,nan,nan,nan,0.0101318359375
Noisy,train__13312_7680_y0_x256,13312_7680,test,5,21.893025731697335,1.0,nan,False,no_textureless_window_satisfies_paper_tolerance,0,53824,nan,nan,nan,nan,0.006195068359375
Noisy,train__13312_7680_y256_x0,13312_7680,test,5,24.157229091152576,1.0,nan,False,no_textureless_window_satisfies_paper_tolerance,0,53824,nan,nan,nan,nan,0.0136260986328125
Noisy,train__13312_7680_y256_x256,13312_7680,test,5,42.26543095856556,1.0,nan,False,no_textureless_window_satisfies_paper_tolerance,0,53824,nan,nan,nan,nan,0.012603759765625
Noisy,train__13824_1024_y0_x0,13824_1024,test,5,27.86102740427657,1.0,nan,False,no_textureless_window_satisfies_paper_tolerance,0,53824,nan,nan,nan,nan,0.0028533935546875
Noisy,train__13824_1024_y0_x256,13824_1024,test,5,19.667264806626783,1.0,nan,False,no_textureless_window_satisfies_paper_tolerance,0,53824,nan,nan,nan,nan,0.003387451171875
Noisy,train__13824_1024_y256_x0,13824_1024,test,5,16.286551756498564,1.0,nan,False,no_textureless_window_satisfies_paper_tolerance,0,53824,nan,nan,nan,nan,0.02252197265625
Noisy,train__13824_1024_y256_x256,13824_1024,test,5,14.415703604543268,1.0,nan,False,no_textureless_window_satisfies_paper_tolerance,0,53824,nan,nan,nan,nan,0.0179901123046875
Noisy,train__13824_13312_y0_x0,13824_13312,test,5,35.7028071375708,1.0,nan,False,no_textureless_window_satisfies_paper_tolerance,0,53824,nan,nan,nan,nan,0.0252227783203125
Noisy,train__13824_13312_y0_x256,13824_13312,test,5,36.50767521177578,1.0,nan,False,no_textureless_window_satisfies_paper_tolerance,0,53824,nan,nan,nan,nan,0.0026397705078125
Noisy,train__13824_13312_y256_x0,13824_13312,test,5,36.92680304122401,1.0,nan,False,no_textureless_window_satisfies_paper_tolerance,0,53824,nan,nan,nan,nan,0.014923095703125
Noisy,train__13824_13312_y256_x256,13824_13312,test,5,37.40068429593871,1.0,nan,False,no_textureless_window_satisfies_paper_tolerance,0,53824,nan,nan,nan,nan,0.0012054443359375
Noisy,train__13824_14336_y0_x0,13824_14336,test,5,22.361238226200726,1.0,nan,False,no_textureless_window_satisfies_paper_tolerance,0,53824,nan,nan,nan,nan,0.007415771484375
Noisy,train__13824_14336_y0_x256,13824_14336,test,5,22.984927883477056,1.0,nan,False,no_textureless_window_satisfies_paper_tolerance,0,53824,nan,nan,nan,nan,0.0046844482421875
Noisy,train__13824_14336_y256_x0,13824_14336,test,5,20.918804803296897,1.0,nan,False,no_textureless_window_satisfies_paper_tolerance,0,53824,nan,nan,nan,nan,0.01812744140625
Noisy,train__13824_14336_y256_x256,13824_14336,test,5,19.446484322923375,1.0,nan,False,no_textureless_window_satisfies_paper_tolerance,0,53824,nan,nan,nan,nan,0.011383056640625
Noisy,train__13824_1536_y0_x0,13824_1536,test,5,16.217970692693527,1.0,nan,False,no_textureless_window_satisfies_paper_tolerance,0,53824,nan,nan,nan,nan,0.009674072265625
Noisy,train__13824_1536_y0_x256,13824_1536,test,5,17.450773173558517,1.0,nan,False,no_textureless_window_satisfies_paper_tolerance,0,53824,nan,nan,nan,nan,0.0103607177734375
Noisy,train__13824_1536_y256_x0,13824_1536,test,5,17.376424555036746,1.0,nan,False,no_textureless_window_satisfies_paper_tolerance,0,53824,nan,nan,nan,nan,0.0094451904296875
Noisy,train__13824_1536_y256_x256,13824_1536,test,5,15.592517355421027,1.0,nan,False,no_textureless_window_satisfies_paper_tolerance,0,53824,nan,nan,nan,nan,0.0118408203125
Noisy,train__13824_17920_y0_x0,13824_17920,test,5,29.22130687558421,1.0,nan,False,no_textureless_window_satisfies_paper_tolerance,0,53824,nan,nan,nan,nan,0.008056640625
Noisy,train__13824_17920_y0_x256,13824_17920,test,5,25.64102930381309,1.0,nan,False,no_textureless_window_satisfies_paper_tolerance,0,53824,nan,nan,nan,nan,0.018157958984375
Noisy,train__13824_17920_y256_x0,13824_17920,test,5,26.44040240127743,1.0,nan,False,no_textureless_window_satisfies_paper_tolerance,0,53824,nan,nan,nan,nan,0.01123046875
Noisy,train__13824_22016_y0_x0,13824_22016,test,5,26.350485433399008,1.0,nan,False,no_textureless_window_satisfies_paper_tolerance,0,53824,nan,nan,nan,nan,0.0093841552734375
Noisy,train__13824_22016_y0_x256,13824_22016,test,5,24.006198762659015,1.0,nan,False,no_textureless_window_satisfies_paper_tolerance,0,53824,nan,nan,nan,nan,0.0196990966796875
Noisy,train__13824_22016_y256_x0,13824_22016,test,5,27.675681048100166,1.0,nan,False,no_textureless_window_satisfies_paper_tolerance,0,53824,nan,nan,nan,nan,0.003082275390625
Noisy,train__13824_22016_y256_x256,13824_22016,test,5,26.397904837183045,1.0,nan,False,no_textureless_window_satisfies_paper_tolerance,0,53824,nan,nan,nan,nan,0.0106964111328125
Noisy,train__13824_23552_y0_x256,13824_23552,test,5,38.731013661551934,1.0,nan,False,no_textureless_window_satisfies_paper_tolerance,0,53824,nan,nan,nan,nan,0.00115966796875
Noisy,train__13824_23552_y256_x0,13824_23552,test,5,38.095329825607585,1.0,nan,False,no_textureless_window_satisfies_paper_tolerance,0,53824,nan,nan,nan,nan,0.000946044921875
Noisy,train__13824_23552_y256_x256,13824_23552,test,5,37.816259028237305,1.0,nan,False,no_textureless_window_satisfies_paper_tolerance,0,53824,nan,nan,nan,nan,0.040283203125
Noisy,train__13824_4096_y0_x0,13824_4096,test,5,23.76428588704708,1.0,nan,False,no_textureless_window_satisfies_paper_tolerance,0,53824,nan,nan,nan,nan,0.0123748779296875
Noisy,train__13824_4096_y0_x256,13824_4096,test,5,24.793039954907947,1.0,nan,False,no_textureless_window_satisfies_paper_tolerance,0,53824,nan,nan,nan,nan,0.0090484619140625
Noisy,train__13824_4096_y256_x0,13824_4096,test,5,25.497870388514258,1.0,nan,False,no_textureless_window_satisfies_paper_tolerance,0,53824,nan,nan,nan,nan,0.0124359130859375
Noisy,train__13824_4096_y256_x256,13824_4096,test,5,23.93054516941327,1.0,nan,False,no_textureless_window_satisfies_paper_tolerance,0,53824,nan,nan,nan,nan,0.00616455078125
Noisy,train__14336_15360_y0_x0,14336_15360,test,5,40.155779480360025,1.0,nan,False,no_textureless_window_satisfies_paper_tolerance,0,53824,nan,nan,nan,nan,0.0339508056640625
Noisy,train__14336_15360_y0_x256,14336_15360,test,5,36.012433895294485,1.0,nan,False,no_textureless_window_satisfies_paper_tolerance,0,53824,nan,nan,nan,nan,0.0025787353515625
Noisy,train__14336_15360_y256_x0,14336_15360,test,5,41.48672175967772,1.0,nan,False,no_textureless_window_satisfies_paper_tolerance,0,53824,nan,nan,nan,nan,0.0048675537109375
Noisy,train__14336_15360_y256_x256,14336_15360,test,5,37.53430858818108,1.0,nan,False,no_textureless_window_satisfies_paper_tolerance,0,53824,nan,nan,nan,nan,0.004302978515625
Noisy,train__14336_17408_y0_x0,14336_17408,test,5,38.48324008938348,1.0,nan,False,no_textureless_window_satisfies_paper_tolerance,0,53824,nan,nan,nan,nan,0.01641845703125
Noisy,train__14336_17408_y0_x256,14336_17408,test,5,35.00422647014991,1.0,nan,False,no_textureless_window_satisfies_paper_tolerance,0,53824,nan,nan,nan,nan,0.0196380615234375
Noisy,train__14336_17408_y256_x256,14336_17408,test,5,38.33257173800591,1.0,nan,False,no_textureless_window_satisfies_paper_tolerance,0,53824,nan,nan,nan,nan,0.0032196044921875
Noisy,train__14336_21504_y0_x0,14336_21504,test,5,22.281208100793986,1.0,nan,False,no_textureless_window_satisfies_paper_tolerance,0,53824,nan,nan,nan,nan,0.0146026611328125
Noisy,train__14336_21504_y0_x256,14336_21504,test,5,21.8099102598833,1.0,nan,False,no_textureless_window_satisfies_paper_tolerance,0,53824,nan,nan,nan,nan,0.00885009765625
Noisy,train__14336_21504_y256_x0,14336_21504,test,5,23.912691763803412,1.0,nan,False,no_textureless_window_satisfies_paper_tolerance,0,53824,nan,nan,nan,nan,0.009490966796875
Noisy,train__14336_21504_y256_x256,14336_21504,test,5,25.17908547161906,1.0,nan,False,no_textureless_window_satisfies_paper_tolerance,0,53824,nan,nan,nan,nan,0.0128021240234375
Noisy,train__14848_1024_y0_x256,14848_1024,test,5,16.111536203888793,1.0,nan,False,no_textureless_window_satisfies_paper_tolerance,0,53824,nan,nan,nan,nan,0.0135345458984375
Noisy,train__14848_1024_y256_x0,14848_1024,test,5,16.696506706964268,1.0,nan,False,no_textureless_window_satisfies_paper_tolerance,0,53824,nan,nan,nan,nan,0.0128326416015625
Noisy,train__14848_1024_y256_x256,14848_1024,test,5,16.037817135872743,1.0,nan,False,no_textureless_window_satisfies_paper_tolerance,0,53824,nan,nan,nan,nan,0.01458740234375
Noisy,train__14848_11264_y0_x0,14848_11264,test,5,26.486420753241884,1.0,nan,False,no_textureless_window_satisfies_paper_tolerance,0,53824,nan,nan,nan,nan,0.0034942626953125
Noisy,train__14848_11264_y256_x256,14848_11264,test,5,23.203348027913165,1.0,nan,False,no_textureless_window_satisfies_paper_tolerance,0,53824,nan,nan,nan,nan,0.010162353515625
Noisy,train__14848_11776_y0_x0,14848_11776,test,5,42.30867032761101,1.0,nan,False,no_textureless_window_satisfies_paper_tolerance,0,53824,nan,nan,nan,nan,0.015960693359375
Noisy,train__14848_11776_y0_x256,14848_11776,test,5,37.793395255922704,1.0,nan,False,no_textureless_window_satisfies_paper_tolerance,0,53824,nan,nan,nan,nan,0.016845703125
Noisy,train__14848_11776_y256_x0,14848_11776,test,5,34.899214119469676,1.0,nan,False,no_textureless_window_satisfies_paper_tolerance,0,53824,nan,nan,nan,nan,0.003387451171875
Noisy,train__14848_11776_y256_x256,14848_11776,test,5,36.72126220940919,1.0,nan,False,no_textureless_window_satisfies_paper_tolerance,0,53824,nan,nan,nan,nan,0.0115509033203125
Noisy,train__14848_13824_y0_x0,14848_13824,test,5,29.37652504071619,1.0,nan,False,no_textureless_window_satisfies_paper_tolerance,0,53824,nan,nan,nan,nan,0.009552001953125
Noisy,train__14848_13824_y0_x256,14848_13824,test,5,28.016667792523172,1.0,nan,False,no_textureless_window_satisfies_paper_tolerance,0,53824,nan,nan,nan,nan,0.0126800537109375
Noisy,train__14848_13824_y256_x0,14848_13824,test,5,25.332674741830466,1.0,nan,False,no_textureless_window_satisfies_paper_tolerance,0,53824,nan,nan,nan,nan,0.009185791015625
Noisy,train__14848_13824_y256_x256,14848_13824,test,5,30.192236203745626,1.0,nan,False,no_textureless_window_satisfies_paper_tolerance,0,53824,nan,nan,nan,nan,0.0088653564453125
Noisy,train__14848_14848_y0_x0,14848_14848,test,5,30.47091709790257,1.0,nan,False,no_textureless_window_satisfies_paper_tolerance,0,53824,nan,nan,nan,nan,0.0030059814453125
Noisy,train__14848_14848_y0_x256,14848_14848,test,5,30.45529647982597,1.0,nan,False,no_textureless_window_satisfies_paper_tolerance,0,53824,nan,nan,nan,nan,0.0072174072265625
Noisy,train__14848_14848_y256_x0,14848_14848,test,5,32.513357091858126,1.0,nan,False,no_textureless_window_satisfies_paper_tolerance,0,53824,nan,nan,nan,nan,0.0046539306640625
Noisy,train__14848_14848_y256_x256,14848_14848,test,5,32.020940970842574,1.0,nan,False,no_textureless_window_satisfies_paper_tolerance,0,53824,nan,nan,nan,nan,0.0287017822265625
Noisy,train__14848_16384_y0_x0,14848_16384,test,5,30.320674134769074,1.0,nan,False,no_textureless_window_satisfies_paper_tolerance,0,53824,nan,nan,nan,nan,0.0189666748046875
Noisy,train__14848_16384_y0_x256,14848_16384,test,5,28.348392573816703,1.0,nan,False,no_textureless_window_satisfies_paper_tolerance,0,53824,nan,nan,nan,nan,0.0087738037109375
Noisy,train__14848_16384_y256_x256,14848_16384,test,5,29.72207273034395,1.0,nan,False,no_textureless_window_satisfies_paper_tolerance,0,53824,nan,nan,nan,nan,0.0104522705078125
Noisy,train__14848_21504_y0_x256,14848_21504,test,5,34.922860342561535,1.0,nan,False,no_textureless_window_satisfies_paper_tolerance,0,53824,nan,nan,nan,nan,0.004730224609375
Noisy,train__14848_21504_y256_x0,14848_21504,test,5,42.02296040990352,1.0,nan,False,no_textureless_window_satisfies_paper_tolerance,0,53824,nan,nan,nan,nan,0.0068511962890625
Noisy,train__14848_24576_y0_x0,14848_24576,test,5,41.57572636029239,1.0,nan,False,no_textureless_window_satisfies_paper_tolerance,0,53824,nan,nan,nan,nan,0.0006561279296875
Noisy,train__14848_24576_y0_x256,14848_24576,test,5,39.450388544688444,1.0,nan,False,no_textureless_window_satisfies_paper_tolerance,0,53824,nan,nan,nan,nan,0.00018310546875
Noisy,train__14848_24576_y256_x256,14848_24576,test,5,41.192830420097316,1.0,nan,False,no_textureless_window_satisfies_paper_tolerance,0,53824,nan,nan,nan,nan,0.0294342041015625
Noisy,train__15360_12288_y0_x0,15360_12288,test,5,34.34624377803275,1.0,nan,False,no_textureless_window_satisfies_paper_tolerance,0,53824,nan,nan,nan,nan,0.02020263671875
Noisy,train__15360_12288_y0_x256,15360_12288,test,5,36.99297674608799,1.0,nan,False,no_textureless_window_satisfies_paper_tolerance,0,53824,nan,nan,nan,nan,0.015899658203125
Noisy,train__15360_12288_y256_x0,15360_12288,test,5,35.560204473412924,1.0,nan,False,no_textureless_window_satisfies_paper_tolerance,0,53824,nan,nan,nan,nan,0.000518798828125
Noisy,train__15360_12288_y256_x256,15360_12288,test,5,39.47419424970004,1.0,nan,False,no_textureless_window_satisfies_paper_tolerance,0,53824,nan,nan,nan,nan,0.008941650390625
Noisy,train__15360_15872_y0_x256,15360_15872,test,5,40.688225859320575,1.0,nan,False,no_textureless_window_satisfies_paper_tolerance,0,53824,nan,nan,nan,nan,0.014556884765625
Noisy,train__15360_15872_y256_x0,15360_15872,test,5,39.5749850724972,1.0,nan,False,no_textureless_window_satisfies_paper_tolerance,0,53824,nan,nan,nan,nan,0.0235748291015625
Noisy,train__15360_15872_y256_x256,15360_15872,test,5,39.11358303392456,1.0,nan,False,no_textureless_window_satisfies_paper_tolerance,0,53824,nan,nan,nan,nan,0.0005645751953125
Noisy,train__1536_13824_y0_x256,1536_13824,test,5,15.959672298088654,1.0,nan,False,no_textureless_window_satisfies_paper_tolerance,0,53824,nan,nan,nan,nan,0.0134429931640625
Noisy,train__1536_13824_y256_x256,1536_13824,test,5,18.52393035416519,1.0,nan,False,no_textureless_window_satisfies_paper_tolerance,0,53824,nan,nan,nan,nan,0.0104827880859375
Noisy,train__1536_14848_y0_x0,1536_14848,test,5,16.14533285478668,1.0,nan,False,no_textureless_window_satisfies_paper_tolerance,0,53824,nan,nan,nan,nan,0.0118865966796875
Noisy,train__1536_14848_y0_x256,1536_14848,test,5,15.472567033471865,1.0,nan,False,no_textureless_window_satisfies_paper_tolerance,0,53824,nan,nan,nan,nan,0.0137481689453125
Noisy,train__1536_14848_y256_x0,1536_14848,test,5,16.51386482120638,1.0,nan,False,no_textureless_window_satisfies_paper_tolerance,0,53824,nan,nan,nan,nan,0.0119781494140625
Noisy,train__1536_14848_y256_x256,1536_14848,test,5,17.209295596754043,1.0,nan,False,no_textureless_window_satisfies_paper_tolerance,0,53824,nan,nan,nan,nan,0.0111236572265625
Noisy,train__1536_23040_y0_x0,1536_23040,test,5,15.580128464722128,1.0,nan,False,no_textureless_window_satisfies_paper_tolerance,0,53824,nan,nan,nan,nan,0.014739990234375
Noisy,train__15872_11776_y0_x256,15872_11776,test,5,31.762515823226387,1.0,nan,False,no_textureless_window_satisfies_paper_tolerance,0,53824,nan,nan,nan,nan,0.0237274169921875
Noisy,train__15872_11776_y256_x0,15872_11776,test,5,31.125467561265708,1.0,nan,False,no_textureless_window_satisfies_paper_tolerance,0,53824,nan,nan,nan,nan,0.0097503662109375
Noisy,train__15872_11776_y256_x256,15872_11776,test,5,34.23503066963683,1.0,nan,False,no_textureless_window_satisfies_paper_tolerance,0,53824,nan,nan,nan,nan,0.001800537109375
Noisy,train__15872_1536_y0_x0,15872_1536,test,5,16.158676858990123,1.0,nan,False,no_textureless_window_satisfies_paper_tolerance,0,53824,nan,nan,nan,nan,0.0130157470703125
Noisy,train__15872_1536_y0_x256,15872_1536,test,5,15.724316910781075,1.0,nan,False,no_textureless_window_satisfies_paper_tolerance,0,53824,nan,nan,nan,nan,0.014556884765625
Noisy,train__15872_1536_y256_x0,15872_1536,test,5,16.86583713603624,1.0,nan,False,no_textureless_window_satisfies_paper_tolerance,0,53824,nan,nan,nan,nan,0.0125885009765625
Noisy,train__15872_1536_y256_x256,15872_1536,test,5,15.977117354012297,1.0,nan,False,no_textureless_window_satisfies_paper_tolerance,0,53824,nan,nan,nan,nan,0.01123046875
Noisy,train__15872_18944_y0_x0,15872_18944,test,5,42.873236041821556,1.0,nan,False,no_textureless_window_satisfies_paper_tolerance,0,53824,nan,nan,nan,nan,0.0185089111328125
Noisy,train__15872_18944_y0_x256,15872_18944,test,5,42.84859747609807,1.0,nan,False,no_textureless_window_satisfies_paper_tolerance,0,53824,nan,nan,nan,nan,0.016510009765625
Noisy,train__15872_18944_y256_x256,15872_18944,test,5,42.992402806534926,1.0,nan,False,no_textureless_window_satisfies_paper_tolerance,0,53824,nan,nan,nan,nan,0.00537109375
Noisy,train__15872_6656_y0_x0,15872_6656,test,5,25.555356097362836,1.0,nan,False,no_textureless_window_satisfies_paper_tolerance,0,53824,nan,nan,nan,nan,0.0105438232421875
Noisy,train__15872_6656_y0_x256,15872_6656,test,5,23.962210721356314,1.0,nan,False,no_textureless_window_satisfies_paper_tolerance,0,53824,nan,nan,nan,nan,0.0111846923828125
Noisy,train__15872_6656_y256_x0,15872_6656,test,5,24.613117597360578,1.0,nan,False,no_textureless_window_satisfies_paper_tolerance,0,53824,nan,nan,nan,nan,0.00872802734375
Noisy,train__15872_6656_y256_x256,15872_6656,test,5,20.588836756711977,1.0,nan,False,no_textureless_window_satisfies_paper_tolerance,0,53824,nan,nan,nan,nan,0.0155029296875
Noisy,train__2048_10240_y0_x256,2048_10240,test,5,15.848826076403146,1.0,nan,False,no_textureless_window_satisfies_paper_tolerance,0,53824,nan,nan,nan,nan,0.0172271728515625
Noisy,train__2048_10240_y256_x256,2048_10240,test,5,19.525239109292823,1.0,nan,False,no_textureless_window_satisfies_paper_tolerance,0,53824,nan,nan,nan,nan,0.01129150390625
Noisy,train__2048_12800_y0_x0,2048_12800,test,5,16.900670963314184,1.0,nan,False,no_textureless_window_satisfies_paper_tolerance,0,53824,nan,nan,nan,nan,0.01141357421875
Noisy,train__2048_12800_y0_x256,2048_12800,test,5,13.393649346582055,1.0,nan,False,no_textureless_window_satisfies_paper_tolerance,0,53824,nan,nan,nan,nan,0.020721435546875
Noisy,train__2048_12800_y256_x0,2048_12800,test,5,18.726127000214014,1.0,nan,False,no_textureless_window_satisfies_paper_tolerance,0,53824,nan,nan,nan,nan,0.0091094970703125
Noisy,train__2048_13312_y0_x0,2048_13312,test,5,14.656825269215044,1.0,nan,False,no_textureless_window_satisfies_paper_tolerance,0,53824,nan,nan,nan,nan,0.019073486328125
Noisy,train__2048_13312_y0_x256,2048_13312,test,5,16.805598025294866,1.0,nan,False,no_textureless_window_satisfies_paper_tolerance,0,53824,nan,nan,nan,nan,0.013031005859375
Noisy,train__2048_13312_y256_x0,2048_13312,test,5,15.566929706285794,1.0,nan,False,no_textureless_window_satisfies_paper_tolerance,0,53824,nan,nan,nan,nan,0.014404296875
Noisy,train__2048_15872_y0_x0,2048_15872,test,5,16.51409524606043,1.0,nan,False,no_textureless_window_satisfies_paper_tolerance,0,53824,nan,nan,nan,nan,0.0132904052734375
Noisy,train__2048_15872_y0_x256,2048_15872,test,5,15.76968330347437,1.0,nan,False,no_textureless_window_satisfies_paper_tolerance,0,53824,nan,nan,nan,nan,0.0124664306640625
Noisy,train__2048_15872_y256_x0,2048_15872,test,5,16.812244745559134,1.0,nan,False,no_textureless_window_satisfies_paper_tolerance,0,53824,nan,nan,nan,nan,0.011688232421875
Noisy,train__2048_20992_y0_x0,2048_20992,test,5,15.562581188447373,1.0,nan,False,no_textureless_window_satisfies_paper_tolerance,0,53824,nan,nan,nan,nan,0.0141448974609375
Noisy,train__2048_20992_y256_x0,2048_20992,test,5,15.648482193943277,1.0,nan,False,no_textureless_window_satisfies_paper_tolerance,0,53824,nan,nan,nan,nan,0.0148162841796875
Noisy,train__2048_20992_y256_x256,2048_20992,test,5,14.671561884095286,1.0,nan,False,no_textureless_window_satisfies_paper_tolerance,0,53824,nan,nan,nan,nan,0.0177459716796875
Noisy,train__2048_6144_y0_x0,2048_6144,test,5,19.391929285140964,1.0,nan,False,no_textureless_window_satisfies_paper_tolerance,0,53824,nan,nan,nan,nan,0.0132598876953125
Noisy,train__2048_6144_y256_x0,2048_6144,test,5,15.221668256171137,1.0,nan,False,no_textureless_window_satisfies_paper_tolerance,0,53824,nan,nan,nan,nan,0.01629638671875
Noisy,train__2048_6144_y256_x256,2048_6144,test,5,19.624644264627655,1.0,nan,False,no_textureless_window_satisfies_paper_tolerance,0,53824,nan,nan,nan,nan,0.013275146484375
Noisy,train__2048_7168_y0_x0,2048_7168,test,5,18.01277806438666,1.0,nan,False,no_textureless_window_satisfies_paper_tolerance,0,53824,nan,nan,nan,nan,0.0112152099609375
Noisy,train__2048_7168_y0_x256,2048_7168,test,5,17.915858259881112,1.0,nan,False,no_textureless_window_satisfies_paper_tolerance,0,53824,nan,nan,nan,nan,0.00927734375
Noisy,train__2048_7168_y256_x0,2048_7168,test,5,16.519798850532737,1.0,nan,False,no_textureless_window_satisfies_paper_tolerance,0,53824,nan,nan,nan,nan,0.01275634765625
Noisy,train__2048_7680_y0_x0,2048_7680,test,5,16.785969801004384,1.0,nan,False,no_textureless_window_satisfies_paper_tolerance,0,53824,nan,nan,nan,nan,0.013031005859375
Noisy,train__2048_7680_y0_x256,2048_7680,test,5,17.12029443318709,1.0,nan,False,no_textureless_window_satisfies_paper_tolerance,0,53824,nan,nan,nan,nan,0.0126953125
Noisy,train__2048_7680_y256_x0,2048_7680,test,5,16.50927882478139,1.0,nan,False,no_textureless_window_satisfies_paper_tolerance,0,53824,nan,nan,nan,nan,0.01385498046875
Noisy,train__2048_9216_y256_x0,2048_9216,test,5,16.969810608174907,1.0,nan,False,no_textureless_window_satisfies_paper_tolerance,0,53824,nan,nan,nan,nan,0.0127716064453125
Noisy,train__2560_12288_y0_x0,2560_12288,test,5,15.459603542658945,1.0,nan,False,no_textureless_window_satisfies_paper_tolerance,0,53824,nan,nan,nan,nan,0.0142669677734375
Noisy,train__2560_12288_y0_x256,2560_12288,test,5,17.571573440037202,1.0,nan,False,no_textureless_window_satisfies_paper_tolerance,0,53824,nan,nan,nan,nan,0.0113525390625
Noisy,train__2560_12288_y256_x256,2560_12288,test,5,18.229493008709895,1.0,nan,False,no_textureless_window_satisfies_paper_tolerance,0,53824,nan,nan,nan,nan,0.010467529296875
Noisy,train__2560_22528_y0_x0,2560_22528,test,5,16.870084348309113,1.0,nan,False,no_textureless_window_satisfies_paper_tolerance,0,53824,nan,nan,nan,nan,0.0105438232421875
Noisy,train__2560_22528_y0_x256,2560_22528,test,5,15.221979114480598,1.0,nan,False,no_textureless_window_satisfies_paper_tolerance,0,53824,nan,nan,nan,nan,0.017364501953125
Noisy,train__2560_22528_y256_x0,2560_22528,test,5,17.52873296054651,1.0,nan,False,no_textureless_window_satisfies_paper_tolerance,0,53824,nan,nan,nan,nan,0.01312255859375
Noisy,train__2560_22528_y256_x256,2560_22528,test,5,16.227198024888754,1.0,nan,False,no_textureless_window_satisfies_paper_tolerance,0,53824,nan,nan,nan,nan,0.0142364501953125
Noisy,train__2560_3072_y0_x0,2560_3072,test,5,21.687846293868503,1.0,nan,False,no_textureless_window_satisfies_paper_tolerance,0,53824,nan,nan,nan,nan,0.01226806640625
Noisy,train__2560_3072_y256_x0,2560_3072,test,5,13.004097369503999,1.0,nan,False,no_textureless_window_satisfies_paper_tolerance,0,53824,nan,nan,nan,nan,0.011505126953125
Noisy,train__2560_3072_y256_x256,2560_3072,test,5,17.65432081275621,1.0,nan,False,no_textureless_window_satisfies_paper_tolerance,0,53824,nan,nan,nan,nan,0.0099029541015625
Noisy,train__2560_512_y0_x0,2560_512,test,5,24.398645634763547,1.0,nan,False,no_textureless_window_satisfies_paper_tolerance,0,53824,nan,nan,nan,nan,0.014251708984375
Noisy,train__2560_512_y0_x256,2560_512,test,5,26.496235193474185,1.0,nan,False,no_textureless_window_satisfies_paper_tolerance,0,53824,nan,nan,nan,nan,0.015380859375
Noisy,train__2560_512_y256_x0,2560_512,test,5,24.055124413777868,1.0,nan,False,no_textureless_window_satisfies_paper_tolerance,0,53824,nan,nan,nan,nan,0.0041351318359375
Noisy,train__2560_512_y256_x256,2560_512,test,5,27.59617522017779,1.0,nan,False,no_textureless_window_satisfies_paper_tolerance,0,53824,nan,nan,nan,nan,0.006927490234375
Noisy,train__3072_22528_y0_x0,3072_22528,test,5,14.193722484864555,1.0,nan,False,no_textureless_window_satisfies_paper_tolerance,0,53824,nan,nan,nan,nan,0.0229949951171875
Noisy,train__3072_22528_y0_x256,3072_22528,test,5,19.48775301048409,1.0,nan,False,no_textureless_window_satisfies_paper_tolerance,0,53824,nan,nan,nan,nan,0.0104522705078125
Noisy,train__3072_22528_y256_x0,3072_22528,test,5,14.336912811320554,1.0,nan,False,no_textureless_window_satisfies_paper_tolerance,0,53824,nan,nan,nan,nan,0.0187530517578125
Noisy,train__3072_22528_y256_x256,3072_22528,test,5,16.68134585442966,1.0,nan,False,no_textureless_window_satisfies_paper_tolerance,0,53824,nan,nan,nan,nan,0.0124053955078125
Noisy,train__3072_25088_y0_x256,3072_25088,test,5,52.7385228321951,1.0,nan,False,no_textureless_window_satisfies_paper_tolerance,0,53824,nan,nan,nan,nan,0.0063934326171875
Noisy,train__3072_25088_y256_x0,3072_25088,test,5,32.180208235477146,1.0,nan,False,no_textureless_window_satisfies_paper_tolerance,0,53824,nan,nan,nan,nan,0.0382537841796875
Noisy,train__3072_25088_y256_x256,3072_25088,test,5,49.17031312563765,1.0,nan,False,no_textureless_window_satisfies_paper_tolerance,0,53824,nan,nan,nan,nan,0.010955810546875
Noisy,train__3072_2560_y0_x256,3072_2560,test,5,18.700894965176804,1.0,nan,False,no_textureless_window_satisfies_paper_tolerance,0,53824,nan,nan,nan,nan,0.0119171142578125
Noisy,train__3072_2560_y256_x256,3072_2560,test,5,16.937109526866877,1.0,nan,False,no_textureless_window_satisfies_paper_tolerance,0,53824,nan,nan,nan,nan,0.0082244873046875
Noisy,train__3072_8192_y0_x0,3072_8192,test,5,18.212690268275367,1.0,nan,False,no_textureless_window_satisfies_paper_tolerance,0,53824,nan,nan,nan,nan,0.0102386474609375
Noisy,train__3072_8192_y0_x256,3072_8192,test,5,18.236409859239114,1.0,nan,False,no_textureless_window_satisfies_paper_tolerance,0,53824,nan,nan,nan,nan,0.0094146728515625
Noisy,train__3072_8192_y256_x0,3072_8192,test,5,14.759014459720069,1.0,nan,False,no_textureless_window_satisfies_paper_tolerance,0,53824,nan,nan,nan,nan,0.016021728515625
Noisy,train__3072_8192_y256_x256,3072_8192,test,5,14.537767841644945,1.0,nan,False,no_textureless_window_satisfies_paper_tolerance,0,53824,nan,nan,nan,nan,0.0159149169921875
Noisy,train__3584_512_y0_x0,3584_512,test,5,24.881269767996823,1.0,nan,False,no_textureless_window_satisfies_paper_tolerance,0,53824,nan,nan,nan,nan,0.0083770751953125
Noisy,train__3584_512_y256_x0,3584_512,test,5,19.93590444053963,1.0,nan,False,no_textureless_window_satisfies_paper_tolerance,0,53824,nan,nan,nan,nan,0.01495361328125
Noisy,train__3584_512_y256_x256,3584_512,test,5,24.357576870914063,1.0,nan,False,no_textureless_window_satisfies_paper_tolerance,0,53824,nan,nan,nan,nan,0.0136260986328125
Noisy,train__3584_9216_y0_x256,3584_9216,test,5,19.63035994394355,1.0,nan,False,no_textureless_window_satisfies_paper_tolerance,0,53824,nan,nan,nan,nan,0.01385498046875
Noisy,train__3584_9216_y256_x0,3584_9216,test,5,19.216962442741753,1.0,nan,False,no_textureless_window_satisfies_paper_tolerance,0,53824,nan,nan,nan,nan,0.0092010498046875
Noisy,train__3584_9216_y256_x256,3584_9216,test,5,17.665202070392493,1.0,nan,False,no_textureless_window_satisfies_paper_tolerance,0,53824,nan,nan,nan,nan,0.0120697021484375
Noisy,train__4096_14336_y0_x0,4096_14336,test,5,19.713405504325017,1.0,nan,False,no_textureless_window_satisfies_paper_tolerance,0,53824,nan,nan,nan,nan,0.0103302001953125
Noisy,train__4096_14336_y256_x0,4096_14336,test,5,15.292888472652646,1.0,nan,False,no_textureless_window_satisfies_paper_tolerance,0,53824,nan,nan,nan,nan,0.0289306640625
Noisy,train__4096_14336_y256_x256,4096_14336,test,5,14.773853763685215,1.0,nan,False,no_textureless_window_satisfies_paper_tolerance,0,53824,nan,nan,nan,nan,0.018798828125
Noisy,train__4096_14848_y0_x256,4096_14848,test,5,15.744308238525136,1.0,nan,False,no_textureless_window_satisfies_paper_tolerance,0,53824,nan,nan,nan,nan,0.0140533447265625
Noisy,train__4096_14848_y256_x0,4096_14848,test,5,15.62397460396664,1.0,nan,False,no_textureless_window_satisfies_paper_tolerance,0,53824,nan,nan,nan,nan,0.0172271728515625
Noisy,train__4096_14848_y256_x256,4096_14848,test,5,15.769608129336905,1.0,nan,False,no_textureless_window_satisfies_paper_tolerance,0,53824,nan,nan,nan,nan,0.014617919921875
Noisy,train__4096_17408_y0_x0,4096_17408,test,5,16.08707261349543,1.0,nan,False,no_textureless_window_satisfies_paper_tolerance,0,53824,nan,nan,nan,nan,0.0127410888671875
Noisy,train__4096_17408_y0_x256,4096_17408,test,5,15.503762379470174,1.0,nan,False,no_textureless_window_satisfies_paper_tolerance,0,53824,nan,nan,nan,nan,0.0157928466796875
Noisy,train__4096_17408_y256_x0,4096_17408,test,5,16.726890647101378,1.0,nan,False,no_textureless_window_satisfies_paper_tolerance,0,53824,nan,nan,nan,nan,0.0142669677734375
Noisy,train__4096_17408_y256_x256,4096_17408,test,5,14.724346319229133,1.0,nan,False,no_textureless_window_satisfies_paper_tolerance,0,53824,nan,nan,nan,nan,0.0174407958984375
Noisy,train__4096_23040_y0_x0,4096_23040,test,5,34.28916687468923,1.0,nan,False,no_textureless_window_satisfies_paper_tolerance,0,53824,nan,nan,nan,nan,0.0445709228515625
Noisy,train__4096_23040_y0_x256,4096_23040,test,5,36.615528998877075,1.0,nan,False,no_textureless_window_satisfies_paper_tolerance,0,53824,nan,nan,nan,nan,0.000732421875
Noisy,train__4096_23040_y256_x0,4096_23040,test,5,35.27997276172526,1.0,nan,False,no_textureless_window_satisfies_paper_tolerance,0,53824,nan,nan,nan,nan,0.0005035400390625
Noisy,train__4608_24576_y0_x0,4608_24576,test,5,37.53648279803407,1.0,nan,False,no_textureless_window_satisfies_paper_tolerance,0,53824,nan,nan,nan,nan,0.02435302734375
Noisy,train__4608_24576_y0_x256,4608_24576,test,5,47.978111850352946,1.0,nan,False,no_textureless_window_satisfies_paper_tolerance,0,53824,nan,nan,nan,nan,0.0048980712890625
Noisy,train__4608_24576_y256_x0,4608_24576,test,5,37.20617511076564,1.0,nan,False,no_textureless_window_satisfies_paper_tolerance,0,53824,nan,nan,nan,nan,0.0042266845703125
Noisy,train__4608_24576_y256_x256,4608_24576,test,5,23.95659814858957,1.0,nan,False,no_textureless_window_satisfies_paper_tolerance,0,53824,nan,nan,nan,nan,0.0225982666015625
Noisy,train__4608_7168_y0_x0,4608_7168,test,5,15.522453623274583,1.0,nan,False,no_textureless_window_satisfies_paper_tolerance,0,53824,nan,nan,nan,nan,0.0113067626953125
Noisy,train__4608_7168_y0_x256,4608_7168,test,5,14.345774124644517,1.0,nan,False,no_textureless_window_satisfies_paper_tolerance,0,53824,nan,nan,nan,nan,0.0124664306640625
Noisy,train__4608_7168_y256_x0,4608_7168,test,5,15.108236855166657,1.0,nan,False,no_textureless_window_satisfies_paper_tolerance,0,53824,nan,nan,nan,nan,0.006683349609375
Noisy,train__4608_7168_y256_x256,4608_7168,test,5,16.579574740134724,1.0,nan,False,no_textureless_window_satisfies_paper_tolerance,0,53824,nan,nan,nan,nan,0.012603759765625
Noisy,train__512_12800_y0_x0,512_12800,test,5,15.1117754606118,1.0,nan,False,no_textureless_window_satisfies_paper_tolerance,0,53824,nan,nan,nan,nan,0.0178680419921875
Noisy,train__512_12800_y0_x256,512_12800,test,5,14.406587632767309,1.0,nan,False,no_textureless_window_satisfies_paper_tolerance,0,53824,nan,nan,nan,nan,0.017822265625
Noisy,train__512_12800_y256_x0,512_12800,test,5,15.604585901569138,1.0,nan,False,no_textureless_window_satisfies_paper_tolerance,0,53824,nan,nan,nan,nan,0.0142059326171875
Noisy,train__512_16896_y0_x0,512_16896,test,5,17.260530634623017,1.0,nan,False,no_textureless_window_satisfies_paper_tolerance,0,53824,nan,nan,nan,nan,0.0100860595703125
Noisy,train__512_16896_y256_x0,512_16896,test,5,17.460348838224615,1.0,nan,False,no_textureless_window_satisfies_paper_tolerance,0,53824,nan,nan,nan,nan,0.0093231201171875
Noisy,train__512_16896_y256_x256,512_16896,test,5,16.649050308379554,1.0,nan,False,no_textureless_window_satisfies_paper_tolerance,0,53824,nan,nan,nan,nan,0.0119476318359375
Noisy,train__6144_12800_y0_x0,6144_12800,test,5,19.285985764592187,1.0,nan,False,no_textureless_window_satisfies_paper_tolerance,0,53824,nan,nan,nan,nan,0.0089263916015625
Noisy,train__6144_12800_y0_x256,6144_12800,test,5,25.957050008832788,1.0,nan,False,no_textureless_window_satisfies_paper_tolerance,0,53824,nan,nan,nan,nan,0.0088043212890625
Noisy,train__6144_12800_y256_x0,6144_12800,test,5,25.199234816684502,1.0,nan,False,no_textureless_window_satisfies_paper_tolerance,0,53824,nan,nan,nan,nan,0.011871337890625
Noisy,train__6144_12800_y256_x256,6144_12800,test,5,26.58870243734493,1.0,nan,False,no_textureless_window_satisfies_paper_tolerance,0,53824,nan,nan,nan,nan,0.01318359375
Noisy,train__6144_17408_y0_x0,6144_17408,test,5,25.205567263413577,1.0,nan,False,no_textureless_window_satisfies_paper_tolerance,0,53824,nan,nan,nan,nan,0.009796142578125
Noisy,train__6144_17408_y0_x256,6144_17408,test,5,28.309706721085803,1.0,nan,False,no_textureless_window_satisfies_paper_tolerance,0,53824,nan,nan,nan,nan,0.01104736328125
Noisy,train__6144_17408_y256_x0,6144_17408,test,5,21.929174283388754,1.0,nan,False,no_textureless_window_satisfies_paper_tolerance,0,53824,nan,nan,nan,nan,0.013031005859375
Noisy,train__6144_17408_y256_x256,6144_17408,test,5,25.204393050647933,1.0,nan,False,no_textureless_window_satisfies_paper_tolerance,0,53824,nan,nan,nan,nan,0.0116119384765625
Noisy,train__6144_19968_y0_x0,6144_19968,test,5,21.15190268131686,1.0,nan,False,no_textureless_window_satisfies_paper_tolerance,0,53824,nan,nan,nan,nan,0.01336669921875
Noisy,train__6144_19968_y0_x256,6144_19968,test,5,21.183108455432382,1.0,nan,False,no_textureless_window_satisfies_paper_tolerance,0,53824,nan,nan,nan,nan,0.016632080078125
Noisy,train__6144_19968_y256_x0,6144_19968,test,5,23.643933745904256,1.0,nan,False,no_textureless_window_satisfies_paper_tolerance,0,53824,nan,nan,nan,nan,0.006500244140625
Noisy,train__6144_19968_y256_x256,6144_19968,test,5,25.848228659944454,1.0,nan,False,no_textureless_window_satisfies_paper_tolerance,0,53824,nan,nan,nan,nan,0.0082855224609375
Noisy,train__6144_2048_y0_x0,6144_2048,test,5,23.378379673265833,1.0,nan,False,no_textureless_window_satisfies_paper_tolerance,0,53824,nan,nan,nan,nan,0.0120697021484375
Noisy,train__6144_2048_y0_x256,6144_2048,test,5,23.551372014509052,1.0,nan,False,no_textureless_window_satisfies_paper_tolerance,0,53824,nan,nan,nan,nan,0.009857177734375
Noisy,train__6144_2048_y256_x256,6144_2048,test,5,20.426470099046153,1.0,nan,False,no_textureless_window_satisfies_paper_tolerance,0,53824,nan,nan,nan,nan,0.01202392578125
Noisy,train__6144_22016_y0_x0,6144_22016,test,5,36.05787430820094,1.0,nan,False,no_textureless_window_satisfies_paper_tolerance,0,53824,nan,nan,nan,nan,0.0051727294921875
Noisy,train__6144_22016_y0_x256,6144_22016,test,5,32.03380664058365,1.0,nan,False,no_textureless_window_satisfies_paper_tolerance,0,53824,nan,nan,nan,nan,0.0416259765625
Noisy,train__6144_22016_y256_x256,6144_22016,test,5,32.596433024795466,1.0,nan,False,no_textureless_window_satisfies_paper_tolerance,0,53824,nan,nan,nan,nan,0.002197265625
Noisy,train__6144_5120_y0_x0,6144_5120,test,5,21.997288523153884,1.0,nan,False,no_textureless_window_satisfies_paper_tolerance,0,53824,nan,nan,nan,nan,0.0096435546875
Noisy,train__6144_5120_y0_x256,6144_5120,test,5,23.26383210276888,1.0,nan,False,no_textureless_window_satisfies_paper_tolerance,0,53824,nan,nan,nan,nan,0.0134429931640625
Noisy,train__6144_5120_y256_x0,6144_5120,test,5,29.001531187572926,1.0,nan,False,no_textureless_window_satisfies_paper_tolerance,0,53824,nan,nan,nan,nan,0.00738525390625
Noisy,train__6144_5120_y256_x256,6144_5120,test,5,27.611468480947956,1.0,nan,False,no_textureless_window_satisfies_paper_tolerance,0,53824,nan,nan,nan,nan,0.011444091796875
Noisy,train__6656_11776_y0_x0,6656_11776,test,5,23.705319583336983,1.0,nan,False,no_textureless_window_satisfies_paper_tolerance,0,53824,nan,nan,nan,nan,0.0146026611328125
Noisy,train__6656_11776_y0_x256,6656_11776,test,5,25.40959712871041,1.0,nan,False,no_textureless_window_satisfies_paper_tolerance,0,53824,nan,nan,nan,nan,0.01043701171875
Noisy,train__6656_11776_y256_x0,6656_11776,test,5,27.063962138807074,1.0,nan,False,no_textureless_window_satisfies_paper_tolerance,0,53824,nan,nan,nan,nan,0.0062408447265625
Noisy,train__6656_11776_y256_x256,6656_11776,test,5,25.54695736302729,1.0,nan,False,no_textureless_window_satisfies_paper_tolerance,0,53824,nan,nan,nan,nan,0.0115509033203125
Noisy,train__6656_13312_y256_x256,6656_13312,test,5,24.065843863711304,1.0,nan,False,no_textureless_window_satisfies_paper_tolerance,0,53824,nan,nan,nan,nan,0.0032196044921875
Noisy,train__6656_16384_y0_x256,6656_16384,test,5,28.55238271400025,1.0,nan,False,no_textureless_window_satisfies_paper_tolerance,0,53824,nan,nan,nan,nan,0.00445556640625
Noisy,train__6656_16384_y256_x256,6656_16384,test,5,22.78468016083697,1.0,nan,False,no_textureless_window_satisfies_paper_tolerance,0,53824,nan,nan,nan,nan,0.01300048828125
Noisy,train__6656_20480_y0_x0,6656_20480,test,5,25.151053418731678,1.0,nan,False,no_textureless_window_satisfies_paper_tolerance,0,53824,nan,nan,nan,nan,0.0110626220703125
Noisy,train__6656_20480_y0_x256,6656_20480,test,5,22.340273119014675,1.0,nan,False,no_textureless_window_satisfies_paper_tolerance,0,53824,nan,nan,nan,nan,0.011871337890625
Noisy,train__6656_20480_y256_x0,6656_20480,test,5,23.19752151098259,1.0,nan,False,no_textureless_window_satisfies_paper_tolerance,0,53824,nan,nan,nan,nan,0.012298583984375
Noisy,train__6656_20480_y256_x256,6656_20480,test,5,20.84797079563009,1.0,nan,False,no_textureless_window_satisfies_paper_tolerance,0,53824,nan,nan,nan,nan,0.0102996826171875
Noisy,train__6656_3584_y0_x0,6656_3584,test,5,23.1989951879142,1.0,nan,False,no_textureless_window_satisfies_paper_tolerance,0,53824,nan,nan,nan,nan,0.0078582763671875
Noisy,train__6656_3584_y256_x0,6656_3584,test,5,22.17547937280319,1.0,nan,False,no_textureless_window_satisfies_paper_tolerance,0,53824,nan,nan,nan,nan,0.0075225830078125
Noisy,train__6656_3584_y256_x256,6656_3584,test,5,17.027293793159437,1.0,nan,False,no_textureless_window_satisfies_paper_tolerance,0,53824,nan,nan,nan,nan,0.0191497802734375
Noisy,train__7168_13312_y0_x0,7168_13312,test,5,26.988115252790884,1.0,nan,False,no_textureless_window_satisfies_paper_tolerance,0,53824,nan,nan,nan,nan,0.0066070556640625
Noisy,train__7168_13312_y256_x0,7168_13312,test,5,24.969248019532802,1.0,nan,False,no_textureless_window_satisfies_paper_tolerance,0,53824,nan,nan,nan,nan,0.0129241943359375
Noisy,train__7168_13312_y256_x256,7168_13312,test,5,25.433771973911327,1.0,nan,False,no_textureless_window_satisfies_paper_tolerance,0,53824,nan,nan,nan,nan,0.0183868408203125
Noisy,train__7168_19456_y0_x256,7168_19456,test,5,36.29377245812423,1.0,nan,False,no_textureless_window_satisfies_paper_tolerance,0,53824,nan,nan,nan,nan,0.0004425048828125
Noisy,train__7168_19456_y256_x0,7168_19456,test,5,30.01009276387627,1.0,nan,False,no_textureless_window_satisfies_paper_tolerance,0,53824,nan,nan,nan,nan,0.0029754638671875
Noisy,train__7168_2048_y0_x256,7168_2048,test,5,19.79114816018481,1.0,nan,False,no_textureless_window_satisfies_paper_tolerance,0,53824,nan,nan,nan,nan,0.012939453125
Noisy,train__7168_2048_y256_x0,7168_2048,test,5,17.733938650301173,1.0,nan,False,no_textureless_window_satisfies_paper_tolerance,0,53824,nan,nan,nan,nan,0.0111236572265625
Noisy,train__7168_2048_y256_x256,7168_2048,test,5,17.756677942612146,1.0,nan,False,no_textureless_window_satisfies_paper_tolerance,0,53824,nan,nan,nan,nan,0.0128631591796875
Noisy,train__7168_24576_y0_x0,7168_24576,test,5,22.897988170056706,1.0,nan,False,no_textureless_window_satisfies_paper_tolerance,0,53824,nan,nan,nan,nan,0.0109710693359375
Noisy,train__7168_24576_y0_x256,7168_24576,test,5,23.398305627124774,1.0,nan,False,no_textureless_window_satisfies_paper_tolerance,0,53824,nan,nan,nan,nan,0.010833740234375
Noisy,train__7168_24576_y256_x0,7168_24576,test,5,26.61251519940573,1.0,nan,False,no_textureless_window_satisfies_paper_tolerance,0,53824,nan,nan,nan,nan,0.0097503662109375
Noisy,train__7168_3072_y0_x0,7168_3072,test,5,18.340065489508717,1.0,nan,False,no_textureless_window_satisfies_paper_tolerance,0,53824,nan,nan,nan,nan,0.0072174072265625
Noisy,train__7168_3072_y0_x256,7168_3072,test,5,24.259204176838484,1.0,nan,False,no_textureless_window_satisfies_paper_tolerance,0,53824,nan,nan,nan,nan,0.01141357421875
Noisy,train__7168_3072_y256_x0,7168_3072,test,5,18.72870882502292,1.0,nan,False,no_textureless_window_satisfies_paper_tolerance,0,53824,nan,nan,nan,nan,0.01068115234375
Noisy,train__7168_8192_y256_x0,7168_8192,test,5,29.720582323735034,1.0,nan,False,no_textureless_window_satisfies_paper_tolerance,0,53824,nan,nan,nan,nan,0.003631591796875
Noisy,train__7168_8192_y256_x256,7168_8192,test,5,32.06069569035232,1.0,nan,False,no_textureless_window_satisfies_paper_tolerance,0,53824,nan,nan,nan,nan,0.0100250244140625
Noisy,train__7168_8704_y0_x0,7168_8704,test,5,26.103651339219,1.0,nan,False,no_textureless_window_satisfies_paper_tolerance,0,53824,nan,nan,nan,nan,0.0123443603515625
Noisy,train__7168_8704_y0_x256,7168_8704,test,5,28.566017354260374,1.0,nan,False,no_textureless_window_satisfies_paper_tolerance,0,53824,nan,nan,nan,nan,0.0050811767578125
Noisy,train__7168_8704_y256_x0,7168_8704,test,5,25.814559686506005,1.0,nan,False,no_textureless_window_satisfies_paper_tolerance,0,53824,nan,nan,nan,nan,0.0120391845703125
Noisy,train__7168_8704_y256_x256,7168_8704,test,5,27.939938288953847,1.0,nan,False,no_textureless_window_satisfies_paper_tolerance,0,53824,nan,nan,nan,nan,0.0105438232421875
Noisy,train__7680_13824_y0_x0,7680_13824,test,5,26.50482997640834,1.0,nan,False,no_textureless_window_satisfies_paper_tolerance,0,53824,nan,nan,nan,nan,0.01080322265625
Noisy,train__7680_13824_y0_x256,7680_13824,test,5,26.951411687207816,1.0,nan,False,no_textureless_window_satisfies_paper_tolerance,0,53824,nan,nan,nan,nan,0.0150299072265625
Noisy,train__7680_13824_y256_x256,7680_13824,test,5,24.72330367084011,1.0,nan,False,no_textureless_window_satisfies_paper_tolerance,0,53824,nan,nan,nan,nan,0.013580322265625
Noisy,train__7680_15360_y0_x0,7680_15360,test,5,35.77154321099202,1.0,nan,False,no_textureless_window_satisfies_paper_tolerance,0,53824,nan,nan,nan,nan,0.006011962890625
Noisy,train__7680_15360_y0_x256,7680_15360,test,5,28.212429899273616,1.0,nan,False,no_textureless_window_satisfies_paper_tolerance,0,53824,nan,nan,nan,nan,0.0012054443359375
Noisy,train__7680_20480_y0_x0,7680_20480,test,5,38.57060745448289,1.0,nan,False,no_textureless_window_satisfies_paper_tolerance,0,53824,nan,nan,nan,nan,0.015777587890625
Noisy,train__7680_20480_y0_x256,7680_20480,test,5,41.174952004613225,1.0,nan,False,no_textureless_window_satisfies_paper_tolerance,0,53824,nan,nan,nan,nan,0.0120391845703125
Noisy,train__7680_20480_y256_x0,7680_20480,test,5,44.80093957029055,1.0,nan,False,no_textureless_window_satisfies_paper_tolerance,0,53824,nan,nan,nan,nan,0.0117034912109375
Noisy,train__7680_20480_y256_x256,7680_20480,test,5,49.46959829981703,1.0,nan,False,no_textureless_window_satisfies_paper_tolerance,0,53824,nan,nan,nan,nan,0.0024871826171875
Noisy,train__7680_6656_y0_x0,7680_6656,test,5,20.7125875268966,1.0,nan,False,no_textureless_window_satisfies_paper_tolerance,0,53824,nan,nan,nan,nan,0.008331298828125
Noisy,train__7680_6656_y0_x256,7680_6656,test,5,22.91516457941539,1.0,nan,False,no_textureless_window_satisfies_paper_tolerance,0,53824,nan,nan,nan,nan,0.01715087890625
Noisy,train__7680_6656_y256_x0,7680_6656,test,5,28.068697207342154,1.0,nan,False,no_textureless_window_satisfies_paper_tolerance,0,53824,nan,nan,nan,nan,0.0090789794921875
Noisy,train__7680_6656_y256_x256,7680_6656,test,5,21.520321066686584,1.0,nan,False,no_textureless_window_satisfies_paper_tolerance,0,53824,nan,nan,nan,nan,0.0107879638671875
Noisy,train__8192_15360_y0_x0,8192_15360,test,5,31.183147985596996,1.0,nan,False,no_textureless_window_satisfies_paper_tolerance,0,53824,nan,nan,nan,nan,0.01763916015625
Noisy,train__8192_15360_y0_x256,8192_15360,test,5,32.58273490450826,1.0,nan,False,no_textureless_window_satisfies_paper_tolerance,0,53824,nan,nan,nan,nan,0.002593994140625
Noisy,train__8192_15360_y256_x0,8192_15360,test,5,25.83173384467591,1.0,nan,False,no_textureless_window_satisfies_paper_tolerance,0,53824,nan,nan,nan,nan,0.021820068359375
Noisy,train__8192_15360_y256_x256,8192_15360,test,5,28.08770449634074,1.0,nan,False,no_textureless_window_satisfies_paper_tolerance,0,53824,nan,nan,nan,nan,0.0026702880859375
Noisy,train__8192_16384_y256_x0,8192_16384,test,5,29.105081582337398,1.0,nan,False,no_textureless_window_satisfies_paper_tolerance,0,53824,nan,nan,nan,nan,0.0091400146484375
Noisy,train__8192_16384_y256_x256,8192_16384,test,5,25.052404487914064,1.0,nan,False,no_textureless_window_satisfies_paper_tolerance,0,53824,nan,nan,nan,nan,0.013824462890625
Noisy,train__8192_22528_y0_x256,8192_22528,test,5,24.739177301636644,1.0,nan,False,no_textureless_window_satisfies_paper_tolerance,0,53824,nan,nan,nan,nan,0.0028076171875
Noisy,train__8192_22528_y256_x0,8192_22528,test,5,33.450427339229634,1.0,nan,False,no_textureless_window_satisfies_paper_tolerance,0,53824,nan,nan,nan,nan,0.0019378662109375
Noisy,train__8192_22528_y256_x256,8192_22528,test,5,27.184706610555384,1.0,nan,False,no_textureless_window_satisfies_paper_tolerance,0,53824,nan,nan,nan,nan,0.0029754638671875
Noisy,train__8192_23040_y0_x0,8192_23040,test,5,20.084958867507602,1.0,nan,False,no_textureless_window_satisfies_paper_tolerance,0,53824,nan,nan,nan,nan,0.01080322265625
Noisy,train__8192_23040_y0_x256,8192_23040,test,5,21.398952866361874,1.0,nan,False,no_textureless_window_satisfies_paper_tolerance,0,53824,nan,nan,nan,nan,0.0132904052734375
Noisy,train__8192_23040_y256_x0,8192_23040,test,5,25.16524130402555,1.0,nan,False,no_textureless_window_satisfies_paper_tolerance,0,53824,nan,nan,nan,nan,0.0098114013671875
Noisy,train__8192_23040_y256_x256,8192_23040,test,5,24.99513762690545,1.0,nan,False,no_textureless_window_satisfies_paper_tolerance,0,53824,nan,nan,nan,nan,0.011260986328125
Noisy,train__8192_4096_y0_x0,8192_4096,test,5,19.49982268114683,1.0,nan,False,no_textureless_window_satisfies_paper_tolerance,0,53824,nan,nan,nan,nan,0.00946044921875
Noisy,train__8192_4096_y0_x256,8192_4096,test,5,29.194159156937275,1.0,nan,False,no_textureless_window_satisfies_paper_tolerance,0,53824,nan,nan,nan,nan,0.007720947265625
Noisy,train__8192_4096_y256_x0,8192_4096,test,5,29.36720614932198,1.0,nan,False,no_textureless_window_satisfies_paper_tolerance,0,53824,nan,nan,nan,nan,0.008575439453125
Noisy,train__8192_4608_y0_x0,8192_4608,test,5,25.659156562729446,1.0,nan,False,no_textureless_window_satisfies_paper_tolerance,0,53824,nan,nan,nan,nan,0.0093841552734375
Noisy,train__8192_4608_y256_x0,8192_4608,test,5,26.554692266502617,1.0,nan,False,no_textureless_window_satisfies_paper_tolerance,0,53824,nan,nan,nan,nan,0.009429931640625
Noisy,train__8192_4608_y256_x256,8192_4608,test,5,26.80226627812842,1.0,nan,False,no_textureless_window_satisfies_paper_tolerance,0,53824,nan,nan,nan,nan,0.0110626220703125
Noisy,train__8192_5120_y0_x0,8192_5120,test,5,21.789248156393853,1.0,nan,False,no_textureless_window_satisfies_paper_tolerance,0,53824,nan,nan,nan,nan,0.006195068359375
Noisy,train__8192_5120_y0_x256,8192_5120,test,5,23.743254563494123,1.0,nan,False,no_textureless_window_satisfies_paper_tolerance,0,53824,nan,nan,nan,nan,0.0174407958984375
Noisy,train__8192_5120_y256_x0,8192_5120,test,5,30.141420987592547,1.0,nan,False,no_textureless_window_satisfies_paper_tolerance,0,53824,nan,nan,nan,nan,0.007354736328125
Noisy,train__8192_5120_y256_x256,8192_5120,test,5,18.739154316969135,1.0,nan,False,no_textureless_window_satisfies_paper_tolerance,0,53824,nan,nan,nan,nan,0.010345458984375
Noisy,train__8192_7168_y0_x0,8192_7168,test,5,24.624112142057694,1.0,nan,False,no_textureless_window_satisfies_paper_tolerance,0,53824,nan,nan,nan,nan,0.009490966796875
Noisy,train__8192_7168_y0_x256,8192_7168,test,5,25.577986903202973,1.0,nan,False,no_textureless_window_satisfies_paper_tolerance,0,53824,nan,nan,nan,nan,0.00830078125
Noisy,train__8192_7168_y256_x0,8192_7168,test,5,21.653884260790793,1.0,nan,False,no_textureless_window_satisfies_paper_tolerance,0,53824,nan,nan,nan,nan,0.0113067626953125
Noisy,train__8192_7168_y256_x256,8192_7168,test,5,25.20389369791713,1.0,nan,False,no_textureless_window_satisfies_paper_tolerance,0,53824,nan,nan,nan,nan,0.0167083740234375
Noisy,train__8704_12288_y0_x0,8704_12288,test,5,23.58223331622378,1.0,nan,False,no_textureless_window_satisfies_paper_tolerance,0,53824,nan,nan,nan,nan,0.0131683349609375
Noisy,train__8704_12288_y256_x0,8704_12288,test,5,26.425613466127913,1.0,nan,False,no_textureless_window_satisfies_paper_tolerance,0,53824,nan,nan,nan,nan,0.00445556640625
Noisy,train__8704_13824_y0_x0,8704_13824,test,5,24.568016418006913,1.0,nan,False,no_textureless_window_satisfies_paper_tolerance,0,53824,nan,nan,nan,nan,0.007171630859375
Noisy,train__8704_13824_y0_x256,8704_13824,test,5,27.49279203380927,1.0,nan,False,no_textureless_window_satisfies_paper_tolerance,0,53824,nan,nan,nan,nan,0.0091705322265625
Noisy,train__8704_13824_y256_x0,8704_13824,test,5,24.977379243801764,1.0,nan,False,no_textureless_window_satisfies_paper_tolerance,0,53824,nan,nan,nan,nan,0.0097808837890625
Noisy,train__8704_19456_y0_x0,8704_19456,test,5,22.80720813420142,1.0,nan,False,no_textureless_window_satisfies_paper_tolerance,0,53824,nan,nan,nan,nan,0.0101165771484375
Noisy,train__8704_19456_y0_x256,8704_19456,test,5,25.435681906894647,1.0,nan,False,no_textureless_window_satisfies_paper_tolerance,0,53824,nan,nan,nan,nan,0.0116729736328125
Noisy,train__8704_19456_y256_x0,8704_19456,test,5,21.18936548601322,1.0,nan,False,no_textureless_window_satisfies_paper_tolerance,0,53824,nan,nan,nan,nan,0.01116943359375
Noisy,train__8704_19456_y256_x256,8704_19456,test,5,23.742121079838302,1.0,nan,False,no_textureless_window_satisfies_paper_tolerance,0,53824,nan,nan,nan,nan,0.00994873046875
Noisy,train__8704_25088_y0_x0,8704_25088,test,5,38.8905608126739,1.0,nan,False,no_textureless_window_satisfies_paper_tolerance,0,53824,nan,nan,nan,nan,0.0099029541015625
Noisy,train__8704_25088_y0_x256,8704_25088,test,5,40.570881999550004,1.0,nan,False,no_textureless_window_satisfies_paper_tolerance,0,53824,nan,nan,nan,nan,0.0293121337890625
Noisy,train__8704_25088_y256_x0,8704_25088,test,5,41.776880264179454,1.0,nan,False,no_textureless_window_satisfies_paper_tolerance,0,53824,nan,nan,nan,nan,0.0001220703125
Noisy,train__8704_25088_y256_x256,8704_25088,test,5,41.27550789479044,1.0,nan,False,no_textureless_window_satisfies_paper_tolerance,0,53824,nan,nan,nan,nan,0.009735107421875
Noisy,train__9216_10240_y0_x0,9216_10240,test,5,20.140854777502778,1.0,nan,False,no_textureless_window_satisfies_paper_tolerance,0,53824,nan,nan,nan,nan,0.0103607177734375
Noisy,train__9216_10240_y0_x256,9216_10240,test,5,28.485132940684906,1.0,nan,False,no_textureless_window_satisfies_paper_tolerance,0,53824,nan,nan,nan,nan,0.0063629150390625
Noisy,train__9216_10240_y256_x256,9216_10240,test,5,27.989453885238987,1.0,nan,False,no_textureless_window_satisfies_paper_tolerance,0,53824,nan,nan,nan,nan,0.0075836181640625
Noisy,train__9216_11776_y0_x0,9216_11776,test,5,42.625569233188706,1.0,nan,False,no_textureless_window_satisfies_paper_tolerance,0,53824,nan,nan,nan,nan,0.0001678466796875
Noisy,train__9216_11776_y0_x256,9216_11776,test,5,37.52514026468896,1.0,nan,False,no_textureless_window_satisfies_paper_tolerance,0,53824,nan,nan,nan,nan,0.0410003662109375
Noisy,train__9216_11776_y256_x0,9216_11776,test,5,42.42093640675212,1.0,nan,False,no_textureless_window_satisfies_paper_tolerance,0,53824,nan,nan,nan,nan,0.000152587890625
Noisy,train__9216_11776_y256_x256,9216_11776,test,5,42.595557474621515,1.0,nan,False,no_textureless_window_satisfies_paper_tolerance,0,53824,nan,nan,nan,nan,0.000701904296875
Noisy,train__9216_16384_y0_x0,9216_16384,test,5,21.015439994948924,1.0,nan,False,no_textureless_window_satisfies_paper_tolerance,0,53824,nan,nan,nan,nan,0.0101776123046875
Noisy,train__9216_16384_y0_x256,9216_16384,test,5,23.383831187598833,1.0,nan,False,no_textureless_window_satisfies_paper_tolerance,0,53824,nan,nan,nan,nan,0.0142364501953125
Noisy,train__9216_16384_y256_x256,9216_16384,test,5,15.705358784793043,1.0,nan,False,no_textureless_window_satisfies_paper_tolerance,0,53824,nan,nan,nan,nan,0.0151824951171875
Noisy,train__9216_18432_y0_x256,9216_18432,test,5,25.15587283732092,1.0,nan,False,no_textureless_window_satisfies_paper_tolerance,0,53824,nan,nan,nan,nan,0.01092529296875
Noisy,train__9216_18432_y256_x256,9216_18432,test,5,26.34140157955423,1.0,nan,False,no_textureless_window_satisfies_paper_tolerance,0,53824,nan,nan,nan,nan,0.009002685546875
Noisy,train__9728_12800_y0_x256,9728_12800,test,5,27.030746527270544,1.0,nan,False,no_textureless_window_satisfies_paper_tolerance,0,53824,nan,nan,nan,nan,0.009613037109375
Noisy,train__9728_12800_y256_x0,9728_12800,test,5,25.80467705606248,1.0,nan,False,no_textureless_window_satisfies_paper_tolerance,0,53824,nan,nan,nan,nan,0.016845703125
Noisy,train__9728_12800_y256_x256,9728_12800,test,5,28.59644330442224,1.0,nan,False,no_textureless_window_satisfies_paper_tolerance,0,53824,nan,nan,nan,nan,0.008331298828125
Noisy,train__9728_14336_y0_x0,9728_14336,test,5,37.736120569132865,1.0,nan,False,no_textureless_window_satisfies_paper_tolerance,0,53824,nan,nan,nan,nan,0.000396728515625
Noisy,train__9728_14336_y256_x0,9728_14336,test,5,35.66103327586069,1.0,nan,False,no_textureless_window_satisfies_paper_tolerance,0,53824,nan,nan,nan,nan,0.0240478515625
Noisy,train__9728_14336_y256_x256,9728_14336,test,5,36.545527880522464,1.0,nan,False,no_textureless_window_satisfies_paper_tolerance,0,53824,nan,nan,nan,nan,0.0003204345703125
Noisy,train__9728_15360_y0_x0,9728_15360,test,5,31.973586289679552,1.0,nan,False,no_textureless_window_satisfies_paper_tolerance,0,53824,nan,nan,nan,nan,0.002288818359375
Noisy,train__9728_15360_y256_x256,9728_15360,test,5,27.19561266786237,1.0,nan,False,no_textureless_window_satisfies_paper_tolerance,0,53824,nan,nan,nan,nan,0.002716064453125
Noisy,train__9728_17408_y0_x0,9728_17408,test,5,30.36918829757284,1.0,nan,False,no_textureless_window_satisfies_paper_tolerance,0,53824,nan,nan,nan,nan,0.0094146728515625
Noisy,train__9728_17408_y0_x256,9728_17408,test,5,23.913212158754014,1.0,nan,False,no_textureless_window_satisfies_paper_tolerance,0,53824,nan,nan,nan,nan,0.0114898681640625
Noisy,train__9728_17408_y256_x0,9728_17408,test,5,22.872025757959022,1.0,nan,False,no_textureless_window_satisfies_paper_tolerance,0,53824,nan,nan,nan,nan,0.0091094970703125
Noisy,train__9728_17408_y256_x256,9728_17408,test,5,25.63149655796122,1.0,nan,False,no_textureless_window_satisfies_paper_tolerance,0,53824,nan,nan,nan,nan,0.0113372802734375
Noisy,train__9728_18432_y0_x0,9728_18432,test,5,27.488011862333472,1.0,nan,False,no_textureless_window_satisfies_paper_tolerance,0,53824,nan,nan,nan,nan,0.0115509033203125
Noisy,train__9728_18432_y0_x256,9728_18432,test,5,25.54547590509045,1.0,nan,False,no_textureless_window_satisfies_paper_tolerance,0,53824,nan,nan,nan,nan,0.0131988525390625
Noisy,train__9728_18432_y256_x0,9728_18432,test,5,26.122843947024773,1.0,nan,False,no_textureless_window_satisfies_paper_tolerance,0,53824,nan,nan,nan,nan,0.0084381103515625
Noisy,train__9728_22528_y0_x256,9728_22528,test,5,50.93433659317234,1.0,nan,False,no_textureless_window_satisfies_paper_tolerance,0,53824,nan,nan,nan,nan,0.00433349609375
Noisy,train__9728_22528_y256_x0,9728_22528,test,5,41.151374691760296,1.0,nan,False,no_textureless_window_satisfies_paper_tolerance,0,53824,nan,nan,nan,nan,0.0136566162109375
Noisy,train__9728_22528_y256_x256,9728_22528,test,5,43.58560931681928,1.0,nan,False,no_textureless_window_satisfies_paper_tolerance,0,53824,nan,nan,nan,nan,0.033935546875
Noisy,train__9728_24576_y0_x0,9728_24576,test,5,23.98508752286867,1.0,nan,False,no_textureless_window_satisfies_paper_tolerance,0,53824,nan,nan,nan,nan,0.01287841796875
Noisy,train__9728_24576_y0_x256,9728_24576,test,5,22.812023432313914,1.0,nan,False,no_textureless_window_satisfies_paper_tolerance,0,53824,nan,nan,nan,nan,0.00799560546875
Noisy,train__9728_24576_y256_x0,9728_24576,test,5,22.46060718645239,1.0,nan,False,no_textureless_window_satisfies_paper_tolerance,0,53824,nan,nan,nan,nan,0.010345458984375
Noisy,train__9728_24576_y256_x256,9728_24576,test,5,18.984538012921508,1.0,nan,False,no_textureless_window_satisfies_paper_tolerance,0,53824,nan,nan,nan,nan,0.0146636962890625
Noisy,train__9728_3584_y0_x0,9728_3584,test,5,29.71370919901757,1.0,nan,False,no_textureless_window_satisfies_paper_tolerance,0,53824,nan,nan,nan,nan,0.01055908203125
Noisy,train__9728_3584_y0_x256,9728_3584,test,5,25.625329547359378,1.0,nan,False,no_textureless_window_satisfies_paper_tolerance,0,53824,nan,nan,nan,nan,0.0110321044921875
Noisy,train__9728_3584_y256_x0,9728_3584,test,5,32.796733983616065,1.0,nan,False,no_textureless_window_satisfies_paper_tolerance,0,53824,nan,nan,nan,nan,0.004364013671875
Noisy,train__9728_3584_y256_x256,9728_3584,test,5,24.35502081167956,1.0,nan,False,no_textureless_window_satisfies_paper_tolerance,0,53824,nan,nan,nan,nan,0.0157012939453125
Noisy,train__9728_4096_y256_x0,9728_4096,test,5,24.660223620479574,1.0,nan,False,no_textureless_window_satisfies_paper_tolerance,0,53824,nan,nan,nan,nan,0.0137939453125
Noisy,train__9728_5120_y0_x0,9728_5120,test,5,21.25258593228697,1.0,nan,False,no_textureless_window_satisfies_paper_tolerance,0,53824,nan,nan,nan,nan,0.0076446533203125
Noisy,train__9728_5120_y0_x256,9728_5120,test,5,20.46876500564465,1.0,nan,False,no_textureless_window_satisfies_paper_tolerance,0,53824,nan,nan,nan,nan,0.01318359375
Noisy,train__9728_5120_y256_x0,9728_5120,test,5,25.83758907319493,1.0,nan,False,no_textureless_window_satisfies_paper_tolerance,0,53824,nan,nan,nan,nan,0.0108184814453125
Noisy,train__9728_5120_y256_x256,9728_5120,test,5,25.693063857506292,1.0,nan,False,no_textureless_window_satisfies_paper_tolerance,0,53824,nan,nan,nan,nan,0.0086517333984375
Noisy,train__9728_6144_y0_x0,9728_6144,test,5,16.169542079163964,1.0,nan,False,no_textureless_window_satisfies_paper_tolerance,0,53824,nan,nan,nan,nan,0.01800537109375
Noisy,train__9728_6144_y0_x256,9728_6144,test,5,25.299334058235395,1.0,nan,False,no_textureless_window_satisfies_paper_tolerance,0,53824,nan,nan,nan,nan,0.0057220458984375
Noisy,train__9728_6144_y256_x0,9728_6144,test,5,17.530757861092788,1.0,nan,False,no_textureless_window_satisfies_paper_tolerance,0,53824,nan,nan,nan,nan,0.012451171875
Noisy,train__9728_6656_y0_x0,9728_6656,test,5,32.09589680443906,1.0,nan,False,no_textureless_window_satisfies_paper_tolerance,0,53824,nan,nan,nan,nan,0.0050811767578125
Noisy,train__9728_6656_y256_x0,9728_6656,test,5,34.65559954300468,1.0,nan,False,no_textureless_window_satisfies_paper_tolerance,0,53824,nan,nan,nan,nan,0.0060577392578125
Noisy,train__9728_6656_y256_x256,9728_6656,test,5,34.34251560164451,1.0,nan,False,no_textureless_window_satisfies_paper_tolerance,0,53824,nan,nan,nan,nan,0.0172119140625
Noisy,train__9728_7680_y0_x0,9728_7680,test,5,31.1243237376705,1.0,nan,False,no_textureless_window_satisfies_paper_tolerance,0,53824,nan,nan,nan,nan,0.0066070556640625
Noisy,train__9728_7680_y0_x256,9728_7680,test,5,33.26020913881401,1.0,nan,False,no_textureless_window_satisfies_paper_tolerance,0,53824,nan,nan,nan,nan,0.00732421875
Noisy,train__9728_7680_y256_x0,9728_7680,test,5,31.778671632853808,1.0,nan,False,no_textureless_window_satisfies_paper_tolerance,0,53824,nan,nan,nan,nan,0.0240325927734375
Noisy,train__9728_7680_y256_x256,9728_7680,test,5,33.44256303328194,1.0,nan,False,no_textureless_window_satisfies_paper_tolerance,0,53824,nan,nan,nan,nan,0.005828857421875
Noisy,val__10240_17920_y0_x256,10240_17920,test,5,21.271148463834,1.0,nan,False,no_textureless_window_satisfies_paper_tolerance,0,53824,nan,nan,nan,nan,0.0154876708984375
Noisy,val__10240_17920_y256_x0,10240_17920,test,5,18.57592238616047,1.0,nan,False,no_textureless_window_satisfies_paper_tolerance,0,53824,nan,nan,nan,nan,0.01177978515625
Noisy,val__10240_8192_y0_x256,10240_8192,test,5,27.425406474858544,1.0,nan,False,no_textureless_window_satisfies_paper_tolerance,0,53824,nan,nan,nan,nan,0.00628662109375
Noisy,val__1024_17920_y0_x0,1024_17920,test,5,16.69357086833526,1.0,nan,False,no_textureless_window_satisfies_paper_tolerance,0,53824,nan,nan,nan,nan,0.0111846923828125
Noisy,val__1024_2560_y0_x256,1024_2560,test,5,21.859518035869606,1.0,nan,False,no_textureless_window_satisfies_paper_tolerance,0,53824,nan,nan,nan,nan,0.0281524658203125
Noisy,val__1024_512_y0_x256,1024_512,test,5,20.0472955718359,1.0,nan,False,no_textureless_window_satisfies_paper_tolerance,0,53824,nan,nan,nan,nan,0.0074005126953125
Noisy,val__10752_1024_y256_x256,10752_1024,test,5,26.261041672167824,1.0,nan,False,no_textureless_window_satisfies_paper_tolerance,0,53824,nan,nan,nan,nan,0.0066070556640625
Noisy,val__10752_25088_y0_x0,10752_25088,test,5,26.63405247992818,1.0,nan,False,no_textureless_window_satisfies_paper_tolerance,0,53824,nan,nan,nan,nan,0.0134429931640625
Noisy,val__10752_5632_y256_x0,10752_5632,test,5,23.58500707161964,1.0,nan,False,no_textureless_window_satisfies_paper_tolerance,0,53824,nan,nan,nan,nan,0.013885498046875
Noisy,val__11264_11264_y0_x256,11264_11264,test,5,30.54165816003087,1.0,nan,False,no_textureless_window_satisfies_paper_tolerance,0,53824,nan,nan,nan,nan,0.0228118896484375
Noisy,val__11264_1536_y0_x0,11264_1536,test,5,21.4668637286039,1.0,nan,False,no_textureless_window_satisfies_paper_tolerance,0,53824,nan,nan,nan,nan,0.0081329345703125
Noisy,val__11264_5120_y0_x256,11264_5120,test,5,24.513871475512374,1.0,nan,False,no_textureless_window_satisfies_paper_tolerance,0,53824,nan,nan,nan,nan,0.0059661865234375
Noisy,val__11776_1536_y0_x0,11776_1536,test,5,17.01020486050283,1.0,nan,False,no_textureless_window_satisfies_paper_tolerance,0,53824,nan,nan,nan,nan,0.0140838623046875
Noisy,val__11776_5120_y256_x0,11776_5120,test,5,25.312872423252468,1.0,nan,False,no_textureless_window_satisfies_paper_tolerance,0,53824,nan,nan,nan,nan,0.0004730224609375
Noisy,val__11776_9728_y0_x0,11776_9728,test,5,28.035745791852612,1.0,nan,False,no_textureless_window_satisfies_paper_tolerance,0,53824,nan,nan,nan,nan,0.0044403076171875
Noisy,val__12288_21504_y0_x0,12288_21504,test,5,18.71444143769875,1.0,nan,False,no_textureless_window_satisfies_paper_tolerance,0,53824,nan,nan,nan,nan,0.01171875
Noisy,val__13312_10752_y0_x256,13312_10752,test,5,21.998938035407274,1.0,nan,False,no_textureless_window_satisfies_paper_tolerance,0,53824,nan,nan,nan,nan,0.01641845703125
Noisy,val__13312_17408_y0_x256,13312_17408,test,5,37.02716120231707,1.0,nan,False,no_textureless_window_satisfies_paper_tolerance,0,53824,nan,nan,nan,nan,0.0004425048828125
Noisy,val__13312_512_y0_x256,13312_512,test,5,73.49832213786833,1.0,nan,False,no_textureless_window_satisfies_paper_tolerance,0,53824,nan,nan,nan,nan,0.0
Noisy,val__13312_6144_y0_x256,13312_6144,test,5,25.113377563956988,1.0,nan,False,no_textureless_window_satisfies_paper_tolerance,0,53824,nan,nan,nan,nan,0.0159454345703125
Noisy,val__13824_17920_y256_x256,13824_17920,test,5,28.564832793162914,1.0,nan,False,no_textureless_window_satisfies_paper_tolerance,0,53824,nan,nan,nan,nan,0.0048065185546875
Noisy,val__13824_23552_y0_x0,13824_23552,test,5,39.525779565335505,1.0,nan,False,no_textureless_window_satisfies_paper_tolerance,0,53824,nan,nan,nan,nan,0.0019683837890625
Noisy,val__14848_11264_y256_x0,14848_11264,test,5,20.776729190893537,1.0,nan,False,no_textureless_window_satisfies_paper_tolerance,0,53824,nan,nan,nan,nan,0.0235137939453125
Noisy,val__14848_21504_y0_x0,14848_21504,test,5,38.68009402918377,1.0,nan,False,no_textureless_window_satisfies_paper_tolerance,0,53824,nan,nan,nan,nan,0.018341064453125
Noisy,val__14848_24576_y256_x0,14848_24576,test,5,44.49573123832665,1.0,nan,False,no_textureless_window_satisfies_paper_tolerance,0,53824,nan,nan,nan,nan,0.01776123046875
Noisy,val__1536_13824_y0_x0,1536_13824,test,5,17.032863149844705,1.0,nan,False,no_textureless_window_satisfies_paper_tolerance,0,53824,nan,nan,nan,nan,0.0115966796875
Noisy,val__1536_23040_y0_x256,1536_23040,test,5,15.967328591344378,1.0,nan,False,no_textureless_window_satisfies_paper_tolerance,0,53824,nan,nan,nan,nan,0.0131378173828125
Noisy,val__2048_10240_y0_x0,2048_10240,test,5,17.6527058336005,1.0,nan,False,no_textureless_window_satisfies_paper_tolerance,0,53824,nan,nan,nan,nan,0.0150604248046875
Noisy,val__2048_12800_y256_x256,2048_12800,test,5,15.963505787138834,1.0,nan,False,no_textureless_window_satisfies_paper_tolerance,0,53824,nan,nan,nan,nan,0.0156707763671875
Noisy,val__2048_15872_y256_x256,2048_15872,test,5,16.867768735863482,1.0,nan,False,no_textureless_window_satisfies_paper_tolerance,0,53824,nan,nan,nan,nan,0.010955810546875
Noisy,val__2048_7168_y256_x256,2048_7168,test,5,17.88315555449874,1.0,nan,False,no_textureless_window_satisfies_paper_tolerance,0,53824,nan,nan,nan,nan,0.0096282958984375
Noisy,val__2560_3072_y0_x256,2560_3072,test,5,15.936696594995405,1.0,nan,False,no_textureless_window_satisfies_paper_tolerance,0,53824,nan,nan,nan,nan,0.0081939697265625
Noisy,val__3072_2560_y256_x0,3072_2560,test,5,24.36976916755176,1.0,nan,False,no_textureless_window_satisfies_paper_tolerance,0,53824,nan,nan,nan,nan,0.01715087890625
Noisy,val__3584_9216_y0_x0,3584_9216,test,5,21.774581969510912,1.0,nan,False,no_textureless_window_satisfies_paper_tolerance,0,53824,nan,nan,nan,nan,0.007110595703125
Noisy,val__512_16896_y0_x256,512_16896,test,5,16.914303132491433,1.0,nan,False,no_textureless_window_satisfies_paper_tolerance,0,53824,nan,nan,nan,nan,0.011260986328125
Noisy,val__6144_2048_y256_x0,6144_2048,test,5,22.931035425605792,1.0,nan,False,no_textureless_window_satisfies_paper_tolerance,0,53824,nan,nan,nan,nan,0.0073089599609375
Noisy,val__6144_22016_y256_x0,6144_22016,test,5,35.56343007235961,1.0,nan,False,no_textureless_window_satisfies_paper_tolerance,0,53824,nan,nan,nan,nan,0.0007171630859375
Noisy,val__6656_13312_y0_x0,6656_13312,test,5,19.883924661397362,1.0,nan,False,no_textureless_window_satisfies_paper_tolerance,0,53824,nan,nan,nan,nan,0.0121917724609375
Noisy,val__6656_13312_y0_x256,6656_13312,test,5,20.000263929287907,1.0,nan,False,no_textureless_window_satisfies_paper_tolerance,0,53824,nan,nan,nan,nan,0.026397705078125
Noisy,val__6656_13312_y256_x0,6656_13312,test,5,27.13728627548024,1.0,nan,False,no_textureless_window_satisfies_paper_tolerance,0,53824,nan,nan,nan,nan,0.00177001953125
Noisy,val__6656_3584_y0_x256,6656_3584,test,5,20.830984333967788,1.0,nan,False,no_textureless_window_satisfies_paper_tolerance,0,53824,nan,nan,nan,nan,0.009368896484375
Noisy,val__7168_2048_y0_x0,7168_2048,test,5,23.04828634423054,1.0,nan,False,no_textureless_window_satisfies_paper_tolerance,0,53824,nan,nan,nan,nan,0.008392333984375
Noisy,val__7168_24576_y256_x256,7168_24576,test,5,22.250055983102282,1.0,nan,False,no_textureless_window_satisfies_paper_tolerance,0,53824,nan,nan,nan,nan,0.0111083984375
Noisy,val__7168_3072_y256_x256,7168_3072,test,5,28.741730487100703,1.0,nan,False,no_textureless_window_satisfies_paper_tolerance,0,53824,nan,nan,nan,nan,0.013671875
Noisy,val__7680_15360_y256_x0,7680_15360,test,5,37.84623596505309,1.0,nan,False,no_textureless_window_satisfies_paper_tolerance,0,53824,nan,nan,nan,nan,0.01776123046875
Noisy,val__7680_15360_y256_x256,7680_15360,test,5,37.958763806269474,1.0,nan,False,no_textureless_window_satisfies_paper_tolerance,0,53824,nan,nan,nan,nan,0.020263671875
Noisy,val__8192_16384_y0_x256,8192_16384,test,5,23.611171603744896,1.0,nan,False,no_textureless_window_satisfies_paper_tolerance,0,53824,nan,nan,nan,nan,0.0116119384765625
Noisy,val__8192_22528_y0_x0,8192_22528,test,5,22.55798468133245,1.0,nan,False,no_textureless_window_satisfies_paper_tolerance,0,53824,nan,nan,nan,nan,0.0367889404296875
Noisy,val__8192_4608_y0_x256,8192_4608,test,5,22.84786789190556,1.0,nan,False,no_textureless_window_satisfies_paper_tolerance,0,53824,nan,nan,nan,nan,0.01458740234375
Noisy,val__9216_18432_y256_x0,9216_18432,test,5,25.69487858357552,1.0,nan,False,no_textureless_window_satisfies_paper_tolerance,0,53824,nan,nan,nan,nan,0.01605224609375
Noisy,val__9728_15360_y0_x256,9728_15360,test,5,29.68485735386423,1.0,nan,False,no_textureless_window_satisfies_paper_tolerance,0,53824,nan,nan,nan,nan,0.0013580322265625
Noisy,val__9728_4096_y0_x0,9728_4096,test,5,26.827497053026626,1.0,nan,False,no_textureless_window_satisfies_paper_tolerance,0,53824,nan,nan,nan,nan,0.0079345703125
Noisy,val__9728_6144_y256_x256,9728_6144,test,5,29.098733327350107,1.0,nan,False,no_textureless_window_satisfies_paper_tolerance,0,53824,nan,nan,nan,nan,0.00543212890625
Noisy,val__9728_6656_y0_x256,9728_6656,test,5,26.245364345589962,1.0,nan,False,no_textureless_window_satisfies_paper_tolerance,0,53824,nan,nan,nan,nan,0.0131988525390625
