method,sample_id,parent_id,split,roi_id,x,y,width,height,mean,variance,enl
Noisy,test__10240_8192_y256_x0,10240_8192,test,roi01,96,32,32,32,0.7348601773555856,0.018354638593723386,29.42141723497349
Noisy,test__10240_8192_y256_x0,10240_8192,test,roi02,0,0,32,32,0.7204016345640412,0.019442525455076624,26.692957984377088
Noisy,test__10240_8192_y256_x0,10240_8192,test,roi03,0,64,32,32,0.7102283970525605,0.019891405486657222,25.358910727460046
Noisy,test__10240_8192_y256_x0,10240_8192,test,roi04,224,32,32,32,0.5632897574323579,0.013366365518060844,23.738341615712223
Noisy,test__10240_8192_y256_x0,10240_8192,test,roi05,0,32,32,32,0.6804876845126273,0.02023089283165829,22.888929946222273
Noisy,test__10240_8192_y256_x256,10240_8192,test,roi01,64,224,32,32,0.676236471736047,0.013904262854773166,32.88888957885555
Noisy,test__10240_8192_y256_x256,10240_8192,test,roi02,32,224,32,32,0.6829680067166919,0.0159823100988157,29.18509873194959
Noisy,test__10240_8192_y256_x256,10240_8192,test,roi03,96,224,32,32,0.6912355050735641,0.016981245046959807,28.137308080354696
Noisy,test__10240_8192_y256_x256,10240_8192,test,roi04,224,96,32,32,0.6865261321800062,0.01763337603413244,26.728751729318418
Noisy,test__10240_8192_y256_x256,10240_8192,test,roi05,32,192,32,32,0.6514322971634101,0.017198189098815927,24.674925676728044
Noisy,test__1024_17920_y256_x0,1024_17920,test,roi01,64,160,32,32,0.6777462216850836,0.02478299024789333,18.53448419314342
Noisy,test__1024_17920_y256_x0,1024_17920,test,roi02,192,96,32,32,0.6480086225201376,0.023412653305405727,17.93539456561689
Noisy,test__1024_17920_y256_x0,1024_17920,test,roi03,32,192,32,32,0.6624095875304192,0.02517518307221121,17.429325554202624
Noisy,test__1024_17920_y256_x0,1024_17920,test,roi04,96,64,32,32,0.6708095742214937,0.026923487436360544,16.713491739540025
Noisy,test__1024_17920_y256_x0,1024_17920,test,roi05,160,0,32,32,0.6637542440439574,0.02679416712100395,16.44274645659737
Noisy,test__1024_8192_y0_x0,1024_8192,test,roi01,96,64,32,32,0.6637441856146324,0.026830536221636697,16.419960462137837
Noisy,test__1024_8192_y0_x0,1024_8192,test,roi02,192,32,32,32,0.6575213633477688,0.026629685880928504,16.235052309360334
Noisy,test__1024_8192_y0_x0,1024_8192,test,roi03,96,96,32,32,0.634836403420195,0.025185049441581515,16.002242125524322
Noisy,test__1024_8192_y0_x0,1024_8192,test,roi04,0,0,32,32,0.6613387046963908,0.02778004178531989,15.743996560891551
Noisy,test__1024_8192_y0_x0,1024_8192,test,roi05,64,32,32,32,0.6692761296289973,0.028815065003591597,15.545012223131858
Noisy,test__1024_8192_y256_x256,1024_8192,test,roi01,224,64,32,32,0.681417993910145,0.026270103595625628,17.67524367516558
Noisy,test__1024_8192_y256_x256,1024_8192,test,roi02,192,0,32,32,0.6882576778589282,0.026871028492193375,17.628600679329566
Noisy,test__1024_8192_y256_x256,1024_8192,test,roi03,64,224,32,32,0.6788720648328308,0.027108792081096594,17.000657168039645
Noisy,test__1024_8192_y256_x256,1024_8192,test,roi04,192,32,32,32,0.6896970387024339,0.028427694771742232,16.733048846005808
Noisy,test__1024_8192_y256_x256,1024_8192,test,roi05,0,128,32,32,0.6659843421366531,0.02686280174772602,16.511127474212053
Noisy,test__10752_17920_y0_x0,10752_17920,test,roi01,96,64,32,32,0.6952355168759823,0.01406001001767853,34.377815045513124
Noisy,test__10752_17920_y0_x0,10752_17920,test,roi02,32,128,32,32,0.7343525686665089,0.016315738475632564,33.05236204371018
Noisy,test__10752_17920_y0_x0,10752_17920,test,roi03,96,224,32,32,0.7185861670586746,0.01566766979349532,32.957426745262076
Noisy,test__10752_17920_y0_x0,10752_17920,test,roi04,160,0,32,32,0.6991124726191629,0.015371940189850674,31.795482114507738
Noisy,test__10752_17920_y0_x0,10752_17920,test,roi05,224,0,32,32,0.6902257753536105,0.015402684769239136,30.930427266416533
Noisy,test__10752_8192_y256_x256,10752_8192,test,roi01,0,192,32,32,0.7163212411105633,0.016792582716322314,30.556116896028815
Noisy,test__10752_8192_y256_x256,10752_8192,test,roi02,160,224,32,32,0.3629241158487275,0.0066638145851702895,19.76554302061433
Noisy,test__10752_8192_y256_x256,10752_8192,test,roi03,224,160,32,32,0.3630724056638428,0.007226808282925591,18.240634951667126
Noisy,test__10752_8192_y256_x256,10752_8192,test,roi04,224,128,32,32,0.3501958640990779,0.006986820369981229,17.552640076308318
Noisy,test__10752_8192_y256_x256,10752_8192,test,roi05,224,224,32,32,0.35888541570602683,0.007784700552955822,16.545111880711104
Noisy,test__11264_11264_y256_x256,11264_11264,test,roi01,0,0,32,32,0.6835440947470488,0.01566124403863804,29.833679132439773
Noisy,test__11264_11264_y256_x256,11264_11264,test,roi02,224,160,32,32,0.7303200380556518,0.0209793317811763,25.42346741778365
Noisy,test__11264_11264_y256_x256,11264_11264,test,roi03,32,0,32,32,0.665820117261319,0.018656622926028335,23.761879644970172
Noisy,test__11264_11264_y256_x256,11264_11264,test,roi04,32,192,32,32,0.6919303926260909,0.020478611685924276,23.378912378555984
Noisy,test__11264_11264_y256_x256,11264_11264,test,roi05,32,160,32,32,0.6883671413888806,0.02033718525361787,23.299651128447284
Noisy,test__11264_5120_y256_x0,11264_5120,test,roi01,192,0,32,32,0.6710858878141153,0.024609482391042072,18.300111382561642
Noisy,test__11264_5120_y256_x0,11264_5120,test,roi02,0,0,32,32,0.5779730374924839,0.022188838357783115,15.0549941678724
Noisy,test__11264_5120_y256_x0,11264_5120,test,roi03,64,160,32,32,0.626560457443702,0.026098866529734397,15.041956185522372
Noisy,test__11264_5120_y256_x0,11264_5120,test,roi04,224,224,32,32,0.6442588464051369,0.028276029363534124,14.679198972206741
Noisy,test__11264_5120_y256_x0,11264_5120,test,roi05,224,0,32,32,0.5771515006927075,0.023147072073330756,14.390755500158265
Noisy,test__11776_1536_y0_x256,11776_1536,test,roi01,128,192,32,32,0.6176667292020284,0.016016098685688665,23.820544306712822
Noisy,test__11776_1536_y0_x256,11776_1536,test,roi02,96,192,32,32,0.6288274178368738,0.016993332978811285,23.269356395030805
Noisy,test__11776_1536_y0_x256,11776_1536,test,roi03,160,0,32,32,0.5786914322525263,0.01451393252170029,23.073262416080805
Noisy,test__11776_1536_y0_x256,11776_1536,test,roi04,160,192,32,32,0.6261789197887992,0.017026730592895147,23.028498480588024
Noisy,test__11776_1536_y0_x256,11776_1536,test,roi05,64,192,32,32,0.6288451251748484,0.01793319597919707,22.05107176182637
Noisy,test__11776_6144_y256_x0,11776_6144,test,roi01,160,160,32,32,0.6397595200396609,0.008820241766608538,46.4037442863376
Noisy,test__11776_6144_y256_x0,11776_6144,test,roi02,224,224,32,32,0.6381577289430425,0.009687713369100088,42.03729729542685
Noisy,test__11776_6144_y256_x0,11776_6144,test,roi03,64,192,32,32,0.6907315532444045,0.012739589737863675,37.450976716259234
Noisy,test__11776_6144_y256_x0,11776_6144,test,roi04,96,128,32,32,0.642623027873924,0.011650091812429108,35.44730484555252
Noisy,test__11776_6144_y256_x0,11776_6144,test,roi05,0,160,32,32,0.547706931058201,0.008568590978560053,35.00959295172296
Noisy,test__12288_19456_y0_x0,12288_19456,test,roi01,224,32,32,32,0.7032971665321384,0.013543042380698244,36.52258410983668
Noisy,test__12288_19456_y0_x0,12288_19456,test,roi02,224,128,32,32,0.7188374837714946,0.014567364796903546,35.47157191977301
Noisy,test__12288_19456_y0_x0,12288_19456,test,roi03,224,192,32,32,0.7228306709148455,0.014810310624195501,35.278407865506004
Noisy,test__12288_19456_y0_x0,12288_19456,test,roi04,64,32,32,32,0.6810351756575983,0.014240784301531466,32.56905663777924
Noisy,test__12288_19456_y0_x0,12288_19456,test,roi05,160,160,32,32,0.709174736373825,0.01545994299365956,32.53109063320257
Noisy,test__12288_2560_y0_x256,12288_2560,test,roi01,0,192,32,32,0.7486071177700069,0.01892583864381439,29.610979324241406
Noisy,test__12288_2560_y0_x256,12288_2560,test,roi02,224,0,32,32,0.6599713186442386,0.0173259738624372,25.13925883135009
Noisy,test__12288_2560_y0_x256,12288_2560,test,roi03,64,224,32,32,0.6600648531166371,0.017676284328800924,24.648031351815362
Noisy,test__12288_2560_y0_x256,12288_2560,test,roi04,64,192,32,32,0.6378936844412237,0.01706481040199512,23.844879788551655
Noisy,test__12288_2560_y0_x256,12288_2560,test,roi05,128,0,32,32,0.6262880361900898,0.018108094655233258,21.660849014917336
Noisy,test__12288_5632_y256_x0,12288_5632,test,roi01,32,160,32,32,0.6797573283256497,0.015728649965027743,29.377602428678
Noisy,test__12288_5632_y256_x0,12288_5632,test,roi02,96,160,32,32,0.7059131480928045,0.01772929680502812,28.106775927456383
Noisy,test__12288_5632_y256_x0,12288_5632,test,roi03,32,224,32,32,0.6951744807156501,0.017347681978432786,27.85775985743156
Noisy,test__12288_5632_y256_x0,12288_5632,test,roi04,64,64,32,32,0.6715410354081541,0.016377013300971625,27.536605970167983
Noisy,test__12288_5632_y256_x0,12288_5632,test,roi05,0,224,32,32,0.6765991867869161,0.01667609672686856,27.451655327899946
Noisy,test__12288_5632_y256_x256,12288_5632,test,roi01,0,128,32,32,0.7076163215388078,0.017630564265892698,28.400727903915453
Noisy,test__12288_5632_y256_x256,12288_5632,test,roi02,160,128,32,32,0.6971937345078913,0.019142350187960268,25.392864442673467
Noisy,test__12288_5632_y256_x256,12288_5632,test,roi03,0,160,32,32,0.6837977245959337,0.019646280006942032,23.79989127699273
Noisy,test__12288_5632_y256_x256,12288_5632,test,roi04,224,96,32,32,0.6396417077921797,0.017802527263676298,22.98221529378558
Noisy,test__12288_5632_y256_x256,12288_5632,test,roi05,32,0,32,32,0.6999056586937513,0.02146691900390002,22.819666435716126
Noisy,test__12800_13824_y256_x256,12800_13824,test,roi01,160,224,32,32,0.7305624560831347,0.01813646963882759,29.428081256541834
Noisy,test__12800_13824_y256_x256,12800_13824,test,roi02,192,128,32,32,0.7000094254981377,0.019120165965269643,25.628082762268136
Noisy,test__12800_13824_y256_x256,12800_13824,test,roi03,192,192,32,32,0.695950676134089,0.019640285787884373,24.660911192559023
Noisy,test__12800_13824_y256_x256,12800_13824,test,roi04,192,0,32,32,0.7120534023706568,0.021099942125231634,24.029452062872068
Noisy,test__12800_13824_y256_x256,12800_13824,test,roi05,192,32,32,32,0.6944246653729351,0.0210233311915074,22.937640637707936
Noisy,test__13312_6144_y0_x0,13312_6144,test,roi01,0,32,32,32,0.6804157087826752,0.017875239092405855,25.899823457741455
Noisy,test__13312_6144_y0_x0,13312_6144,test,roi02,64,128,32,32,0.6859026805614121,0.01867325548116431,25.19445458644774
Noisy,test__13312_6144_y0_x0,13312_6144,test,roi03,32,192,32,32,0.6800639330758713,0.018760724105463582,24.651871136249785
Noisy,test__13312_6144_y0_x0,13312_6144,test,roi04,64,64,32,32,0.6783899506990565,0.01884911094750757,24.415630344110344
Noisy,test__13312_6144_y0_x0,13312_6144,test,roi05,128,64,32,32,0.6537625939454301,0.01750588337823835,24.41496495821326
Noisy,test__14336_17408_y256_x0,14336_17408,test,roi01,128,224,32,32,0.7220035681093577,0.013003215134182075,40.0892507724732
Noisy,test__14336_17408_y256_x0,14336_17408,test,roi02,160,224,32,32,0.6990931391483173,0.012214044309410253,40.01387295015033
Noisy,test__14336_17408_y256_x0,14336_17408,test,roi03,160,160,32,32,0.7523387853434542,0.014928359335559985,37.91532848380703
Noisy,test__14336_17408_y256_x0,14336_17408,test,roi04,128,192,32,32,0.7005268219509162,0.013180942375776038,37.23086060785226
Noisy,test__14336_17408_y256_x0,14336_17408,test,roi05,64,0,32,32,0.7278735354630044,0.015247188286314519,34.74738251267928
Noisy,test__14848_1024_y0_x0,14848_1024,test,roi01,160,160,32,32,0.6726812094129855,0.022680287960723834,19.951246222310992
Noisy,test__14848_1024_y0_x0,14848_1024,test,roi02,64,96,32,32,0.7004373755480628,0.028002275750158324,17.52045160336242
Noisy,test__14848_1024_y0_x0,14848_1024,test,roi03,0,96,32,32,0.6898182042641565,0.0283726071103446,16.771428620697034
Noisy,test__14848_1024_y0_x0,14848_1024,test,roi04,160,0,32,32,0.6673792985384353,0.02727615420750681,16.329102876059938
Noisy,test__14848_1024_y0_x0,14848_1024,test,roi05,64,64,32,32,0.6835418323607882,0.028849298563113773,16.195521550202805
Noisy,test__14848_11264_y0_x256,14848_11264,test,roi01,32,128,32,32,0.6886426045093685,0.01796529073337491,26.396936391597112
Noisy,test__14848_11264_y0_x256,14848_11264,test,roi02,224,64,32,32,0.7022581093478948,0.019509587867662742,25.278158385001362
Noisy,test__14848_11264_y0_x256,14848_11264,test,roi03,192,192,32,32,0.6720002235815628,0.01846350011903858,24.45821743343347
Noisy,test__14848_11264_y0_x256,14848_11264,test,roi04,192,96,32,32,0.7031784568098374,0.020361964973637788,24.283508136942153
Noisy,test__14848_11264_y0_x256,14848_11264,test,roi05,64,160,32,32,0.6875740010436857,0.019596538997026604,24.124566434050127
Noisy,test__14848_16384_y256_x0,14848_16384,test,roi01,96,128,32,32,0.6886189655051567,0.0133574184310797,35.50057835652171
Noisy,test__14848_16384_y256_x0,14848_16384,test,roi02,224,192,32,32,0.6899457614927087,0.014887220811257897,31.975421056546544
Noisy,test__14848_16384_y256_x0,14848_16384,test,roi03,160,160,32,32,0.6935467291332316,0.01607569215020572,29.92139069329271
Noisy,test__14848_16384_y256_x0,14848_16384,test,roi04,32,32,32,32,0.688290778969531,0.015980131727034767,29.64582548546929
Noisy,test__14848_16384_y256_x0,14848_16384,test,roi05,192,128,32,32,0.6810576712305192,0.01566508250452834,29.609773929237516
Noisy,test__14848_21504_y256_x256,14848_21504,test,roi01,224,192,32,32,0.7439483065973036,0.012030889712912829,46.00317151066263
Noisy,test__14848_21504_y256_x256,14848_21504,test,roi02,224,160,32,32,0.7288794592896011,0.012927202715817335,41.096691825236185
Noisy,test__14848_21504_y256_x256,14848_21504,test,roi03,160,160,32,32,0.7042536539956927,0.012279346837891471,40.39084616747011
Noisy,test__14848_21504_y256_x256,14848_21504,test,roi04,96,192,32,32,0.7249283446872141,0.013119425598152214,40.05671597428477
Noisy,test__14848_21504_y256_x256,14848_21504,test,roi05,96,96,32,32,0.7308129706943873,0.013480642313226082,39.6188538888205
Noisy,test__15360_15872_y0_x0,15360_15872,test,roi01,224,0,32,32,0.6748277176229749,0.010822199133585175,42.079474130076484
Noisy,test__15360_15872_y0_x0,15360_15872,test,roi02,224,192,32,32,0.6901438831700943,0.012044338136996735,39.5454340503813
Noisy,test__15360_15872_y0_x0,15360_15872,test,roi03,160,224,32,32,0.7219042560172966,0.013530312903949532,38.516903382460775
Noisy,test__15360_15872_y0_x0,15360_15872,test,roi04,192,0,32,32,0.7229923679988133,0.013685424073593268,38.19523321846801
Noisy,test__15360_15872_y0_x0,15360_15872,test,roi05,224,32,32,32,0.6895039372902829,0.0128123963300542,37.10591424834509
Noisy,test__1536_13824_y256_x0,1536_13824,test,roi01,64,160,32,32,0.6951515682449099,0.023356094686097027,20.689918812540565
Noisy,test__1536_13824_y256_x0,1536_13824,test,roi02,96,192,32,32,0.6915035418351181,0.02450840160806278,19.51074394885067
Noisy,test__1536_13824_y256_x0,1536_13824,test,roi03,96,64,32,32,0.6858511630853172,0.02570193518119687,18.301805470648517
Noisy,test__1536_13824_y256_x0,1536_13824,test,roi04,128,224,32,32,0.6913044091925258,0.02627912513234445,18.18560487696083
Noisy,test__1536_13824_y256_x0,1536_13824,test,roi05,0,128,32,32,0.6884065287595149,0.026828876359907487,17.66393577134361
Noisy,test__1536_23040_y256_x0,1536_23040,test,roi01,224,32,32,32,0.6377307998482138,0.03180854530551662,12.785890369042047
Noisy,test__1536_23040_y256_x0,1536_23040,test,roi02,224,0,32,32,0.6462152160238475,0.032731421072688796,12.758202721885171
Noisy,test__1536_23040_y256_x0,1536_23040,test,roi03,160,192,32,32,0.6110714783426374,0.02994451764714564,12.47000723284151
Noisy,test__1536_23040_y256_x0,1536_23040,test,roi04,192,32,32,32,0.6431400409783237,0.03334354867880053,12.40507170649718
Noisy,test__1536_23040_y256_x0,1536_23040,test,roi05,128,128,32,32,0.6112187257676851,0.030252818903047016,12.348876708855896
Noisy,test__1536_23040_y256_x256,1536_23040,test,roi01,128,64,32,32,0.679591113323113,0.027836912777819287,16.591066868440592
Noisy,test__1536_23040_y256_x256,1536_23040,test,roi02,192,160,32,32,0.6605367950396612,0.026646876035782814,16.37373390469371
Noisy,test__1536_23040_y256_x256,1536_23040,test,roi03,128,128,32,32,0.6765942937345244,0.027994906225645804,16.35225475035716
Noisy,test__1536_23040_y256_x256,1536_23040,test,roi04,224,192,32,32,0.6632315910537727,0.027083493961353247,16.24148435203373
Noisy,test__1536_23040_y256_x256,1536_23040,test,roi05,224,0,32,32,0.6875245180854108,0.029165510715795415,16.207155347791584
Noisy,test__15872_11776_y0_x0,15872_11776,test,roi01,192,128,32,32,0.7133176081260899,0.016482137664315437,30.871117595647092
Noisy,test__15872_11776_y0_x0,15872_11776,test,roi02,160,32,32,32,0.7174410185834859,0.016843656994893312,30.558780394433576
Noisy,test__15872_11776_y0_x0,15872_11776,test,roi03,192,0,32,32,0.7080104516353458,0.0169236347982144,29.62004354276044
Noisy,test__15872_11776_y0_x0,15872_11776,test,roi04,96,224,32,32,0.6794568514451385,0.015624085691068684,29.548072258695054
Noisy,test__15872_11776_y0_x0,15872_11776,test,roi05,32,96,32,32,0.6518204935418908,0.014453419021641526,29.395809750275962
Noisy,test__15872_18944_y256_x0,15872_18944,test,roi01,96,192,32,32,0.7283818036376033,0.010458925092443467,50.726059053016954
Noisy,test__15872_18944_y256_x0,15872_18944,test,roi02,160,160,32,32,0.7812147634103894,0.012794757864977014,47.69894928929529
Noisy,test__15872_18944_y256_x0,15872_18944,test,roi03,224,0,32,32,0.7296593183418736,0.011292899810074265,47.14490784450044
Noisy,test__15872_18944_y256_x0,15872_18944,test,roi04,96,224,32,32,0.7291997015126981,0.012074388408012789,44.03802384999812
Noisy,test__15872_18944_y256_x0,15872_18944,test,roi05,128,160,32,32,0.7342080701200757,0.012474372946697279,43.213514020531846
Noisy,test__2048_10240_y256_x0,2048_10240,test,roi01,224,160,32,32,0.7075849129760172,0.02458902709718132,20.36178198887223
Noisy,test__2048_10240_y256_x0,2048_10240,test,roi02,192,192,32,32,0.7012361501838313,0.0243936751252885,20.158181815534252
Noisy,test__2048_10240_y256_x0,2048_10240,test,roi03,128,128,32,32,0.6996946229774039,0.025476525263578947,19.216614524877173
Noisy,test__2048_10240_y256_x0,2048_10240,test,roi04,224,224,32,32,0.7102948816609569,0.026881432887248667,18.768300820492108
Noisy,test__2048_10240_y256_x0,2048_10240,test,roi05,96,128,32,32,0.7024536780518247,0.02639057211429953,18.697630641405052
Noisy,test__2048_13312_y256_x256,2048_13312,test,roi01,192,32,32,32,0.6835102401382755,0.027045911356992754,17.273821621584645
Noisy,test__2048_13312_y256_x256,2048_13312,test,roi02,160,32,32,32,0.6856372019392438,0.027460199955790937,17.119262548703286
Noisy,test__2048_13312_y256_x256,2048_13312,test,roi03,32,160,32,32,0.6897105188691057,0.028083561654821246,16.938756048310033
Noisy,test__2048_13312_y256_x256,2048_13312,test,roi04,32,192,32,32,0.6709876426612027,0.0273756585788167,16.44615837488643
Noisy,test__2048_13312_y256_x256,2048_13312,test,roi05,160,0,32,32,0.6823654416075442,0.028395937114795485,16.397507644065378
Noisy,test__2048_20992_y0_x256,2048_20992,test,roi01,32,0,32,32,0.6503716429288033,0.028707377670016986,14.734305542915882
Noisy,test__2048_20992_y0_x256,2048_20992,test,roi02,224,32,32,32,0.6476304887619335,0.028969502539121745,14.478165422675444
Noisy,test__2048_20992_y0_x256,2048_20992,test,roi03,96,32,32,32,0.6344473988283426,0.02954434419379992,13.624384391125604
Noisy,test__2048_20992_y0_x256,2048_20992,test,roi04,64,0,32,32,0.631732562353136,0.029991093846676732,13.306818096649081
Noisy,test__2048_20992_y0_x256,2048_20992,test,roi05,128,64,32,32,0.6264531264314428,0.030255432199353945,12.971010198430061
Noisy,test__2048_6144_y0_x256,2048_6144,test,roi01,128,128,32,32,0.5746079133095918,0.016542061744994868,19.95967970183065
Noisy,test__2048_6144_y0_x256,2048_6144,test,roi02,224,224,32,32,0.63020165792841,0.020277517141075195,19.58593485053555
Noisy,test__2048_6144_y0_x256,2048_6144,test,roi03,0,32,32,32,0.5875633977266261,0.017928437657575316,19.25604187837231
Noisy,test__2048_6144_y0_x256,2048_6144,test,roi04,0,128,32,32,0.6010299767804099,0.018877719743407986,19.135628555710625
Noisy,test__2048_6144_y0_x256,2048_6144,test,roi05,32,128,32,32,0.5881979098921875,0.018256623356921072,18.950754169465753
Noisy,test__2048_7680_y256_x256,2048_7680,test,roi01,0,96,32,32,0.6829620494972914,0.028924158220403402,16.126213855534477
Noisy,test__2048_7680_y256_x256,2048_7680,test,roi02,128,192,32,32,0.6871488887700252,0.029934886195108507,15.773355283877303
Noisy,test__2048_7680_y256_x256,2048_7680,test,roi03,160,64,32,32,0.6740822374995332,0.02894498532478642,15.698293083025773
Noisy,test__2048_7680_y256_x256,2048_7680,test,roi04,128,160,32,32,0.6616201972938143,0.028101213274877676,15.57730910709268
Noisy,test__2048_7680_y256_x256,2048_7680,test,roi05,160,128,32,32,0.6619927385472693,0.02816297938018264,15.560654289215021
Noisy,test__2048_9216_y0_x0,2048_9216,test,roi01,192,32,32,32,0.7281811996654142,0.023802752485016652,22.276745509996882
Noisy,test__2048_9216_y0_x0,2048_9216,test,roi02,160,32,32,32,0.7203016273560934,0.025301944213224258,20.505714106375414
Noisy,test__2048_9216_y0_x0,2048_9216,test,roi03,96,32,32,32,0.732992731849663,0.026240676019339063,20.475019185803912
Noisy,test__2048_9216_y0_x0,2048_9216,test,roi04,128,32,32,32,0.7146616113896016,0.02511560984154035,20.33560889089914
Noisy,test__2048_9216_y0_x0,2048_9216,test,roi05,0,96,32,32,0.6973505068744998,0.024826589229842905,19.5877784473739
Noisy,test__2048_9216_y0_x256,2048_9216,test,roi01,64,96,32,32,0.6949045101355296,0.026576131218096023,18.170149531693042
Noisy,test__2048_9216_y0_x256,2048_9216,test,roi02,96,224,32,32,0.679875537782209,0.025647139305338906,18.02270192287786
Noisy,test__2048_9216_y0_x256,2048_9216,test,roi03,64,192,32,32,0.6472161742858589,0.023685100351026465,17.68575053721778
Noisy,test__2048_9216_y0_x256,2048_9216,test,roi04,64,224,32,32,0.6732068629644345,0.026072409936112286,17.382646308989177
Noisy,test__2048_9216_y0_x256,2048_9216,test,roi05,0,32,32,32,0.6969249877729453,0.028264652391201097,17.184164583376294
Noisy,test__2048_9216_y256_x256,2048_9216,test,roi01,64,0,32,32,0.7215664227842353,0.025091728400330696,20.750188834451748
Noisy,test__2048_9216_y256_x256,2048_9216,test,roi02,64,32,32,32,0.6874647731310688,0.02630947351731335,17.963408275165413
Noisy,test__2048_9216_y256_x256,2048_9216,test,roi03,96,0,32,32,0.693442928371951,0.02720415938775224,17.676087250303322
Noisy,test__2048_9216_y256_x256,2048_9216,test,roi04,32,32,32,32,0.6695296975085512,0.02602091216413828,17.227298298316096
Noisy,test__2048_9216_y256_x256,2048_9216,test,roi05,160,0,32,32,0.6876688859192654,0.02798191616249568,16.899789632536276
Noisy,test__2560_12288_y256_x0,2560_12288,test,roi01,96,32,32,32,0.6304628998914268,0.0225863556026826,17.59838882959488
Noisy,test__2560_12288_y256_x0,2560_12288,test,roi02,224,192,32,32,0.6817534207657445,0.02879062012038623,16.143720586160097
Noisy,test__2560_12288_y256_x0,2560_12288,test,roi03,224,0,32,32,0.6477470731188077,0.026416849562821594,15.882903437678772
Noisy,test__2560_12288_y256_x0,2560_12288,test,roi04,128,192,32,32,0.6395112774916925,0.025773180416153015,15.868226871323058
Noisy,test__2560_12288_y256_x0,2560_12288,test,roi05,0,96,32,32,0.6458582428167574,0.026492825782558266,15.745125613930238
Noisy,test__3072_25088_y0_x0,3072_25088,test,roi01,96,32,32,32,0.756369029841153,0.010948579709028853,52.25281493188234
Noisy,test__3072_25088_y0_x0,3072_25088,test,roi02,224,64,32,32,0.7528511050040834,0.010998418157550949,51.53330035162775
Noisy,test__3072_25088_y0_x0,3072_25088,test,roi03,32,32,32,32,0.7484340090013575,0.010989112821352311,50.97349303225299
Noisy,test__3072_25088_y0_x0,3072_25088,test,roi04,128,32,32,32,0.7803515876294114,0.012633430925219171,48.201363819557876
Noisy,test__3072_25088_y0_x0,3072_25088,test,roi05,128,160,32,32,0.7527714697935153,0.012234388883862296,46.31738381984453
Noisy,test__3072_2560_y0_x0,3072_2560,test,roi01,96,64,32,32,0.6475543452252168,0.012267712182904192,34.18132279011376
Noisy,test__3072_2560_y0_x0,3072_2560,test,roi02,32,64,32,32,0.6838676100451266,0.014899700542352318,31.388208557579397
Noisy,test__3072_2560_y0_x0,3072_2560,test,roi03,64,64,32,32,0.6646753347740741,0.014400236451735254,30.67958655663537
Noisy,test__3072_2560_y0_x0,3072_2560,test,roi04,224,0,32,32,0.6513509691867512,0.01388986949953388,30.54442556675982
Noisy,test__3072_2560_y0_x0,3072_2560,test,roi05,32,160,32,32,0.611044109944487,0.012543157731634948,29.76721749708735
Noisy,test__3584_512_y0_x256,3584_512,test,roi01,192,160,32,32,0.71596289963054,0.018343263666742757,27.945020197073497
Noisy,test__3584_512_y0_x256,3584_512,test,roi02,64,0,32,32,0.7214676864969078,0.020103906544784285,25.89126752552687
Noisy,test__3584_512_y0_x256,3584_512,test,roi03,96,64,32,32,0.7156810228771064,0.020412391759266027,25.092567913993367
Noisy,test__3584_512_y0_x256,3584_512,test,roi04,224,160,32,32,0.6752157014707336,0.018590009378072266,24.524799005770706
Noisy,test__3584_512_y0_x256,3584_512,test,roi05,160,224,32,32,0.6818524636037182,0.019240588035165665,24.16364724782471
Noisy,test__4096_14336_y0_x256,4096_14336,test,roi01,64,64,32,32,0.6790914693847299,0.025635381435631627,17.98940362752394
Noisy,test__4096_14336_y0_x256,4096_14336,test,roi02,96,128,32,32,0.6984789600246586,0.02715354988288867,17.967185126854115
Noisy,test__4096_14336_y0_x256,4096_14336,test,roi03,128,128,32,32,0.6728917179862037,0.02702389130329691,16.754924709128964
Noisy,test__4096_14336_y0_x256,4096_14336,test,roi04,224,32,32,32,0.6971098709618673,0.02941075573817414,16.523280684069917
Noisy,test__4096_14336_y0_x256,4096_14336,test,roi05,96,160,32,32,0.68565651436802,0.028772521104960203,16.339369566549948
Noisy,test__4096_14848_y0_x0,4096_14848,test,roi01,32,32,32,32,0.66428572795121,0.024178550536963477,18.25070231919236
Noisy,test__4096_14848_y0_x0,4096_14848,test,roi02,32,96,32,32,0.6591065378743224,0.02712640153772316,16.01470905252767
Noisy,test__4096_14848_y0_x0,4096_14848,test,roi03,192,224,32,32,0.6608307801361661,0.028695725028459622,15.21820130149246
Noisy,test__4096_14848_y0_x0,4096_14848,test,roi04,0,64,32,32,0.6614498181152157,0.02934202681794861,14.910894349569
Noisy,test__4096_14848_y0_x0,4096_14848,test,roi05,128,160,32,32,0.6704007769876625,0.030573764735685446,14.700093549849367
Noisy,test__4096_23040_y256_x256,4096_23040,test,roi01,32,224,32,32,0.6976808943727519,0.011823352045911232,41.169257963615706
Noisy,test__4096_23040_y256_x256,4096_23040,test,roi02,32,32,32,32,0.721066838959814,0.013419588883704902,38.744658331437144
Noisy,test__4096_23040_y256_x256,4096_23040,test,roi03,128,32,32,32,0.7633146208827384,0.015120753037061174,38.53308158828316
Noisy,test__4096_23040_y256_x256,4096_23040,test,roi04,0,32,32,32,0.7432428358588368,0.014678598523358927,37.63369589926471
Noisy,test__4096_23040_y256_x256,4096_23040,test,roi05,96,224,32,32,0.7281795120507013,0.014743367266077376,35.965013432882806
Noisy,test__512_12800_y256_x256,512_12800,test,roi01,96,192,32,32,0.6658438939484768,0.024645836025026614,17.98876250975104
Noisy,test__512_12800_y256_x256,512_12800,test,roi02,64,96,32,32,0.6555013607139699,0.027506701983911093,15.620994263477709
Noisy,test__512_12800_y256_x256,512_12800,test,roi03,160,128,32,32,0.6685939494345803,0.028883067510886148,15.476814194061875
Noisy,test__512_12800_y256_x256,512_12800,test,roi04,0,64,32,32,0.6718297109182458,0.030405151228865064,14.844693817671287
Noisy,test__512_12800_y256_x256,512_12800,test,roi05,0,224,32,32,0.6583958296105266,0.02921652274612751,14.836983586829806
Noisy,test__6656_16384_y0_x0,6656_16384,test,roi01,192,160,32,32,0.6879640796832973,0.016653358384252182,28.420368073147635
Noisy,test__6656_16384_y0_x0,6656_16384,test,roi02,160,32,32,32,0.6906080283515621,0.01806056844806317,26.407776155837407
Noisy,test__6656_16384_y0_x0,6656_16384,test,roi03,160,0,32,32,0.7228580131195486,0.01994375555264105,26.19986520351962
Noisy,test__6656_16384_y0_x0,6656_16384,test,roi04,224,160,32,32,0.6913945361739025,0.019740540362812576,24.21546704727681
Noisy,test__6656_16384_y0_x0,6656_16384,test,roi05,0,224,32,32,0.6016069056931883,0.01520457036638309,23.804083920579075
Noisy,test__6656_16384_y256_x0,6656_16384,test,roi01,32,96,32,32,0.7241143175633624,0.015638937658164705,33.52795160139974
Noisy,test__6656_16384_y256_x0,6656_16384,test,roi02,160,224,32,32,0.6629739538038848,0.02124029637323442,20.69342422058795
Noisy,test__6656_16384_y256_x0,6656_16384,test,roi03,160,192,32,32,0.701147895262693,0.025624717750680422,19.184928232750995
Noisy,test__6656_16384_y256_x0,6656_16384,test,roi04,224,192,32,32,0.6721143391696387,0.024160771290155175,18.697154966303177
Noisy,test__6656_16384_y256_x0,6656_16384,test,roi05,224,0,32,32,0.6934594937338261,0.026574886700955556,18.095507795044828
Noisy,test__7168_13312_y0_x256,7168_13312,test,roi01,0,64,32,32,0.6623621750331949,0.01676031597441443,26.176335313990574
Noisy,test__7168_13312_y0_x256,7168_13312,test,roi02,0,224,32,32,0.6802508904293063,0.01777186414771728,26.03785793564606
Noisy,test__7168_13312_y0_x256,7168_13312,test,roi03,32,96,32,32,0.6921416886034422,0.018859929230929995,25.400949878283374
Noisy,test__7168_13312_y0_x256,7168_13312,test,roi04,160,96,32,32,0.6950957795343129,0.01944179476445222,24.851519552599665
Noisy,test__7168_13312_y0_x256,7168_13312,test,roi05,128,128,32,32,0.6708336185402004,0.018123488564933718,24.830635787993774
Noisy,test__7168_19456_y0_x0,7168_19456,test,roi01,224,224,32,32,0.7006092480150983,0.015851999170847605,30.964758016577388
Noisy,test__7168_19456_y0_x0,7168_19456,test,roi02,160,160,32,32,0.73771097662393,0.01797773098634885,30.271755954334665
Noisy,test__7168_19456_y0_x0,7168_19456,test,roi03,224,192,32,32,0.6689767988282256,0.015142965146903121,29.55365432258056
Noisy,test__7168_19456_y0_x0,7168_19456,test,roi04,0,64,32,32,0.7150299831992015,0.017406985342288878,29.371419968497708
Noisy,test__7168_19456_y0_x0,7168_19456,test,roi05,0,96,32,32,0.7496293367003091,0.019309592425181085,29.101812719202197
Noisy,test__7168_19456_y256_x256,7168_19456,test,roi01,224,0,32,32,0.6270542907441268,0.01146056034165394,34.30871369452389
Noisy,test__7168_19456_y256_x256,7168_19456,test,roi02,192,160,32,32,0.7062372279760893,0.014851096919143405,33.58479342602791
Noisy,test__7168_19456_y256_x256,7168_19456,test,roi03,0,160,32,32,0.6806420785142109,0.013904657700752152,33.31787441405948
Noisy,test__7168_19456_y256_x256,7168_19456,test,roi04,128,96,32,32,0.6962886633118615,0.015667272389003763,30.94462715774912
Noisy,test__7168_19456_y256_x256,7168_19456,test,roi05,0,0,32,32,0.6940490514098201,0.015615035722106938,30.848734151846994
Noisy,test__7168_8192_y0_x0,7168_8192,test,roi01,0,224,32,32,0.7109179785184097,0.015113776262461333,33.43997975118861
Noisy,test__7168_8192_y0_x0,7168_8192,test,roi02,64,128,32,32,0.6830176126095466,0.014880583768383557,31.350454148582163
Noisy,test__7168_8192_y0_x0,7168_8192,test,roi03,192,64,32,32,0.7082697313016979,0.016453979555220526,30.487822754041098
Noisy,test__7168_8192_y0_x0,7168_8192,test,roi04,96,128,32,32,0.7094141632551327,0.0165108130641305,30.481143058928062
Noisy,test__7168_8192_y0_x0,7168_8192,test,roi05,224,128,32,32,0.7103193520888453,0.01658977074320208,30.413535531144444
Noisy,test__7168_8192_y0_x256,7168_8192,test,roi01,64,96,32,32,0.655692871339852,0.017425489841156164,24.672657437179627
Noisy,test__7168_8192_y0_x256,7168_8192,test,roi02,32,128,32,32,0.6523538571927929,0.017406294721218202,24.448945729705024
Noisy,test__7168_8192_y0_x256,7168_8192,test,roi03,0,96,32,32,0.7021381533995736,0.020668723323629283,23.85236759620024
Noisy,test__7168_8192_y0_x256,7168_8192,test,roi04,224,128,32,32,0.648455797083443,0.017702624345246547,23.753253335234074
Noisy,test__7168_8192_y0_x256,7168_8192,test,roi05,224,160,32,32,0.6207364138681442,0.01662186128693989,23.18114011724019
Noisy,test__7680_13824_y256_x0,7680_13824,test,roi01,128,192,32,32,0.7533206043881364,0.0192915096806711,29.416667870441415
Noisy,test__7680_13824_y256_x0,7680_13824,test,roi02,64,192,32,32,0.7281418628554093,0.018233243632982996,29.078236605332158
Noisy,test__7680_13824_y256_x0,7680_13824,test,roi03,0,0,32,32,0.6856450823543128,0.018818966888838187,24.980605031803375
Noisy,test__7680_13824_y256_x0,7680_13824,test,roi04,32,160,32,32,0.7305354307754897,0.021384915707010167,24.956002769904984
Noisy,test__7680_13824_y256_x0,7680_13824,test,roi05,0,32,32,32,0.6787337194182328,0.019111294480911076,24.105089392842988
Noisy,test__8192_16384_y0_x0,8192_16384,test,roi01,224,224,32,32,0.718947235844098,0.016092130183651885,32.12036703835373
Noisy,test__8192_16384_y0_x0,8192_16384,test,roi02,128,224,32,32,0.7165506522724172,0.017054478952706092,30.10615795978666
Noisy,test__8192_16384_y0_x0,8192_16384,test,roi03,32,0,32,32,0.7259279084537411,0.017884121064453785,29.46587793567465
Noisy,test__8192_16384_y0_x0,8192_16384,test,roi04,0,0,32,32,0.6924680471274769,0.01676777063679911,28.59724209491442
Noisy,test__8192_16384_y0_x0,8192_16384,test,roi05,128,0,32,32,0.7049200980254682,0.017470366504804203,28.443155125771916
Noisy,test__8192_4096_y256_x256,8192_4096,test,roi01,32,192,32,32,0.6667283704155125,0.015328903198413618,28.99925155525339
Noisy,test__8192_4096_y256_x256,8192_4096,test,roi02,0,96,32,32,0.6663956787087955,0.01815159651492052,24.465241954707512
Noisy,test__8192_4096_y256_x256,8192_4096,test,roi03,64,192,32,32,0.6561354648001725,0.019054457790235853,22.593859815268434
Noisy,test__8192_4096_y256_x256,8192_4096,test,roi04,96,192,32,32,0.6218824456445873,0.017908556396862625,21.59513964334083
Noisy,test__8192_4096_y256_x256,8192_4096,test,roi05,0,224,32,32,0.5976423002866795,0.017005091540713665,21.004080938747112
Noisy,test__8704_12288_y0_x256,8704_12288,test,roi01,64,192,32,32,0.7339241299778223,0.01910768892922357,28.18994126180758
Noisy,test__8704_12288_y0_x256,8704_12288,test,roi02,192,0,32,32,0.6737466080085142,0.01864806279818443,24.342179491543398
Noisy,test__8704_12288_y0_x256,8704_12288,test,roi03,224,64,32,32,0.7012057690153597,0.020360889956574386,24.148724910801796
Noisy,test__8704_12288_y0_x256,8704_12288,test,roi04,96,224,32,32,0.7010761246419861,0.026936406901907715,18.246967174683405
Noisy,test__8704_12288_y0_x256,8704_12288,test,roi05,192,160,32,32,0.658154687815113,0.023931223149428776,18.100520411692717
Noisy,test__8704_12288_y256_x256,8704_12288,test,roi01,64,192,32,32,0.7063491713561234,0.014914704159254787,33.45216549708695
Noisy,test__8704_12288_y256_x256,8704_12288,test,roi02,96,64,32,32,0.7067992434458574,0.016815290594527153,29.708982293664857
Noisy,test__8704_12288_y256_x256,8704_12288,test,roi03,0,96,32,32,0.6854317303805146,0.016087682763560707,29.20350083460009
Noisy,test__8704_12288_y256_x256,8704_12288,test,roi04,160,192,32,32,0.7003328202263219,0.01765354289832291,27.782868397071056
Noisy,test__8704_12288_y256_x256,8704_12288,test,roi05,0,192,32,32,0.6737860286375508,0.016439134014705613,27.616272972837145
Noisy,test__8704_13824_y256_x256,8704_13824,test,roi01,0,224,32,32,0.7213388737145578,0.017363003084665457,29.967728980669726
Noisy,test__8704_13824_y256_x256,8704_13824,test,roi02,0,192,32,32,0.6813758563221199,0.016645925072230117,27.89109380008172
Noisy,test__8704_13824_y256_x256,8704_13824,test,roi03,32,224,32,32,0.6718636117730057,0.01975264475249292,22.85267205889977
Noisy,test__8704_13824_y256_x256,8704_13824,test,roi04,224,96,32,32,0.653532210199046,0.024023133494416045,17.778877591756565
Noisy,test__8704_13824_y256_x256,8704_13824,test,roi05,32,192,32,32,0.6362494254572084,0.02486782660313954,16.278597155069455
Noisy,test__9216_10240_y256_x0,9216_10240,test,roi01,32,32,32,32,0.6952223866974236,0.018085185010009948,26.72542009925483
Noisy,test__9216_10240_y256_x0,9216_10240,test,roi02,224,160,32,32,0.6764595013519283,0.018103726956801448,25.276422808474987
Noisy,test__9216_10240_y256_x0,9216_10240,test,roi03,192,160,32,32,0.6652137877099449,0.018203687917083437,24.30877662674793
Noisy,test__9216_10240_y256_x0,9216_10240,test,roi04,192,96,32,32,0.6992490486445604,0.020397864368854678,23.970609039684327
Noisy,test__9216_10240_y256_x0,9216_10240,test,roi05,224,192,32,32,0.6906437556172023,0.020651682626945715,23.096849094062325
Noisy,test__9216_16384_y256_x0,9216_16384,test,roi01,32,0,32,32,0.6857960144116078,0.01701407346380085,27.642773165608517
Noisy,test__9216_16384_y256_x0,9216_16384,test,roi02,0,128,32,32,0.6956209074269282,0.018862551678001906,25.653392770490786
Noisy,test__9216_16384_y256_x0,9216_16384,test,roi03,64,0,32,32,0.6859609475650359,0.018415427806862096,25.55153355758506
Noisy,test__9216_16384_y256_x0,9216_16384,test,roi04,32,128,32,32,0.7161332650866825,0.02024779101527828,25.328533516408594
Noisy,test__9216_16384_y256_x0,9216_16384,test,roi05,0,0,32,32,0.7029042616486549,0.020503854122174463,24.096659979135836
Noisy,test__9216_18432_y0_x0,9216_18432,test,roi01,160,192,32,32,0.6934195039502811,0.014458943192630948,33.25489297888043
Noisy,test__9216_18432_y0_x0,9216_18432,test,roi02,96,192,32,32,0.7195254514663247,0.016928783108202214,30.5820490462175
Noisy,test__9216_18432_y0_x0,9216_18432,test,roi03,64,192,32,32,0.7089872055221349,0.017468400490262326,28.775551480760523
Noisy,test__9216_18432_y0_x0,9216_18432,test,roi04,160,160,32,32,0.6685796306701377,0.016108945009071184,27.74847901555975
Noisy,test__9216_18432_y0_x0,9216_18432,test,roi05,64,224,32,32,0.6860172586602857,0.017138213586921504,27.46025289000437
Noisy,test__9728_12800_y0_x0,9728_12800,test,roi01,224,128,32,32,0.7320405109057901,0.01875952425549924,28.565932819438075
Noisy,test__9728_12800_y0_x0,9728_12800,test,roi02,32,96,32,32,0.7349399446684401,0.01892298407999766,28.543950572795527
Noisy,test__9728_12800_y0_x0,9728_12800,test,roi03,224,192,32,32,0.6451529887417564,0.014837423882035995,28.05219977481069
Noisy,test__9728_12800_y0_x0,9728_12800,test,roi04,224,96,32,32,0.6895364562806208,0.017958859313964296,26.474984642834855
Noisy,test__9728_12800_y0_x0,9728_12800,test,roi05,32,192,32,32,0.6771649121947121,0.019854810894867132,23.095275031111836
Noisy,test__9728_14336_y0_x256,9728_14336,test,roi01,224,128,32,32,0.7115948495629709,0.012139820807460998,41.71126064837296
Noisy,test__9728_14336_y0_x256,9728_14336,test,roi02,0,160,32,32,0.7616587174707092,0.014584701193536944,39.776200705174645
Noisy,test__9728_14336_y0_x256,9728_14336,test,roi03,0,192,32,32,0.7207869799167383,0.01408608296070651,36.88277797786266
Noisy,test__9728_14336_y0_x256,9728_14336,test,roi04,64,96,32,32,0.7778418673260603,0.017752857334721782,34.08115995963837
Noisy,test__9728_14336_y0_x256,9728_14336,test,roi05,0,0,32,32,0.7018856738868635,0.014460399211732169,34.06845772334692
Noisy,test__9728_15360_y256_x0,9728_15360,test,roi01,160,64,32,32,0.6868836745270528,0.0127203397134881,37.09092626130889
Noisy,test__9728_15360_y256_x0,9728_15360,test,roi02,224,32,32,32,0.7295029386004899,0.015782101951724553,33.720130503186745
Noisy,test__9728_15360_y256_x0,9728_15360,test,roi03,32,32,32,32,0.7120293038460659,0.016167458048185205,31.358406994129936
Noisy,test__9728_15360_y256_x0,9728_15360,test,roi04,160,32,32,32,0.6967046685022069,0.015634794959420682,31.045971269376693
Noisy,test__9728_15360_y256_x0,9728_15360,test,roi05,192,32,32,32,0.7083617568132468,0.01627148939530583,30.837765758573216
Noisy,test__9728_18432_y256_x256,9728_18432,test,roi01,128,32,32,32,0.7147372089675628,0.015485358316219422,32.98918032446663
Noisy,test__9728_18432_y256_x256,9728_18432,test,roi02,32,128,32,32,0.7101389681047294,0.015728691127809204,32.06225806858296
Noisy,test__9728_18432_y256_x256,9728_18432,test,roi03,96,128,32,32,0.7030490170727717,0.016197341796400675,30.51599000749786
Noisy,test__9728_18432_y256_x256,9728_18432,test,roi04,96,192,32,32,0.7094841774523957,0.016593140390856832,30.335897015170723
Noisy,test__9728_18432_y256_x256,9728_18432,test,roi05,64,192,32,32,0.7098633339919616,0.01682321371611377,29.953013820630904
Noisy,test__9728_22528_y0_x0,9728_22528,test,roi01,0,224,32,32,0.7066141565446742,0.010345362620278669,48.26351521508018
Noisy,test__9728_22528_y0_x0,9728_22528,test,roi02,64,192,32,32,0.6980438588070683,0.010585106639103602,46.03309588003606
Noisy,test__9728_22528_y0_x0,9728_22528,test,roi03,0,128,32,32,0.7639601775445044,0.013290213440783828,43.91465610949655
Noisy,test__9728_22528_y0_x0,9728_22528,test,roi04,0,192,32,32,0.6981491208134685,0.011224300525071597,43.42472778627869
Noisy,test__9728_22528_y0_x0,9728_22528,test,roi05,32,224,32,32,0.6872234012698755,0.01157079319769452,40.81621676092502
Noisy,test__9728_4096_y0_x256,9728_4096,test,roi01,160,224,32,32,0.6766403475630796,0.015106000419698673,30.30862883819633
Noisy,test__9728_4096_y0_x256,9728_4096,test,roi02,128,160,32,32,0.6709443257423118,0.015505422502187793,29.03282952672122
Noisy,test__9728_4096_y0_x256,9728_4096,test,roi03,128,224,32,32,0.673062402245705,0.017260234536508823,26.246051081087383
Noisy,test__9728_4096_y0_x256,9728_4096,test,roi04,0,0,32,32,0.634810285322601,0.019108508602723905,21.089249126115313
Noisy,test__9728_4096_y0_x256,9728_4096,test,roi05,96,64,32,32,0.620251172411372,0.018433654644222995,20.87006208496197
Noisy,test__9728_4096_y256_x256,9728_4096,test,roi01,32,0,32,32,0.7281602322327672,0.01554843331204131,34.10101282645992
Noisy,test__9728_4096_y256_x256,9728_4096,test,roi02,32,32,32,32,0.7229652358946623,0.016516459359632783,31.645930942662137
Noisy,test__9728_4096_y256_x256,9728_4096,test,roi03,64,192,32,32,0.6682101419864921,0.014172650090084692,31.504679154252635
Noisy,test__9728_4096_y256_x256,9728_4096,test,roi04,192,0,32,32,0.6773970091308001,0.01524377448233518,30.10190871762752
Noisy,test__9728_4096_y256_x256,9728_4096,test,roi05,32,64,32,32,0.6803489126323257,0.015433999124377009,29.99058372297736
Noisy,train__0_16384_y0_x0,0_16384,test,roi01,160,64,32,32,0.6740886353363749,0.024883056937505303,18.26124054736871
Noisy,train__0_16384_y0_x0,0_16384,test,roi02,160,0,32,32,0.6805315411475021,0.026561861417956988,17.435644709128056
Noisy,train__0_16384_y0_x0,0_16384,test,roi03,192,160,32,32,0.6771625286492053,0.027168662967965045,16.87786737048001
Noisy,train__0_16384_y0_x0,0_16384,test,roi04,64,224,32,32,0.6469339709437918,0.02556821491274565,16.36890037843317
Noisy,train__0_16384_y0_x0,0_16384,test,roi05,64,192,32,32,0.6550137980084401,0.026340203341235782,16.288525567673634
Noisy,train__0_16384_y0_x256,0_16384,test,roi01,32,96,32,32,0.6733909242902882,0.028691858430275635,15.804320867484934
Noisy,train__0_16384_y0_x256,0_16384,test,roi02,0,192,32,32,0.6722559010377154,0.028967977587005214,15.600950916323603
Noisy,train__0_16384_y0_x256,0_16384,test,roi03,128,128,32,32,0.6741184296261054,0.029145865527541396,15.591770871657499
Noisy,train__0_16384_y0_x256,0_16384,test,roi04,32,0,32,32,0.6821212031354662,0.029919384105578144,15.551434285046925
Noisy,train__0_16384_y0_x256,0_16384,test,roi05,64,224,32,32,0.6520162946835626,0.02830490607091287,15.01948981804805
Noisy,train__0_16384_y256_x0,0_16384,test,roi01,32,160,32,32,0.657075083872769,0.025802360588697455,16.732874667115944
Noisy,train__0_16384_y256_x0,0_16384,test,roi02,160,0,32,32,0.6633514279674273,0.026853288640075263,16.386637885749533
Noisy,train__0_16384_y256_x0,0_16384,test,roi03,160,224,32,32,0.6798838101967704,0.02826701629391551,16.352698514811976
Noisy,train__0_16384_y256_x0,0_16384,test,roi04,96,224,32,32,0.6965510742447805,0.029861746076658407,16.247656710563348
Noisy,train__0_16384_y256_x0,0_16384,test,roi05,192,0,32,32,0.6694231725123245,0.02776370930456802,16.14076055113911
Noisy,train__0_16384_y256_x256,0_16384,test,roi01,160,192,32,32,0.6822065836749971,0.024340249724611032,19.12083187622054
Noisy,train__0_16384_y256_x256,0_16384,test,roi02,0,64,32,32,0.6652146123233251,0.024561031835195805,18.0167707699624
Noisy,train__0_16384_y256_x256,0_16384,test,roi03,0,96,32,32,0.6779121642175596,0.026885271988324688,17.093556003216484
Noisy,train__0_16384_y256_x256,0_16384,test,roi04,224,96,32,32,0.6653276258148253,0.0271877621063819,16.28162141261654
Noisy,train__0_16384_y256_x256,0_16384,test,roi05,0,224,32,32,0.6800552085624076,0.029376699296204338,15.742922035921666
Noisy,train__0_20992_y0_x0,0_20992,test,roi01,0,224,32,32,0.7081438308523502,0.026364342129522544,19.02067886657802
Noisy,train__0_20992_y0_x0,0_20992,test,roi02,32,32,32,32,0.6575590665015625,0.02283370560740052,18.936213568342954
Noisy,train__0_20992_y0_x0,0_20992,test,roi03,224,224,32,32,0.6705972932686564,0.024001834218560197,18.736098484985895
Noisy,train__0_20992_y0_x0,0_20992,test,roi04,32,224,32,32,0.6969758521008771,0.02594340680588018,18.724423590414528
Noisy,train__0_20992_y0_x0,0_20992,test,roi05,32,96,32,32,0.658830578890047,0.024054710582401936,18.04460420314284
Noisy,train__0_20992_y0_x256,0_20992,test,roi01,0,224,32,32,0.671028948345338,0.02101618384624514,21.42538592218775
Noisy,train__0_20992_y0_x256,0_20992,test,roi02,128,224,32,32,0.6610515004867921,0.026633957197945958,16.407215910429578
Noisy,train__0_20992_y0_x256,0_20992,test,roi03,128,128,32,32,0.6512923296686495,0.026536768447112336,15.984677996139924
Noisy,train__0_20992_y0_x256,0_20992,test,roi04,96,32,32,32,0.6285910750593757,0.02472537827424214,15.980614543556982
Noisy,train__0_20992_y0_x256,0_20992,test,roi05,64,160,32,32,0.6625001187785529,0.028797273077479636,15.241248926615732
Noisy,train__0_20992_y256_x0,0_20992,test,roi01,128,64,32,32,0.6905529639188899,0.023415618087166943,20.365185074423092
Noisy,train__0_20992_y256_x0,0_20992,test,roi02,224,192,32,32,0.6981235538987676,0.02455151170932519,19.851180745140407
Noisy,train__0_20992_y256_x0,0_20992,test,roi03,192,96,32,32,0.6948004484584089,0.024890446806159178,19.394897445495015
Noisy,train__0_20992_y256_x0,0_20992,test,roi04,128,96,32,32,0.6908408771705581,0.024901266425981724,19.166138356393667
Noisy,train__0_20992_y256_x0,0_20992,test,roi05,128,224,32,32,0.6938315312581835,0.025608126246497793,18.798805860851026
Noisy,train__0_20992_y256_x256,0_20992,test,roi01,32,224,32,32,0.710912937822286,0.024248436761948267,20.8424654391002
Noisy,train__0_20992_y256_x256,0_20992,test,roi02,128,224,32,32,0.7035494367737556,0.025735261410562794,19.233603346321875
Noisy,train__0_20992_y256_x256,0_20992,test,roi03,224,128,32,32,0.6572566459799418,0.02375449115974332,18.185457890038442
Noisy,train__0_20992_y256_x256,0_20992,test,roi04,128,192,32,32,0.6842100228532217,0.026555303148510644,17.628996843105597
Noisy,train__0_20992_y256_x256,0_20992,test,roi05,64,96,32,32,0.6690978252299828,0.025871154988761386,17.304673870261038
Noisy,train__10240_11264_y0_x0,10240_11264,test,roi01,64,224,32,32,0.7075500492646825,0.017844092661604798,28.055619397878143
Noisy,train__10240_11264_y0_x0,10240_11264,test,roi02,192,0,32,32,0.7003781010134844,0.017771297744863804,27.6023446020438
Noisy,train__10240_11264_y0_x0,10240_11264,test,roi03,224,0,32,32,0.7290455457259668,0.019299541082600277,27.539898771067637
Noisy,train__10240_11264_y0_x0,10240_11264,test,roi04,0,192,32,32,0.7215658964414615,0.019465242788040824,26.748052853841344
Noisy,train__10240_11264_y0_x0,10240_11264,test,roi05,32,224,32,32,0.6952871103130747,0.019704687683100047,24.53345993309602
Noisy,train__10240_11264_y0_x256,10240_11264,test,roi01,224,32,32,32,0.7643153716999223,0.017782847856875166,32.8506430532687
Noisy,train__10240_11264_y0_x256,10240_11264,test,roi02,192,32,32,32,0.7176361343299504,0.01940935692898588,26.533677709174004
Noisy,train__10240_11264_y0_x256,10240_11264,test,roi03,160,32,32,32,0.7291602336408687,0.020430103448523668,26.024079988769042
Noisy,train__10240_11264_y0_x256,10240_11264,test,roi04,192,0,32,32,0.7225161581882276,0.021607326896355826,24.1598417678921
Noisy,train__10240_11264_y0_x256,10240_11264,test,roi05,160,0,32,32,0.7337406296428526,0.0226277219519743,23.792731443817118
Noisy,train__10240_11264_y256_x0,10240_11264,test,roi01,192,96,32,32,0.6092211379655055,0.015369186634546202,24.14899394283686
Noisy,train__10240_11264_y256_x0,10240_11264,test,roi02,32,224,32,32,0.6618381431835587,0.020042332068070916,21.855227539637372
Noisy,train__10240_11264_y256_x0,10240_11264,test,roi03,64,0,32,32,0.651923813711619,0.01996732849788411,21.285003596216615
Noisy,train__10240_11264_y256_x0,10240_11264,test,roi04,32,0,32,32,0.6372210326226195,0.01954428542920943,20.77592685019758
Noisy,train__10240_11264_y256_x0,10240_11264,test,roi05,192,128,32,32,0.680293802448432,0.02239128727866449,20.668738330677588
Noisy,train__10240_11264_y256_x256,10240_11264,test,roi01,192,96,32,32,0.7165816008346155,0.018531779878674035,27.70857381301039
Noisy,train__10240_11264_y256_x256,10240_11264,test,roi02,0,0,32,32,0.6967779925325885,0.022229407182341,21.84041917516469
Noisy,train__10240_11264_y256_x256,10240_11264,test,roi03,224,160,32,32,0.6783415976387914,0.022293825558840612,20.640123960451312
Noisy,train__10240_11264_y256_x256,10240_11264,test,roi04,64,160,32,32,0.6884407610923517,0.024038369517755124,19.71642382747087
Noisy,train__10240_11264_y256_x256,10240_11264,test,roi05,192,128,32,32,0.598442990645708,0.01824088376047893,19.633588906965105
Noisy,train__10240_12800_y0_x0,10240_12800,test,roi01,96,64,32,32,0.7206032757967478,0.016776779610340145,30.95165420000863
Noisy,train__10240_12800_y0_x0,10240_12800,test,roi02,96,32,32,32,0.7063295710249804,0.017479371691957922,28.54229955724737
Noisy,train__10240_12800_y0_x0,10240_12800,test,roi03,0,64,32,32,0.7249408239586046,0.019034864342458633,27.60929570007639
Noisy,train__10240_12800_y0_x0,10240_12800,test,roi04,128,192,32,32,0.7424832179094665,0.0201348248238783,27.37949466654512
Noisy,train__10240_12800_y0_x0,10240_12800,test,roi05,128,64,32,32,0.701436442323029,0.018100361526998458,27.18250029895273
Noisy,train__10240_12800_y0_x256,10240_12800,test,roi01,128,96,32,32,0.7644412608497078,0.01572721726886922,37.156633071141314
Noisy,train__10240_12800_y0_x256,10240_12800,test,roi02,128,64,32,32,0.750809979159385,0.017492906342125983,32.22538403740207
Noisy,train__10240_12800_y0_x256,10240_12800,test,roi03,160,96,32,32,0.7379402174119605,0.018873980003152303,28.852195688617904
Noisy,train__10240_12800_y0_x256,10240_12800,test,roi04,160,64,32,32,0.7219424701470416,0.01927959469860423,27.033811568650094
Noisy,train__10240_12800_y0_x256,10240_12800,test,roi05,64,160,32,32,0.7091871938609984,0.018852273129741824,26.678293512678646
Noisy,train__10240_12800_y256_x0,10240_12800,test,roi01,128,64,32,32,0.7297001444676425,0.019114918079982585,27.855850525129924
Noisy,train__10240_12800_y256_x0,10240_12800,test,roi02,192,224,32,32,0.6897882261837367,0.01799170358889545,26.445955750147878
Noisy,train__10240_12800_y256_x0,10240_12800,test,roi03,224,96,32,32,0.7222550294682151,0.020721122478178353,25.174906819912394
Noisy,train__10240_12800_y256_x0,10240_12800,test,roi04,192,128,32,32,0.7061215146823088,0.01998054135218567,24.95465887077656
Noisy,train__10240_12800_y256_x0,10240_12800,test,roi05,224,32,32,32,0.702579764649272,0.020053551987787986,24.61500715659875
Noisy,train__10240_12800_y256_x256,10240_12800,test,roi01,0,64,32,32,0.7166165935923345,0.018934706479505597,27.121589804823323
Noisy,train__10240_12800_y256_x256,10240_12800,test,roi02,0,224,32,32,0.7036751328851096,0.018305832138480596,27.049231572489195
Noisy,train__10240_12800_y256_x256,10240_12800,test,roi03,0,160,32,32,0.6885329440556234,0.018424263237850225,25.7311572750423
Noisy,train__10240_12800_y256_x256,10240_12800,test,roi04,128,128,32,32,0.7154827707854565,0.020023352572263113,25.56592825518906
Noisy,train__10240_12800_y256_x256,10240_12800,test,roi05,0,32,32,32,0.6995458405872341,0.019190573818942944,25.500247553819896
Noisy,train__10240_15872_y0_x0,10240_15872,test,roi01,224,160,32,32,0.7374192033312283,0.014489286938290614,37.53028591107585
Noisy,train__10240_15872_y0_x0,10240_15872,test,roi02,192,160,32,32,0.6977016748860478,0.017570284909147478,27.70516412544705
Noisy,train__10240_15872_y0_x0,10240_15872,test,roi03,224,192,32,32,0.6849697581201326,0.016961452423607956,27.661756659831525
Noisy,train__10240_15872_y0_x0,10240_15872,test,roi04,224,224,32,32,0.6561375531018712,0.015638299140026082,27.529623569394946
Noisy,train__10240_15872_y0_x0,10240_15872,test,roi05,224,32,32,32,0.6595588467316702,0.016800979412205055,25.89241148560616
Noisy,train__10240_15872_y0_x256,10240_15872,test,roi01,0,64,32,32,0.6775845295778709,0.019327695562419575,23.754554351320124
Noisy,train__10240_15872_y0_x256,10240_15872,test,roi02,0,160,32,32,0.6944398863706738,0.020566966592585056,23.447636461683036
Noisy,train__10240_15872_y0_x256,10240_15872,test,roi03,192,0,32,32,0.6370000671886373,0.018571737875637283,21.84874072181598
Noisy,train__10240_15872_y0_x256,10240_15872,test,roi04,160,64,32,32,0.529636532854056,0.013467076902333173,20.829676623073734
Noisy,train__10240_15872_y0_x256,10240_15872,test,roi05,160,0,32,32,0.59245262278273,0.01745692166744523,20.106644053785434
Noisy,train__10240_15872_y256_x0,10240_15872,test,roi01,0,0,32,32,0.7017349844390992,0.01646694018513914,29.9042798995618
Noisy,train__10240_15872_y256_x0,10240_15872,test,roi02,160,192,32,32,0.7329347349514137,0.018507361534016657,29.02592704589112
Noisy,train__10240_15872_y256_x0,10240_15872,test,roi03,160,64,32,32,0.6323715996404644,0.014644735938490472,27.306319602582022
Noisy,train__10240_15872_y256_x0,10240_15872,test,roi04,192,192,32,32,0.6916798464080784,0.017556776799591927,27.249934050435897
Noisy,train__10240_15872_y256_x0,10240_15872,test,roi05,192,64,32,32,0.637245997437276,0.0158901972063214,25.555533136384362
Noisy,train__10240_15872_y256_x256,10240_15872,test,roi01,160,64,32,32,0.6905172195547493,0.015013366073414233,31.759302222435466
Noisy,train__10240_15872_y256_x256,10240_15872,test,roi02,160,32,32,32,0.6936033600286464,0.015563553860852695,30.91103904315273
Noisy,train__10240_15872_y256_x256,10240_15872,test,roi03,192,128,32,32,0.6907744774362072,0.01592754801686223,29.95874683109377
Noisy,train__10240_15872_y256_x256,10240_15872,test,roi04,32,32,32,32,0.6914593620313099,0.01654947973279328,28.890095462840748
Noisy,train__10240_15872_y256_x256,10240_15872,test,roi05,160,96,32,32,0.6852694193803472,0.016923158840893307,27.748612510989716
Noisy,train__10240_17920_y0_x0,10240_17920,test,roi01,32,64,32,32,0.6908112164455815,0.02251852938621752,21.19233137218574
Noisy,train__10240_17920_y0_x0,10240_17920,test,roi02,224,96,32,32,0.655161716917064,0.021563628639916368,19.905595782666936
Noisy,train__10240_17920_y0_x0,10240_17920,test,roi03,0,96,32,32,0.684915024205111,0.023979822155155272,19.562638427701476
Noisy,train__10240_17920_y0_x0,10240_17920,test,roi04,64,128,32,32,0.7037241332363919,0.025493350577717375,19.425757873198823
Noisy,train__10240_17920_y0_x0,10240_17920,test,roi05,128,128,32,32,0.6669227002421394,0.02290502402914581,19.418704277816634
Noisy,train__10240_17920_y256_x256,10240_17920,test,roi01,32,96,32,32,0.6518078311928548,0.01891168148171384,22.465133479280208
Noisy,train__10240_17920_y256_x256,10240_17920,test,roi02,64,96,32,32,0.6562806572328554,0.020034310770251387,21.498333833252417
Noisy,train__10240_17920_y256_x256,10240_17920,test,roi03,96,0,32,32,0.6682174284214852,0.02237301301601602,19.957729042868717
Noisy,train__10240_17920_y256_x256,10240_17920,test,roi04,64,192,32,32,0.6578396722761681,0.022194424453480847,19.498276935608743
Noisy,train__10240_17920_y256_x256,10240_17920,test,roi05,96,96,32,32,0.665260368361487,0.022726285974033547,19.473985244141158
Noisy,train__10240_5632_y0_x0,10240_5632,test,roi01,128,128,32,32,0.701133172144182,0.013700116147446737,35.882011494667466
Noisy,train__10240_5632_y0_x0,10240_5632,test,roi02,96,128,32,32,0.6858613615331706,0.014356218086380108,32.76669415397174
Noisy,train__10240_5632_y0_x0,10240_5632,test,roi03,224,0,32,32,0.7066203918366227,0.01539906425836865,32.42485191189393
Noisy,train__10240_5632_y0_x0,10240_5632,test,roi04,0,64,32,32,0.6633753720961977,0.013634156950829621,32.27679466290662
Noisy,train__10240_5632_y0_x0,10240_5632,test,roi05,96,224,32,32,0.5912092661164934,0.010953676555719317,31.90968754317481
Noisy,train__10240_5632_y0_x256,10240_5632,test,roi01,160,32,32,32,0.6236781743064057,0.01304076656646639,29.827576709056178
Noisy,train__10240_5632_y0_x256,10240_5632,test,roi02,192,64,32,32,0.6356545887683751,0.013875993200364773,29.119123250339314
Noisy,train__10240_5632_y0_x256,10240_5632,test,roi03,160,0,32,32,0.6496560286032036,0.01482150734787984,28.475710708388885
Noisy,train__10240_5632_y0_x256,10240_5632,test,roi04,0,0,32,32,0.684172715045861,0.01652121339443735,28.332804185607234
Noisy,train__10240_5632_y0_x256,10240_5632,test,roi05,192,32,32,32,0.6303828146919841,0.014038340448191921,28.306942300303707
Noisy,train__10240_5632_y256_x0,10240_5632,test,roi01,192,224,32,32,0.6579316139686853,0.01266350837655568,34.18278693295069
Noisy,train__10240_5632_y256_x0,10240_5632,test,roi02,160,224,32,32,0.655000446800841,0.01295220446038341,33.12375021731253
Noisy,train__10240_5632_y256_x0,10240_5632,test,roi03,192,32,32,32,0.566261711595871,0.010168349096188824,31.53435459249411
Noisy,train__10240_5632_y256_x0,10240_5632,test,roi04,160,32,32,32,0.557490245992085,0.010502690552381308,29.59197672503526
Noisy,train__10240_5632_y256_x0,10240_5632,test,roi05,160,128,32,32,0.5860204092314234,0.011621304887384911,29.55089151895086
Noisy,train__10240_5632_y256_x256,10240_5632,test,roi01,224,192,32,32,0.6393012094486039,0.011962888719183298,34.16449371020731
Noisy,train__10240_5632_y256_x256,10240_5632,test,roi02,96,128,32,32,0.6906451792892767,0.01485471653319096,32.110391511661796
Noisy,train__10240_5632_y256_x256,10240_5632,test,roi03,32,96,32,32,0.6907959054515231,0.015015521014199913,31.780381282628227
Noisy,train__10240_5632_y256_x256,10240_5632,test,roi04,192,192,32,32,0.6297060969955055,0.01282543187696631,30.917459341502262
Noisy,train__10240_5632_y256_x256,10240_5632,test,roi05,64,128,32,32,0.6654681887157494,0.015497425552552598,28.57557913028195
Noisy,train__10240_8192_y0_x0,10240_8192,test,roi01,224,64,32,32,0.6878304701822344,0.01682309254797067,28.122698270965873
Noisy,train__10240_8192_y0_x0,10240_8192,test,roi02,160,32,32,32,0.686025343457004,0.01876567774112327,25.07933783995214
Noisy,train__10240_8192_y0_x0,10240_8192,test,roi03,64,0,32,32,0.6145990013174014,0.015556907594945883,24.280656686748237
Noisy,train__10240_8192_y0_x0,10240_8192,test,roi04,160,0,32,32,0.6690464403218357,0.0184571624895869,24.252001875145115
Noisy,train__10240_8192_y0_x0,10240_8192,test,roi05,0,224,32,32,0.6401477734762011,0.01689925884470487,24.248943439015907
Noisy,train__10240_9728_y0_x0,10240_9728,test,roi01,160,128,32,32,0.6806948716694023,0.015262248183743846,30.358928955862712
Noisy,train__10240_9728_y0_x0,10240_9728,test,roi02,128,32,32,32,0.7025466761697317,0.01740989622032248,28.35007319693233
Noisy,train__10240_9728_y0_x0,10240_9728,test,roi03,160,0,32,32,0.6933326996513642,0.0192467790667813,24.97613916270924
Noisy,train__10240_9728_y0_x0,10240_9728,test,roi04,160,64,32,32,0.6930436468537664,0.019297425632810915,24.88982238271774
Noisy,train__10240_9728_y0_x0,10240_9728,test,roi05,128,0,32,32,0.6882548143330496,0.01923598546909125,24.625444337840776
Noisy,train__10240_9728_y0_x256,10240_9728,test,roi01,64,64,32,32,0.7091807177348528,0.018872608918367798,26.64906015815526
Noisy,train__10240_9728_y0_x256,10240_9728,test,roi02,160,192,32,32,0.6974686860776274,0.019359960337695645,25.12725024088319
Noisy,train__10240_9728_y0_x256,10240_9728,test,roi03,192,0,32,32,0.6755888622865314,0.018232062305406437,25.033937642384288
Noisy,train__10240_9728_y0_x256,10240_9728,test,roi04,160,0,32,32,0.6679988331234199,0.017872002229324287,24.967680471866277
Noisy,train__10240_9728_y0_x256,10240_9728,test,roi05,96,64,32,32,0.6522907230755663,0.017728786511996268,23.999566305485146
Noisy,train__10240_9728_y256_x0,10240_9728,test,roi01,32,224,32,32,0.7018352911691181,0.015896912305558775,30.985437074984667
Noisy,train__10240_9728_y256_x0,10240_9728,test,roi02,32,64,32,32,0.7161330056551378,0.017021593901353174,30.12916914601585
Noisy,train__10240_9728_y256_x0,10240_9728,test,roi03,32,192,32,32,0.7233995825663442,0.01794821032753665,29.15649786286986
Noisy,train__10240_9728_y256_x0,10240_9728,test,roi04,224,32,32,32,0.7404369502910413,0.019344767984516294,28.34083498934281
Noisy,train__10240_9728_y256_x0,10240_9728,test,roi05,32,160,32,32,0.724636787068448,0.01947331827288686,26.965022900282474
Noisy,train__10240_9728_y256_x256,10240_9728,test,roi01,0,32,32,32,0.684483075820026,0.02077144578147304,22.555824279787704
Noisy,train__10240_9728_y256_x256,10240_9728,test,roi02,96,0,32,32,0.6959420141938608,0.023452651412938494,20.651621797141754
Noisy,train__10240_9728_y256_x256,10240_9728,test,roi03,224,224,32,32,0.705825788762013,0.02525974569829271,19.722686444748735
Noisy,train__10240_9728_y256_x256,10240_9728,test,roi04,160,224,32,32,0.6555675833660644,0.02201107031456487,19.525123050288055
Noisy,train__10240_9728_y256_x256,10240_9728,test,roi05,0,192,32,32,0.6986243716964964,0.025319480079489788,19.276699647703015
Noisy,train__1024_17920_y0_x256,1024_17920,test,roi01,160,32,32,32,0.6817028155783191,0.025862115510027435,17.969091839653405
Noisy,train__1024_17920_y0_x256,1024_17920,test,roi02,64,160,32,32,0.6776929569605272,0.02876143724627598,15.96817780632186
Noisy,train__1024_17920_y0_x256,1024_17920,test,roi03,128,96,32,32,0.6490548116853461,0.026497460816895482,15.898585584596308
Noisy,train__1024_17920_y0_x256,1024_17920,test,roi04,224,128,32,32,0.672454395738896,0.02849429958836821,15.869662384442547
Noisy,train__1024_17920_y0_x256,1024_17920,test,roi05,160,160,32,32,0.6660752705938648,0.028306889002521318,15.673084599906879
Noisy,train__1024_17920_y256_x256,1024_17920,test,roi01,160,32,32,32,0.6523362339357845,0.026038791129471148,16.34263894931306
Noisy,train__1024_17920_y256_x256,1024_17920,test,roi02,192,96,32,32,0.6685773786739446,0.0274561047247449,16.280376104177183
Noisy,train__1024_17920_y256_x256,1024_17920,test,roi03,192,32,32,32,0.6582499548967462,0.02679389413056529,16.17133370051227
Noisy,train__1024_17920_y256_x256,1024_17920,test,roi04,192,128,32,32,0.6415964728512336,0.026578467597822234,15.487952134940722
Noisy,train__1024_17920_y256_x256,1024_17920,test,roi05,160,128,32,32,0.671828910097247,0.02977615767118638,15.158237991170315
Noisy,train__1024_2560_y0_x0,1024_2560,test,roi01,96,64,32,32,0.6252495571679901,0.01329964032951958,29.394554969359046
Noisy,train__1024_2560_y0_x0,1024_2560,test,roi02,64,160,32,32,0.62681290814362,0.013463131264535202,29.182989758885515
Noisy,train__1024_2560_y0_x0,1024_2560,test,roi03,64,96,32,32,0.6346309857908636,0.014842288459722564,27.13574050382065
Noisy,train__1024_2560_y0_x0,1024_2560,test,roi04,96,224,32,32,0.6448480781546095,0.015424400184623828,26.959171113455824
Noisy,train__1024_2560_y0_x0,1024_2560,test,roi05,224,160,32,32,0.6471692138875369,0.015694999824300854,26.6854409743499
Noisy,train__1024_2560_y256_x0,1024_2560,test,roi01,64,224,32,32,0.4950329365383368,0.009033631386060063,27.127253458218497
Noisy,train__1024_2560_y256_x0,1024_2560,test,roi02,224,128,32,32,0.6087684672384057,0.015009778029233187,24.690508146224122
Noisy,train__1024_2560_y256_x0,1024_2560,test,roi03,0,224,32,32,0.5552888577076374,0.01336064638621668,23.078652527796347
Noisy,train__1024_2560_y256_x0,1024_2560,test,roi04,32,192,32,32,0.5241618013678817,0.012282045573374964,22.369693417260766
Noisy,train__1024_2560_y256_x0,1024_2560,test,roi05,192,160,32,32,0.5935601561941439,0.01665918918268694,21.148307709198622
Noisy,train__1024_2560_y256_x256,1024_2560,test,roi01,192,192,32,32,0.6068816405895632,0.014881452896150595,24.74928545316632
Noisy,train__1024_2560_y256_x256,1024_2560,test,roi02,224,160,32,32,0.6194981618318707,0.016616957339369,23.095562242542286
Noisy,train__1024_2560_y256_x256,1024_2560,test,roi03,64,128,32,32,0.6064223658613628,0.016208758843525982,22.688232292614842
Noisy,train__1024_2560_y256_x256,1024_2560,test,roi04,224,192,32,32,0.6005019705917221,0.015933212695585466,22.63213474734143
Noisy,train__1024_2560_y256_x256,1024_2560,test,roi05,32,0,32,32,0.6322778972535161,0.01786645935320505,22.375745045624416
Noisy,train__1024_512_y0_x0,1024_512,test,roi01,64,192,32,32,0.6358668333050446,0.016533697923205526,24.45470042910976
Noisy,train__1024_512_y0_x0,1024_512,test,roi02,0,224,32,32,0.6389272938540671,0.017167304296650535,23.77939365304602
Noisy,train__1024_512_y0_x0,1024_512,test,roi03,64,160,32,32,0.6505635988214635,0.01788266806677956,23.667217583586957
Noisy,train__1024_512_y0_x0,1024_512,test,roi04,224,96,32,32,0.597034028818598,0.015787413535069954,22.578089233904844
Noisy,train__1024_512_y0_x0,1024_512,test,roi05,64,128,32,32,0.6375338619545801,0.018441010429669107,22.040518153213508
Noisy,train__1024_512_y256_x0,1024_512,test,roi01,192,128,32,32,0.6418669733830029,0.014931332715073537,27.592527698745844
Noisy,train__1024_512_y256_x0,1024_512,test,roi02,0,0,32,32,0.6630180051361094,0.016638072798576153,26.4209010536536
Noisy,train__1024_512_y256_x0,1024_512,test,roi03,32,32,32,32,0.663317357932101,0.017031808162406716,25.83342374094996
Noisy,train__1024_512_y256_x0,1024_512,test,roi04,0,32,32,32,0.6389614270301536,0.017028411092601357,23.975913137885158
Noisy,train__1024_512_y256_x0,1024_512,test,roi05,128,224,32,32,0.616973112206324,0.01682893848852626,22.619122498135173
Noisy,train__1024_512_y256_x256,1024_512,test,roi01,160,64,32,32,0.6688636782710091,0.015997905041780662,27.964825328181103
Noisy,train__1024_512_y256_x256,1024_512,test,roi02,160,32,32,32,0.6568565048510209,0.015909960672760036,27.118889659093675
Noisy,train__1024_512_y256_x256,1024_512,test,roi03,160,0,32,32,0.6458272131567355,0.01620561238788645,25.737551859846324
Noisy,train__1024_512_y256_x256,1024_512,test,roi04,160,160,32,32,0.6148564941686345,0.014734459043062056,25.65744065095854
Noisy,train__1024_512_y256_x256,1024_512,test,roi05,192,0,32,32,0.6626157762730145,0.01729513597235914,25.38630905634908
Noisy,train__1024_8192_y0_x256,1024_8192,test,roi01,160,192,32,32,0.6975197156425565,0.024249123024006766,20.063973168365795
Noisy,train__1024_8192_y0_x256,1024_8192,test,roi02,224,192,32,32,0.6931352003011853,0.024161573956396013,19.88431741920455
Noisy,train__1024_8192_y0_x256,1024_8192,test,roi03,192,192,32,32,0.7044414064148441,0.025612889187393455,19.374530200051364
Noisy,train__1024_8192_y0_x256,1024_8192,test,roi04,160,0,32,32,0.6999295740679372,0.026069455863144964,18.792160880791908
Noisy,train__1024_8192_y0_x256,1024_8192,test,roi05,224,128,32,32,0.7040136015275493,0.027110616965623287,18.281957646491946
Noisy,train__1024_8192_y256_x0,1024_8192,test,roi01,128,128,32,32,0.6772865788079798,0.023542000967766492,19.48505186375149
Noisy,train__1024_8192_y256_x0,1024_8192,test,roi02,224,224,32,32,0.6658959016785957,0.02486471100699269,17.833199498986655
Noisy,train__1024_8192_y256_x0,1024_8192,test,roi03,160,192,32,32,0.6599726391432341,0.02590258657028978,16.81545907532171
Noisy,train__1024_8192_y256_x0,1024_8192,test,roi04,192,128,32,32,0.6565636442392133,0.026830267088696375,16.06677330164518
Noisy,train__1024_8192_y256_x0,1024_8192,test,roi05,0,96,32,32,0.660198751167627,0.02729271734913831,15.969915544413736
Noisy,train__10752_1024_y0_x0,10752_1024,test,roi01,192,96,32,32,0.6817087555100443,0.01972734781572811,23.557491441831758
Noisy,train__10752_1024_y0_x0,10752_1024,test,roi02,224,0,32,32,0.677950932062231,0.02009642370425406,22.8706098681008
Noisy,train__10752_1024_y0_x0,10752_1024,test,roi03,192,0,32,32,0.6240872572088847,0.017614960545341653,22.111029065773835
Noisy,train__10752_1024_y0_x0,10752_1024,test,roi04,192,128,32,32,0.6274101930030156,0.020577304865778752,19.129985819412788
Noisy,train__10752_1024_y0_x0,10752_1024,test,roi05,0,96,32,32,0.6168833467090735,0.02035231103922428,18.697879700913383
Noisy,train__10752_1024_y0_x256,10752_1024,test,roi01,224,96,32,32,0.6662461507803528,0.017697562819717433,25.081641915975627
Noisy,train__10752_1024_y0_x256,10752_1024,test,roi02,64,128,32,32,0.6331503763431101,0.01712629554344596,23.40724519476332
Noisy,train__10752_1024_y0_x256,10752_1024,test,roi03,224,160,32,32,0.6431484991844627,0.019774275006455778,20.91808634542527
Noisy,train__10752_1024_y0_x256,10752_1024,test,roi04,224,128,32,32,0.6651278660865501,0.021524888904584524,20.552722952759268
Noisy,train__10752_1024_y0_x256,10752_1024,test,roi05,192,96,32,32,0.6525958189595258,0.020735033972231393,20.539214138438332
Noisy,train__10752_1024_y256_x0,10752_1024,test,roi01,32,64,32,32,0.6785534217342502,0.01361508222536564,33.81799232100443
Noisy,train__10752_1024_y256_x0,10752_1024,test,roi02,96,64,32,32,0.6897299468255369,0.016797934714883892,28.32058866894139
Noisy,train__10752_1024_y256_x0,10752_1024,test,roi03,64,32,32,32,0.6778728553181281,0.01715646299409566,26.78358634499962
Noisy,train__10752_1024_y256_x0,10752_1024,test,roi04,192,128,32,32,0.7015673476125812,0.018450426253893343,26.67671393945659
Noisy,train__10752_1024_y256_x0,10752_1024,test,roi05,64,128,32,32,0.6634932735614711,0.017605005882680377,25.0055766521728
Noisy,train__10752_16896_y0_x0,10752_16896,test,roi01,64,32,32,32,0.7532027418492362,0.01196956621458961,47.396401854372314
Noisy,train__10752_16896_y0_x0,10752_16896,test,roi02,96,96,32,32,0.745408696384402,0.011907528469128664,46.662422524206
Noisy,train__10752_16896_y0_x0,10752_16896,test,roi03,0,32,32,32,0.7644898850121535,0.012699659301442102,46.02050892967888
Noisy,train__10752_16896_y0_x0,10752_16896,test,roi04,128,224,32,32,0.7112135216593742,0.011094568816664197,45.592098417684646
Noisy,train__10752_16896_y0_x0,10752_16896,test,roi05,64,64,32,32,0.7489700340665877,0.012539042327043524,44.73675878100083
Noisy,train__10752_16896_y0_x256,10752_16896,test,roi01,224,224,32,32,0.7317969593859743,0.011742367414892199,45.60637313114374
Noisy,train__10752_16896_y0_x256,10752_16896,test,roi02,160,0,32,32,0.7355706694361288,0.012787920253259711,42.31057114989394
Noisy,train__10752_16896_y0_x256,10752_16896,test,roi03,64,192,32,32,0.7106578153616283,0.01215532624966742,41.548414263942966
Noisy,train__10752_16896_y0_x256,10752_16896,test,roi04,160,224,32,32,0.7244155602529645,0.01293741509888454,40.562809489034834
Noisy,train__10752_16896_y0_x256,10752_16896,test,roi05,160,32,32,32,0.7361119161651004,0.013497404314689902,40.14555246970868
Noisy,train__10752_16896_y256_x0,10752_16896,test,roi01,192,96,32,32,0.7304385183670092,0.011146133678243256,47.867757961277476
Noisy,train__10752_16896_y256_x0,10752_16896,test,roi02,192,64,32,32,0.7386308927088976,0.011606260056391225,47.0070111313343
Noisy,train__10752_16896_y256_x0,10752_16896,test,roi03,224,64,32,32,0.7274450168479234,0.012662984224928906,41.7892214929176
Noisy,train__10752_16896_y256_x0,10752_16896,test,roi04,224,96,32,32,0.6883891481847968,0.011601371042579842,40.84686349564522
Noisy,train__10752_16896_y256_x0,10752_16896,test,roi05,192,0,32,32,0.7178786110889632,0.012935317835657167,39.840513144440806
Noisy,train__10752_16896_y256_x256,10752_16896,test,roi01,0,96,32,32,0.7283504277002066,0.012421463143279046,42.70787904870221
Noisy,train__10752_16896_y256_x256,10752_16896,test,roi02,160,128,32,32,0.7391076610947493,0.013001922569544596,42.01533517577968
Noisy,train__10752_16896_y256_x256,10752_16896,test,roi03,0,192,32,32,0.7308848122193012,0.012994190993264137,41.11010904870918
Noisy,train__10752_16896_y256_x256,10752_16896,test,roi04,192,128,32,32,0.731782653107075,0.013222267621633779,40.50030348139793
Noisy,train__10752_16896_y256_x256,10752_16896,test,roi05,96,192,32,32,0.7269264986098278,0.013164137094799112,40.1410385333888
Noisy,train__10752_17920_y0_x256,10752_17920,test,roi01,0,224,32,32,0.7238982242706697,0.016383644297215304,31.984864270478393
Noisy,train__10752_17920_y0_x256,10752_17920,test,roi02,32,96,32,32,0.6896490449726116,0.015843952515290947,30.01875982477352
Noisy,train__10752_17920_y0_x256,10752_17920,test,roi03,64,96,32,32,0.6923448045417899,0.01615530102458125,29.670838546843726
Noisy,train__10752_17920_y0_x256,10752_17920,test,roi04,224,192,32,32,0.7170731170626823,0.017721712556823484,29.01490776160956
Noisy,train__10752_17920_y0_x256,10752_17920,test,roi05,32,160,32,32,0.686414719770255,0.01653140333962728,28.501220243525964
Noisy,train__10752_17920_y256_x0,10752_17920,test,roi01,96,192,32,32,0.6996595607633935,0.01478707233367672,33.104828996661006
Noisy,train__10752_17920_y256_x0,10752_17920,test,roi02,96,0,32,32,0.6955714218638605,0.015104327500064085,32.03185331565803
Noisy,train__10752_17920_y256_x0,10752_17920,test,roi03,160,192,32,32,0.6698429249227047,0.015171439357743089,29.574619354755242
Noisy,train__10752_17920_y256_x0,10752_17920,test,roi04,192,192,32,32,0.6833608415181516,0.01605564528267424,29.085224013034214
Noisy,train__10752_17920_y256_x0,10752_17920,test,roi05,128,0,32,32,0.6946033051935956,0.016748745566542465,28.806560447706833
Noisy,train__10752_17920_y256_x256,10752_17920,test,roi01,192,128,32,32,0.6916527353605488,0.0165097715349589,28.975779908205755
Noisy,train__10752_17920_y256_x256,10752_17920,test,roi02,64,64,32,32,0.6965292304521427,0.016818833018963208,28.845816373064938
Noisy,train__10752_17920_y256_x256,10752_17920,test,roi03,96,0,32,32,0.6730360361107159,0.015928013175133867,28.439046409805467
Noisy,train__10752_17920_y256_x256,10752_17920,test,roi04,96,96,32,32,0.6746863795415265,0.016210525929176337,28.08062568282026
Noisy,train__10752_17920_y256_x256,10752_17920,test,roi05,192,96,32,32,0.683340734205558,0.016642937761367237,28.0572195678409
Noisy,train__10752_25088_y0_x256,10752_25088,test,roi01,32,192,32,32,0.6701031285338104,0.016437440451874244,27.318012447588806
Noisy,train__10752_25088_y0_x256,10752_25088,test,roi02,32,224,32,32,0.6814084931684192,0.017458085567068085,26.5961312183002
Noisy,train__10752_25088_y0_x256,10752_25088,test,roi03,0,192,32,32,0.6801031924696872,0.018244344365082373,25.35253353870642
Noisy,train__10752_25088_y0_x256,10752_25088,test,roi04,192,32,32,32,0.6841187957033981,0.018826601366019883,24.859427229356115
Noisy,train__10752_25088_y0_x256,10752_25088,test,roi05,0,0,32,32,0.6754098376841284,0.018904845820557258,24.130239049315556
Noisy,train__10752_25088_y256_x0,10752_25088,test,roi01,96,224,32,32,0.6790522351511754,0.01654201580644748,27.875196315801034
Noisy,train__10752_25088_y256_x0,10752_25088,test,roi02,224,128,32,32,0.6846699261659523,0.01758393908577669,26.659152167745624
Noisy,train__10752_25088_y256_x0,10752_25088,test,roi03,224,96,32,32,0.6706312227470335,0.01734504264634175,25.929382019596094
Noisy,train__10752_25088_y256_x0,10752_25088,test,roi04,160,0,32,32,0.6267392189474776,0.01741882617593748,22.55043161918192
Noisy,train__10752_25088_y256_x0,10752_25088,test,roi05,192,32,32,32,0.647332941822242,0.018991423842625834,22.064693044642194
Noisy,train__10752_25088_y256_x256,10752_25088,test,roi01,0,64,32,32,0.6462372185196728,0.01307024173295792,31.952166695353945
Noisy,train__10752_25088_y256_x256,10752_25088,test,roi02,32,0,32,32,0.6712684473022819,0.015807791937900717,28.505013863653907
Noisy,train__10752_25088_y256_x256,10752_25088,test,roi03,224,160,32,32,0.6981165965116816,0.017121098252189864,28.465859791600554
Noisy,train__10752_25088_y256_x256,10752_25088,test,roi04,192,96,32,32,0.6909620655642357,0.016992091713569548,28.097104470518488
Noisy,train__10752_25088_y256_x256,10752_25088,test,roi05,0,96,32,32,0.6534566353511764,0.015930143213947492,26.804879814929688
Noisy,train__10752_5632_y0_x0,10752_5632,test,roi01,192,0,32,32,0.6426503555630916,0.015149341361018706,27.261876913544985
Noisy,train__10752_5632_y0_x0,10752_5632,test,roi02,160,96,32,32,0.6099337604973698,0.014451847121267541,25.741982258239794
Noisy,train__10752_5632_y0_x0,10752_5632,test,roi03,224,32,32,32,0.5757887505897088,0.015161296309658973,21.867040821202387
Noisy,train__10752_5632_y0_x0,10752_5632,test,roi04,192,128,32,32,0.6116287293625646,0.01787390456714807,20.929377863482376
Noisy,train__10752_5632_y0_x0,10752_5632,test,roi05,128,96,32,32,0.559679511206923,0.015384037797100434,20.361439525574987
Noisy,train__10752_5632_y0_x256,10752_5632,test,roi01,64,64,32,32,0.667854537095991,0.018142386806138614,24.584950562777266
Noisy,train__10752_5632_y0_x256,10752_5632,test,roi02,64,0,32,32,0.6643215324147604,0.018504458130889967,23.849555350836436
Noisy,train__10752_5632_y0_x256,10752_5632,test,roi03,32,64,32,32,0.6703433945513098,0.0207712142428085,21.633798648731016
Noisy,train__10752_5632_y0_x256,10752_5632,test,roi04,64,32,32,32,0.63928081173799,0.020331097651313523,20.101224403394667
Noisy,train__10752_5632_y0_x256,10752_5632,test,roi05,32,32,32,32,0.6437266152497614,0.023520963272699646,17.617643902445195
Noisy,train__10752_5632_y256_x256,10752_5632,test,roi01,160,160,32,32,0.6017599024635274,0.01275640377538477,28.38691739373008
Noisy,train__10752_5632_y256_x256,10752_5632,test,roi02,128,160,32,32,0.6117188617936336,0.013986011772888357,26.7553017937164
Noisy,train__10752_5632_y256_x256,10752_5632,test,roi03,224,192,32,32,0.6074278039159253,0.014201243388189266,25.981424786859403
Noisy,train__10752_5632_y256_x256,10752_5632,test,roi04,224,160,32,32,0.6092747129587224,0.01580795391152672,23.482841481480627
Noisy,train__10752_5632_y256_x256,10752_5632,test,roi05,224,128,32,32,0.5860459532850655,0.015401133274784134,22.30029785691956
Noisy,train__10752_7168_y0_x0,10752_7168,test,roi01,96,32,32,32,0.6460551852505887,0.011327915588410533,36.84590506802477
Noisy,train__10752_7168_y0_x0,10752_7168,test,roi02,64,0,32,32,0.6706140769820195,0.01225506928928479,36.696915344220955
Noisy,train__10752_7168_y0_x0,10752_7168,test,roi03,160,0,32,32,0.648691693568253,0.01158498183597268,36.322967032871276
Noisy,train__10752_7168_y0_x0,10752_7168,test,roi04,96,0,32,32,0.6551418601593468,0.012341019345305185,34.779206232776154
Noisy,train__10752_7168_y0_x0,10752_7168,test,roi05,160,32,32,32,0.6451454084017314,0.011984357956744032,34.729653393540275
Noisy,train__10752_7168_y0_x256,10752_7168,test,roi01,96,0,32,32,0.6238535545999184,0.013433182252660407,28.97252864338044
Noisy,train__10752_7168_y0_x256,10752_7168,test,roi02,128,96,32,32,0.7029197363881394,0.01970849640973784,25.07021061027475
Noisy,train__10752_7168_y0_x256,10752_7168,test,roi03,32,0,32,32,0.640083798483829,0.01653227971336686,24.782260897160242
Noisy,train__10752_7168_y0_x256,10752_7168,test,roi04,160,0,32,32,0.6478840705385664,0.01717656915859995,24.437579180209003
Noisy,train__10752_7168_y0_x256,10752_7168,test,roi05,128,32,32,32,0.6795182429486886,0.023238166578780254,19.87011500819999
Noisy,train__10752_7168_y256_x0,10752_7168,test,roi01,192,0,32,32,0.33117695500550326,0.006241506436925388,17.57238843460128
Noisy,train__10752_7168_y256_x0,10752_7168,test,roi02,32,224,32,32,0.3349320078268647,0.0065842564153039415,17.037527518854468
Noisy,train__10752_7168_y256_x0,10752_7168,test,roi03,128,224,32,32,0.3308055662055267,0.006457377010851606,16.946869053589154
Noisy,train__10752_7168_y256_x0,10752_7168,test,roi04,128,0,32,32,0.33421516834641807,0.00665702637340117,16.779230318079023
Noisy,train__10752_7168_y256_x0,10752_7168,test,roi05,64,0,32,32,0.3396685916086426,0.0069525502141925865,16.594594583420427
Noisy,train__10752_7168_y256_x256,10752_7168,test,roi01,32,0,32,32,0.32094677044369746,0.006890717475561484,14.948636310161014
Noisy,train__10752_7168_y256_x256,10752_7168,test,roi02,224,32,32,32,0.32108610031718854,0.006942607662436931,14.849792589419023
Noisy,train__10752_7168_y256_x256,10752_7168,test,roi03,32,96,32,32,0.32440280728042126,0.007204567074570923,14.607009731765967
Noisy,train__10752_7168_y256_x256,10752_7168,test,roi04,160,224,32,32,0.31545845861546695,0.0069484062937232565,14.321850926008869
Noisy,train__10752_7168_y256_x256,10752_7168,test,roi05,128,160,32,32,0.31458084944461007,0.007008770215726072,14.119611257228323
Noisy,train__10752_8192_y0_x0,10752_8192,test,roi01,224,96,32,32,0.7756446915154811,0.012797849847441808,47.00982545098433
Noisy,train__10752_8192_y0_x0,10752_8192,test,roi02,224,64,32,32,0.7628255890740547,0.012747208352465622,45.64943658692331
Noisy,train__10752_8192_y0_x0,10752_8192,test,roi03,192,32,32,32,0.7569538733514491,0.013929014227193321,41.13565806136852
Noisy,train__10752_8192_y0_x0,10752_8192,test,roi04,224,32,32,32,0.7284368996915873,0.01588994871680208,33.39345685056944
Noisy,train__10752_8192_y0_x0,10752_8192,test,roi05,224,0,32,32,0.7015392474131659,0.015755199155512975,31.237771785881748
Noisy,train__10752_8192_y0_x256,10752_8192,test,roi01,224,0,32,32,0.7522526822576765,0.010234833580175696,55.290014588996826
Noisy,train__10752_8192_y0_x256,10752_8192,test,roi02,96,0,32,32,0.7536225786898285,0.010778067193742916,52.694697565146186
Noisy,train__10752_8192_y0_x256,10752_8192,test,roi03,64,64,32,32,0.7556510893336963,0.011869823529788031,48.10590211204251
Noisy,train__10752_8192_y0_x256,10752_8192,test,roi04,96,32,32,32,0.7268913089064881,0.011032737707120833,47.89119337286178
Noisy,train__10752_8192_y0_x256,10752_8192,test,roi05,192,0,32,32,0.7301852451346349,0.01138076168683663,46.84840144126817
Noisy,train__10752_8192_y256_x0,10752_8192,test,roi01,32,160,32,32,0.76556756044738,0.011038987106950747,53.0930676819358
Noisy,train__10752_8192_y256_x0,10752_8192,test,roi02,96,192,32,32,0.7752527546253987,0.011493759645795968,52.29070835617312
Noisy,train__10752_8192_y256_x0,10752_8192,test,roi03,160,224,32,32,0.7811208068451378,0.011885302403565263,51.33649058044758
Noisy,train__10752_8192_y256_x0,10752_8192,test,roi04,96,160,32,32,0.7813492033164948,0.011957892900427206,51.05469522155615
Noisy,train__10752_8192_y256_x0,10752_8192,test,roi05,0,224,32,32,0.7635319310065825,0.011480822885151142,50.77867810509001
Noisy,train__11264_11264_y0_x0,11264_11264,test,roi01,96,0,32,32,0.7471081047842745,0.015399373040103415,36.246314624676565
Noisy,train__11264_11264_y0_x0,11264_11264,test,roi02,96,128,32,32,0.7636313729162794,0.01812813782156178,32.16727936657774
Noisy,train__11264_11264_y0_x0,11264_11264,test,roi03,128,0,32,32,0.7317231688648462,0.016673277769997503,32.112389851566206
Noisy,train__11264_11264_y0_x0,11264_11264,test,roi04,128,96,32,32,0.7449729538930114,0.019050535530681548,29.132236263818246
Noisy,train__11264_11264_y0_x0,11264_11264,test,roi05,64,128,32,32,0.7414043977041729,0.01900660077399998,28.920504380089945
Noisy,train__11264_11264_y256_x0,11264_11264,test,roi01,192,96,32,32,0.7228890185506316,0.017070728420565,30.611964543443875
Noisy,train__11264_11264_y256_x0,11264_11264,test,roi02,160,96,32,32,0.7155000832717633,0.017290966529016263,29.607388823684577
Noisy,train__11264_11264_y256_x0,11264_11264,test,roi03,160,64,32,32,0.7007965430311742,0.019108618797742987,25.701271239052218
Noisy,train__11264_11264_y256_x0,11264_11264,test,roi04,192,32,32,32,0.6823197595076635,0.02040084247475729,22.8206386471858
Noisy,train__11264_11264_y256_x0,11264_11264,test,roi05,224,128,32,32,0.6952579532007803,0.022672379396127852,21.32037458633451
Noisy,train__11264_1536_y0_x256,11264_1536,test,roi01,192,96,32,32,0.6304437504877569,0.01663385694072792,23.894597864184572
Noisy,train__11264_1536_y0_x256,11264_1536,test,roi02,160,0,32,32,0.6533076434061513,0.018291996639161735,23.333203332168246
Noisy,train__11264_1536_y0_x256,11264_1536,test,roi03,160,32,32,32,0.6188797510403674,0.01757788402988325,21.789434131926686
Noisy,train__11264_1536_y0_x256,11264_1536,test,roi04,128,32,32,32,0.6597244027943816,0.025103007062771243,17.338013989880764
Noisy,train__11264_1536_y0_x256,11264_1536,test,roi05,224,128,32,32,0.6146330082337954,0.02253508683011251,16.76380205048621
Noisy,train__11264_1536_y256_x0,11264_1536,test,roi01,0,32,32,32,0.6617735079053091,0.01654596896071648,26.468330552599692
Noisy,train__11264_1536_y256_x0,11264_1536,test,roi02,0,64,32,32,0.6655561133520678,0.01831512680021788,24.185742465896602
Noisy,train__11264_1536_y256_x0,11264_1536,test,roi03,64,96,32,32,0.6416323879384436,0.01969797718920587,20.90022327151384
Noisy,train__11264_1536_y256_x0,11264_1536,test,roi04,128,128,32,32,0.6230617283436004,0.02085106409937807,18.618038651470723
Noisy,train__11264_1536_y256_x0,11264_1536,test,roi05,64,160,32,32,0.6106951660185587,0.020140832068402552,18.51703964026025
Noisy,train__11264_1536_y256_x256,11264_1536,test,roi01,128,160,32,32,0.6501651028811466,0.01983688110624525,21.309532417944904
Noisy,train__11264_1536_y256_x256,11264_1536,test,roi02,160,192,32,32,0.6436097126279492,0.02151281982096943,19.255191352705
Noisy,train__11264_1536_y256_x256,11264_1536,test,roi03,160,160,32,32,0.632223143504234,0.0210236116868089,19.012247235957453
Noisy,train__11264_1536_y256_x256,11264_1536,test,roi04,160,224,32,32,0.5913624302920653,0.018720413575368005,18.68065160809692
Noisy,train__11264_1536_y256_x256,11264_1536,test,roi05,32,224,32,32,0.6396093856747029,0.022203011158372137,18.42543623137849
Noisy,train__11264_16384_y0_x0,11264_16384,test,roi01,32,224,32,32,0.7448838863929268,0.012643308003974537,43.88503420413455
Noisy,train__11264_16384_y0_x0,11264_16384,test,roi02,224,224,32,32,0.738329996354878,0.012521562239085753,43.5353970302348
Noisy,train__11264_16384_y0_x0,11264_16384,test,roi03,32,64,32,32,0.6901439895154908,0.011355200657231862,41.945425769382105
Noisy,train__11264_16384_y0_x0,11264_16384,test,roi04,224,128,32,32,0.7109328114311211,0.012069845763192913,41.87505559604222
Noisy,train__11264_16384_y0_x0,11264_16384,test,roi05,160,128,32,32,0.7328910522919614,0.01283524034555246,41.84801219680621
Noisy,train__11264_16384_y0_x256,11264_16384,test,roi01,192,0,32,32,0.7443080442317296,0.013571870026737638,40.81931698554806
Noisy,train__11264_16384_y0_x256,11264_16384,test,roi02,224,192,32,32,0.7135573150590062,0.01281753484847514,39.72402243437563
Noisy,train__11264_16384_y0_x256,11264_16384,test,roi03,192,160,32,32,0.7465331982530188,0.01407790924283202,39.58768354595301
Noisy,train__11264_16384_y0_x256,11264_16384,test,roi04,160,128,32,32,0.7394734706904273,0.014021836134471817,38.997818018327905
Noisy,train__11264_16384_y0_x256,11264_16384,test,roi05,192,96,32,32,0.7487892126373481,0.014433133045344809,38.84709461213623
Noisy,train__11264_16384_y256_x0,11264_16384,test,roi01,32,160,32,32,0.7275976080563851,0.011155744905862401,47.45521556083373
Noisy,train__11264_16384_y256_x0,11264_16384,test,roi02,0,64,32,32,0.7244885967520531,0.012219775492582154,42.953630951925625
Noisy,train__11264_16384_y256_x0,11264_16384,test,roi03,96,192,32,32,0.7176895105803851,0.012567406123657213,40.98524616209514
Noisy,train__11264_16384_y256_x0,11264_16384,test,roi04,64,128,32,32,0.7244559128885157,0.012995115679498851,40.38720259698163
Noisy,train__11264_16384_y256_x0,11264_16384,test,roi05,64,192,32,32,0.7194286425074097,0.012897142190175941,40.1311828642399
Noisy,train__11264_16384_y256_x256,11264_16384,test,roi01,96,128,32,32,0.7009593689581379,0.011177314626503652,43.959041446781484
Noisy,train__11264_16384_y256_x256,11264_16384,test,roi02,160,160,32,32,0.7078926030662842,0.011962206502187307,41.89126290240273
Noisy,train__11264_16384_y256_x256,11264_16384,test,roi03,0,0,32,32,0.7463741821993608,0.01371161087844233,40.627933857837824
Noisy,train__11264_16384_y256_x256,11264_16384,test,roi04,32,128,32,32,0.7405396636459045,0.01354470730209057,40.48806527905895
Noisy,train__11264_16384_y256_x256,11264_16384,test,roi05,64,96,32,32,0.7286270718905143,0.013166320861904375,40.32238128328249
Noisy,train__11264_23552_y0_x0,11264_23552,test,roi01,64,192,32,32,0.7062255184864625,0.01813858875972685,27.49687363048103
Noisy,train__11264_23552_y0_x0,11264_23552,test,roi02,96,192,32,32,0.6903135774409748,0.01772439339192841,26.885706306674905
Noisy,train__11264_23552_y0_x0,11264_23552,test,roi03,160,192,32,32,0.700438517742441,0.01830612422780757,26.800545600579387
Noisy,train__11264_23552_y0_x0,11264_23552,test,roi04,0,32,32,32,0.7040353837801376,0.019186672768487095,25.833860179683974
Noisy,train__11264_23552_y0_x0,11264_23552,test,roi05,64,160,32,32,0.7264387506584171,0.020597432634688884,25.62034151622474
Noisy,train__11264_23552_y0_x256,11264_23552,test,roi01,64,128,32,32,0.6704949984705308,0.015994409658480056,28.107542108354316
Noisy,train__11264_23552_y0_x256,11264_23552,test,roi02,224,224,32,32,0.6963703089713817,0.018187561230752474,26.662816474643673
Noisy,train__11264_23552_y0_x256,11264_23552,test,roi03,32,160,32,32,0.684280614805175,0.01917404447726951,24.42051077712052
Noisy,train__11264_23552_y0_x256,11264_23552,test,roi04,64,0,32,32,0.6628364179123309,0.018028945525677416,24.369263098893416
Noisy,train__11264_23552_y0_x256,11264_23552,test,roi05,96,160,32,32,0.6802025720462552,0.019432959400215125,23.808804901492213
Noisy,train__11264_23552_y256_x0,11264_23552,test,roi01,64,192,32,32,0.7046574579144362,0.018784066502390367,26.434219285331423
Noisy,train__11264_23552_y256_x0,11264_23552,test,roi02,160,96,32,32,0.6828069156763377,0.018054973924294365,25.822539874626518
Noisy,train__11264_23552_y256_x0,11264_23552,test,roi03,128,32,32,32,0.6771961953490973,0.01813542965618896,25.287224823967218
Noisy,train__11264_23552_y256_x0,11264_23552,test,roi04,160,192,32,32,0.6700939260190353,0.018106240735913486,24.79950842567599
Noisy,train__11264_23552_y256_x0,11264_23552,test,roi05,96,160,32,32,0.6758672479554662,0.018541616043911108,24.63628498061275
Noisy,train__11264_23552_y256_x256,11264_23552,test,roi01,96,0,32,32,0.6870999541133642,0.017792789818000226,26.53357634028683
Noisy,train__11264_23552_y256_x256,11264_23552,test,roi02,128,32,32,32,0.682499567134073,0.018452735742603404,25.243176168331065
Noisy,train__11264_23552_y256_x256,11264_23552,test,roi03,0,96,32,32,0.6803152016291278,0.019221423465812834,24.07879803443625
Noisy,train__11264_23552_y256_x256,11264_23552,test,roi04,128,160,32,32,0.6661164097386063,0.019492928592063138,22.76266848398116
Noisy,train__11264_23552_y256_x256,11264_23552,test,roi05,64,64,32,32,0.65260443763691,0.01928147910303645,22.088168119650007
Noisy,train__11264_2560_y0_x0,11264_2560,test,roi01,160,64,32,32,0.6457481939869467,0.018648603914202855,22.360426118537564
Noisy,train__11264_2560_y0_x0,11264_2560,test,roi02,64,96,32,32,0.6495373720463249,0.020634257879787045,20.446521514986518
Noisy,train__11264_2560_y0_x0,11264_2560,test,roi03,224,0,32,32,0.6296423367093666,0.019751064826337334,20.072308792596356
Noisy,train__11264_2560_y0_x0,11264_2560,test,roi04,192,160,32,32,0.65307044563815,0.021816302423790596,19.5496468045343
Noisy,train__11264_2560_y0_x0,11264_2560,test,roi05,96,128,32,32,0.6462083314181655,0.021636778708586574,19.29978640621446
Noisy,train__11264_2560_y0_x256,11264_2560,test,roi01,128,224,32,32,0.7163790907798102,0.02163943474302251,23.71591530929361
Noisy,train__11264_2560_y0_x256,11264_2560,test,roi02,64,192,32,32,0.6712758603971452,0.02184850289980543,20.624355033311705
Noisy,train__11264_2560_y0_x256,11264_2560,test,roi03,96,224,32,32,0.6892869696894195,0.0230459190857746,20.61608065251321
Noisy,train__11264_2560_y0_x256,11264_2560,test,roi04,32,192,32,32,0.655572470932384,0.021448619711811584,20.03743226459079
Noisy,train__11264_2560_y0_x256,11264_2560,test,roi05,160,224,32,32,0.6171928790208767,0.020399689392847795,18.67317891848064
Noisy,train__11264_2560_y256_x0,11264_2560,test,roi01,224,160,32,32,0.6703590750475996,0.016283008108704557,27.5981739061128
Noisy,train__11264_2560_y256_x0,11264_2560,test,roi02,160,192,32,32,0.6753852378024021,0.017868974915200328,25.527218075245333
Noisy,train__11264_2560_y256_x0,11264_2560,test,roi03,224,224,32,32,0.6553013486482087,0.01858541575507039,23.105205888278753
Noisy,train__11264_2560_y256_x0,11264_2560,test,roi04,64,192,32,32,0.6495003996460582,0.01850379844965205,22.798063342952265
Noisy,train__11264_2560_y256_x0,11264_2560,test,roi05,64,64,32,32,0.6906037860753713,0.021471556006873126,22.212344051309973
Noisy,train__11264_2560_y256_x256,11264_2560,test,roi01,64,128,32,32,0.685464996684459,0.018118509088579215,25.93272213417369
Noisy,train__11264_2560_y256_x256,11264_2560,test,roi02,128,160,32,32,0.6662281837343471,0.01801362214133593,24.640241108613004
Noisy,train__11264_2560_y256_x256,11264_2560,test,roi03,32,64,32,32,0.6238597855335684,0.015800820236278965,24.63169798694231
Noisy,train__11264_2560_y256_x256,11264_2560,test,roi04,128,64,32,32,0.662697301908338,0.018718752191109835,23.461377632060668
Noisy,train__11264_2560_y256_x256,11264_2560,test,roi05,160,160,32,32,0.6766891380975721,0.021393309113526375,21.404271176061904
Noisy,train__11264_5120_y0_x0,11264_5120,test,roi01,64,0,32,32,0.6669655863588559,0.015830595769996264,28.100211757672685
Noisy,train__11264_5120_y0_x0,11264_5120,test,roi02,192,224,32,32,0.6479556400299771,0.02001852982115887,20.972894373236866
Noisy,train__11264_5120_y0_x0,11264_5120,test,roi03,224,128,32,32,0.6333718729292741,0.019220143020784137,20.871849339733487
Noisy,train__11264_5120_y0_x0,11264_5120,test,roi04,64,64,32,32,0.626059861991962,0.018783830644467397,20.866401439412464
Noisy,train__11264_5120_y0_x0,11264_5120,test,roi05,224,160,32,32,0.5920275793469045,0.018176516298931997,19.28293898253482
Noisy,train__11264_5120_y256_x256,11264_5120,test,roi01,128,0,32,32,0.5920103570897481,0.02475052401380021,14.160357279955576
Noisy,train__11264_5120_y256_x256,11264_5120,test,roi02,0,32,32,32,0.5955519706767518,0.026579884261903552,13.34400655330625
Noisy,train__11264_5120_y256_x256,11264_5120,test,roi03,0,192,32,32,0.6120887914803461,0.028801843399008518,13.007941313533001
Noisy,train__11264_5120_y256_x256,11264_5120,test,roi04,64,160,32,32,0.5889407821305213,0.027037974507767196,12.828299869758002
Noisy,train__11264_5120_y256_x256,11264_5120,test,roi05,192,160,32,32,0.6400747132429387,0.03205310139251393,12.78177838443788
Noisy,train__11776_1536_y256_x0,11776_1536,test,roi01,64,224,32,32,0.6788260027387878,0.01651783851389362,27.89739962687763
Noisy,train__11776_1536_y256_x0,11776_1536,test,roi02,32,224,32,32,0.6854388079518685,0.01786317898607095,26.301385649935646
Noisy,train__11776_1536_y256_x0,11776_1536,test,roi03,96,96,32,32,0.7057652201328892,0.018997322140983607,26.2197241407328
Noisy,train__11776_1536_y256_x0,11776_1536,test,roi04,32,192,32,32,0.6759630128217395,0.019189112674817998,23.811731289830316
Noisy,train__11776_1536_y256_x0,11776_1536,test,roi05,32,128,32,32,0.6778306620981311,0.01941720548681984,23.662231251158296
Noisy,train__11776_1536_y256_x256,11776_1536,test,roi01,0,32,32,32,0.6454971818238846,0.019799095438054075,21.044729697183005
Noisy,train__11776_1536_y256_x256,11776_1536,test,roi02,64,64,32,32,0.588921423535794,0.017602551490893747,19.703305130443695
Noisy,train__11776_1536_y256_x256,11776_1536,test,roi03,32,64,32,32,0.6096475360100158,0.018978933742819643,19.583298155709013
Noisy,train__11776_1536_y256_x256,11776_1536,test,roi04,160,224,32,32,0.5915895749567426,0.018248373138531844,19.17859869154651
Noisy,train__11776_1536_y256_x256,11776_1536,test,roi05,64,32,32,32,0.5968229057034478,0.018845712515183584,18.900722404914422
Noisy,train__11776_5120_y0_x0,11776_5120,test,roi01,224,0,32,32,0.6451973187940894,0.021548825703138128,19.317970543446343
Noisy,train__11776_5120_y0_x0,11776_5120,test,roi02,128,32,32,32,0.6197792718012352,0.02324713620428332,16.523598536136827
Noisy,train__11776_5120_y0_x0,11776_5120,test,roi03,0,224,32,32,0.619619939243421,0.023323625319054884,16.460943093368908
Noisy,train__11776_5120_y0_x0,11776_5120,test,roi04,0,160,32,32,0.6300044051749865,0.029510900692730407,13.449455666314535
Noisy,train__11776_5120_y0_x0,11776_5120,test,roi05,224,96,32,32,0.33388211225974374,0.00889486569396273,12.532765386518632
Noisy,train__11776_5120_y0_x256,11776_5120,test,roi01,0,0,32,32,0.6644774966698606,0.020163348596047785,21.89766950055056
Noisy,train__11776_5120_y0_x256,11776_5120,test,roi02,160,224,32,32,0.6410314126114827,0.022028642934813967,18.65395309055806
Noisy,train__11776_5120_y0_x256,11776_5120,test,roi03,128,224,32,32,0.6229011112445733,0.02147205170750767,18.070271051650764
Noisy,train__11776_5120_y0_x256,11776_5120,test,roi04,192,224,32,32,0.5931535735435318,0.02112497577899755,16.65474864862342
Noisy,train__11776_5120_y0_x256,11776_5120,test,roi05,32,0,32,32,0.6127201763738412,0.024173858122700693,15.53024811472041
Noisy,train__11776_5120_y256_x256,11776_5120,test,roi01,224,96,32,32,0.6594236147357151,0.009094579492486245,47.81304116703497
Noisy,train__11776_5120_y256_x256,11776_5120,test,roi02,192,32,32,32,0.6804150915413629,0.010594661279133218,43.69792337854881
Noisy,train__11776_5120_y256_x256,11776_5120,test,roi03,224,32,32,32,0.6689412857231218,0.010637722160165869,42.06562617517413
Noisy,train__11776_5120_y256_x256,11776_5120,test,roi04,192,96,32,32,0.6478629363118671,0.010419154300039092,40.28411252581791
Noisy,train__11776_5120_y256_x256,11776_5120,test,roi05,224,64,32,32,0.6522497832775116,0.010644271359688685,39.96795697981938
Noisy,train__11776_6144_y0_x0,11776_6144,test,roi01,224,0,32,32,0.6384089467755985,0.009840501704430342,41.41719554193426
Noisy,train__11776_6144_y0_x0,11776_6144,test,roi02,192,0,32,32,0.6382670807361137,0.0119324673526776,34.14087416379858
Noisy,train__11776_6144_y0_x0,11776_6144,test,roi03,192,32,32,32,0.6507826657325495,0.01306031448512174,32.42786216981478
Noisy,train__11776_6144_y0_x0,11776_6144,test,roi04,32,0,32,32,0.589208147051977,0.01077139341150513,32.230392790370956
Noisy,train__11776_6144_y0_x0,11776_6144,test,roi05,224,32,32,32,0.6319502259721048,0.013712164019195821,29.124585116333503
Noisy,train__11776_6144_y0_x256,11776_6144,test,roi01,64,64,32,32,0.6391128387913341,0.010391311624267555,39.30834099460558
Noisy,train__11776_6144_y0_x256,11776_6144,test,roi02,128,64,32,32,0.6311278243374545,0.018521892445906726,21.505487725740284
Noisy,train__11776_6144_y0_x256,11776_6144,test,roi03,64,96,32,32,0.6037553315545665,0.019226285710597868,18.95948629222931
Noisy,train__11776_6144_y0_x256,11776_6144,test,roi04,96,192,32,32,0.34884845340275206,0.006433138983341366,18.916930561677944
Noisy,train__11776_6144_y0_x256,11776_6144,test,roi05,96,224,32,32,0.33313117259240244,0.005995517806272208,18.509890511323498
Noisy,train__11776_6144_y256_x256,11776_6144,test,roi01,0,224,32,32,0.6373185327684041,0.009794207987188785,41.470929833363186
Noisy,train__11776_6144_y256_x256,11776_6144,test,roi02,32,224,32,32,0.6137940754415467,0.010140455842755951,37.15248829925901
Noisy,train__11776_6144_y256_x256,11776_6144,test,roi03,0,192,32,32,0.639736042387085,0.011205021932934,36.524890926467485
Noisy,train__11776_6144_y256_x256,11776_6144,test,roi04,32,192,32,32,0.6128587843268178,0.014044092400142785,26.744048588196872
Noisy,train__11776_6144_y256_x256,11776_6144,test,roi05,0,160,32,32,0.6156274835666409,0.016083629937717926,23.564158090569062
Noisy,train__11776_9728_y0_x256,11776_9728,test,roi01,64,224,32,32,0.6702402102018823,0.016434558828388898,27.33398225424109
Noisy,train__11776_9728_y0_x256,11776_9728,test,roi02,160,192,32,32,0.6585620292753447,0.017764043967361552,24.414708002306124
Noisy,train__11776_9728_y0_x256,11776_9728,test,roi03,96,192,32,32,0.6882893443544162,0.021034741815620893,22.521893812835874
Noisy,train__11776_9728_y0_x256,11776_9728,test,roi04,96,0,32,32,0.6320804744536872,0.02194604485757294,18.204907935733743
Noisy,train__11776_9728_y0_x256,11776_9728,test,roi05,128,32,32,32,0.6019425274062087,0.020307577983597926,17.84234469481421
Noisy,train__11776_9728_y256_x0,11776_9728,test,roi01,224,224,32,32,0.7462553834484424,0.017126338509046848,32.51699696532365
Noisy,train__11776_9728_y256_x0,11776_9728,test,roi02,32,32,32,32,0.7131136652023997,0.015801056184203216,32.18336126206512
Noisy,train__11776_9728_y256_x0,11776_9728,test,roi03,128,96,32,32,0.6852024106483441,0.015471191179243391,30.346877504054127
Noisy,train__11776_9728_y256_x0,11776_9728,test,roi04,96,192,32,32,0.7143330477410927,0.017172850655757552,29.713861334023726
Noisy,train__11776_9728_y256_x0,11776_9728,test,roi05,96,160,32,32,0.7241828045807779,0.01790427395581616,29.29137119688217
Noisy,train__11776_9728_y256_x256,11776_9728,test,roi01,192,96,32,32,0.6930805590891396,0.015676380936985028,30.64231874169422
Noisy,train__11776_9728_y256_x256,11776_9728,test,roi02,128,96,32,32,0.7390996430476662,0.01843055670076426,29.63927195593259
Noisy,train__11776_9728_y256_x256,11776_9728,test,roi03,96,64,32,32,0.7059532934363233,0.018307112814421524,27.222755306396426
Noisy,train__11776_9728_y256_x256,11776_9728,test,roi04,96,192,32,32,0.6903778506166418,0.01753794701632392,27.1765889233458
Noisy,train__11776_9728_y256_x256,11776_9728,test,roi05,0,128,32,32,0.7023781301541021,0.01820729907616613,27.095454172253497
Noisy,train__12288_19456_y0_x256,12288_19456,test,roi01,160,96,32,32,0.7354895909084007,0.012561766660466243,43.06280740248434
Noisy,train__12288_19456_y0_x256,12288_19456,test,roi02,192,0,32,32,0.7326538673369214,0.012608132769412451,42.57424149482221
Noisy,train__12288_19456_y0_x256,12288_19456,test,roi03,224,0,32,32,0.7447540483262856,0.013700798470930618,40.483669158058674
Noisy,train__12288_19456_y0_x256,12288_19456,test,roi04,192,224,32,32,0.7173312760132831,0.013207249964842273,38.96073451449891
Noisy,train__12288_19456_y0_x256,12288_19456,test,roi05,160,160,32,32,0.7312276047014166,0.014038589595734608,38.0874308085642
Noisy,train__12288_19456_y256_x0,12288_19456,test,roi01,224,0,32,32,0.7507847768429201,0.013930228068869357,40.46436126905595
Noisy,train__12288_19456_y256_x0,12288_19456,test,roi02,64,224,32,32,0.7204528993461281,0.013308234531501225,39.00234692645523
Noisy,train__12288_19456_y256_x0,12288_19456,test,roi03,192,0,32,32,0.7283691537159029,0.014113039558903459,37.5908833721175
Noisy,train__12288_19456_y256_x0,12288_19456,test,roi04,128,192,32,32,0.6884308795561083,0.012914448909702381,36.69820363533568
Noisy,train__12288_19456_y256_x0,12288_19456,test,roi05,96,224,32,32,0.7243088824034203,0.014605107611271512,35.92054034053217
Noisy,train__12288_19456_y256_x256,12288_19456,test,roi01,32,192,32,32,0.707005765667418,0.01318922672224696,37.898897578569695
Noisy,train__12288_19456_y256_x256,12288_19456,test,roi02,64,32,32,32,0.7052414164354559,0.013702266075172831,36.29804389487559
Noisy,train__12288_19456_y256_x256,12288_19456,test,roi03,160,64,32,32,0.7239432352362201,0.015102744339002513,34.701892323690075
Noisy,train__12288_19456_y256_x256,12288_19456,test,roi04,128,64,32,32,0.6975222711625975,0.014739246092223973,33.00964755751735
Noisy,train__12288_19456_y256_x256,12288_19456,test,roi05,0,224,32,32,0.6863973239378538,0.014337942310735425,32.85975603042311
Noisy,train__12288_21504_y0_x256,12288_21504,test,roi01,192,224,32,32,0.6617350475426065,0.022425957404432987,19.526179651962433
Noisy,train__12288_21504_y0_x256,12288_21504,test,roi02,224,96,32,32,0.6579113067273283,0.022729642615818377,19.04329490946007
Noisy,train__12288_21504_y0_x256,12288_21504,test,roi03,32,96,32,32,0.6795119224916562,0.02438088807529445,18.938459148097706
Noisy,train__12288_21504_y0_x256,12288_21504,test,roi04,192,160,32,32,0.6447601242907695,0.022023236728672173,18.8762270958213
Noisy,train__12288_21504_y0_x256,12288_21504,test,roi05,192,192,32,32,0.65500490807608,0.023538529373470916,18.226772913319454
Noisy,train__12288_21504_y256_x0,12288_21504,test,roi01,224,160,32,32,0.6537700187691371,0.018543604114959044,23.04919986382819
Noisy,train__12288_21504_y256_x0,12288_21504,test,roi02,160,0,32,32,0.6786790160695091,0.02100168147401347,21.931825193283167
Noisy,train__12288_21504_y256_x0,12288_21504,test,roi03,192,32,32,32,0.6926083623766317,0.022429434551472137,21.387357872673363
Noisy,train__12288_21504_y256_x0,12288_21504,test,roi04,224,64,32,32,0.6853767380671343,0.022642931501355573,20.745603238495114
Noisy,train__12288_21504_y256_x0,12288_21504,test,roi05,0,96,32,32,0.7055862338020233,0.024524684695597522,20.300034006973146
Noisy,train__12288_21504_y256_x256,12288_21504,test,roi01,96,160,32,32,0.69180633223732,0.02287234161549692,20.924661294818428
Noisy,train__12288_21504_y256_x256,12288_21504,test,roi02,96,128,32,32,0.6630105226286105,0.02156530040833097,20.383808469760353
Noisy,train__12288_21504_y256_x256,12288_21504,test,roi03,64,160,32,32,0.6572180340444902,0.021252672383555167,20.323822645830013
Noisy,train__12288_21504_y256_x256,12288_21504,test,roi04,0,0,32,32,0.6232986350078136,0.019645714487452864,19.775365698749606
Noisy,train__12288_21504_y256_x256,12288_21504,test,roi05,64,64,32,32,0.6473945848993026,0.022286484950052456,18.80600505177259
Noisy,train__12288_2560_y0_x0,12288_2560,test,roi01,0,0,32,32,0.6329566601343686,0.016599782489853138,24.134902602088196
Noisy,train__12288_2560_y0_x0,12288_2560,test,roi02,192,32,32,32,0.6403031240188284,0.01725317403676805,23.7630530912486
Noisy,train__12288_2560_y0_x0,12288_2560,test,roi03,192,64,32,32,0.6256598836189369,0.016907543397125243,23.15240486306362
Noisy,train__12288_2560_y0_x0,12288_2560,test,roi04,224,64,32,32,0.6124343080882682,0.0170043969040958,22.05757627506403
Noisy,train__12288_2560_y0_x0,12288_2560,test,roi05,64,32,32,32,0.627313125951332,0.017992982660600697,21.87084628567602
Noisy,train__12288_2560_y256_x0,12288_2560,test,roi01,224,192,32,32,0.6478922495152801,0.01376170427794181,30.50235337891955
Noisy,train__12288_2560_y256_x0,12288_2560,test,roi02,160,224,32,32,0.6563121597282588,0.01457168886759653,29.56044799755728
Noisy,train__12288_2560_y256_x0,12288_2560,test,roi03,192,224,32,32,0.6388176438922528,0.014270468942237397,28.596676381124375
Noisy,train__12288_2560_y256_x0,12288_2560,test,roi04,192,192,32,32,0.665053842618363,0.015488818006541021,28.555866134824868
Noisy,train__12288_2560_y256_x0,12288_2560,test,roi05,224,160,32,32,0.6693511286357534,0.017658851465414595,25.37146508556569
Noisy,train__12288_2560_y256_x256,12288_2560,test,roi01,64,64,32,32,0.690002240909962,0.015644476480062952,30.432663762670913
Noisy,train__12288_2560_y256_x256,12288_2560,test,roi02,96,64,32,32,0.6734998394094873,0.015853802385501718,28.611560977915538
Noisy,train__12288_2560_y256_x256,12288_2560,test,roi03,0,192,32,32,0.6425056475272868,0.014635638039723361,28.20604786644894
Noisy,train__12288_2560_y256_x256,12288_2560,test,roi04,192,192,32,32,0.6639469103101874,0.016205754956591018,27.201787321309368
Noisy,train__12288_2560_y256_x256,12288_2560,test,roi05,96,96,32,32,0.643254278387758,0.01665594559108894,24.842544327566046
Noisy,train__12288_3072_y0_x0,12288_3072,test,roi01,192,96,32,32,0.7524132216349244,0.01771594409397706,31.955714755473476
Noisy,train__12288_3072_y0_x0,12288_3072,test,roi02,192,128,32,32,0.7490480215055868,0.017971516040945185,31.22012284568093
Noisy,train__12288_3072_y0_x0,12288_3072,test,roi03,128,96,32,32,0.6660672088764841,0.015487331322468672,28.645705157536014
Noisy,train__12288_3072_y0_x0,12288_3072,test,roi04,224,32,32,32,0.7294616091821808,0.01902108494510539,27.97496782156915
Noisy,train__12288_3072_y0_x0,12288_3072,test,roi05,192,32,32,32,0.7409040845668642,0.020140086643419867,27.256032818866316
Noisy,train__12288_3072_y0_x256,12288_3072,test,roi01,32,224,32,32,0.7110259615510586,0.018582020635249358,27.206832234411802
Noisy,train__12288_3072_y0_x256,12288_3072,test,roi02,64,224,32,32,0.7029830210667569,0.019446771513986036,25.412193872526785
Noisy,train__12288_3072_y0_x256,12288_3072,test,roi03,64,32,32,32,0.6481694547692314,0.016930908964293098,24.81400396055958
Noisy,train__12288_3072_y0_x256,12288_3072,test,roi04,160,32,32,32,0.669870139194245,0.01887610602566798,23.77217010616139
Noisy,train__12288_3072_y0_x256,12288_3072,test,roi05,0,160,32,32,0.7306551291694632,0.023223444144893777,22.98784428575061
Noisy,train__12288_3072_y256_x0,12288_3072,test,roi01,128,96,32,32,0.638688560378796,0.01916025764411862,21.29006220769447
Noisy,train__12288_3072_y256_x0,12288_3072,test,roi02,192,96,32,32,0.5770555714843795,0.01576531873813098,21.121877591714394
Noisy,train__12288_3072_y256_x0,12288_3072,test,roi03,64,0,32,32,0.7168436398933409,0.025431841209800625,20.205568280188327
Noisy,train__12288_3072_y256_x0,12288_3072,test,roi04,96,0,32,32,0.6917487903483561,0.023767967452664907,20.132827508343034
Noisy,train__12288_3072_y256_x0,12288_3072,test,roi05,64,128,32,32,0.6071845214100904,0.018508289107985618,19.9193475360687
Noisy,train__12288_3072_y256_x256,12288_3072,test,roi01,96,160,32,32,0.731018383114133,0.017752566011043816,30.10200756996821
Noisy,train__12288_3072_y256_x256,12288_3072,test,roi02,128,192,32,32,0.7223400158400182,0.017350221028399247,30.073109594955824
Noisy,train__12288_3072_y256_x256,12288_3072,test,roi03,160,192,32,32,0.7281088990566786,0.018182996818902918,29.155951253007764
Noisy,train__12288_3072_y256_x256,12288_3072,test,roi04,32,32,32,32,0.6640124923142139,0.01602728674250735,27.510120523391628
Noisy,train__12288_3072_y256_x256,12288_3072,test,roi05,32,0,32,32,0.6348673402171698,0.015340528552707592,26.273966916432254
Noisy,train__12288_5632_y0_x0,12288_5632,test,roi01,160,64,32,32,0.691571198462043,0.018635838019229495,25.664030887622015
Noisy,train__12288_5632_y0_x0,12288_5632,test,roi02,0,224,32,32,0.6813282309740316,0.01847333162006581,25.12855655219108
Noisy,train__12288_5632_y0_x0,12288_5632,test,roi03,160,32,32,32,0.6719267400039826,0.018020820401683645,25.053551051993075
Noisy,train__12288_5632_y0_x0,12288_5632,test,roi04,96,192,32,32,0.6873170632316032,0.018998067606704035,24.86593664097782
Noisy,train__12288_5632_y0_x0,12288_5632,test,roi05,192,160,32,32,0.6977397686205222,0.019825755608122317,24.55597629354255
Noisy,train__12288_5632_y0_x256,12288_5632,test,roi01,160,0,32,32,0.7311377016667393,0.018126824740077194,29.49012562672603
Noisy,train__12288_5632_y0_x256,12288_5632,test,roi02,128,96,32,32,0.7302096711355262,0.01825242053899513,29.21290152616703
Noisy,train__12288_5632_y0_x256,12288_5632,test,roi03,160,160,32,32,0.6987840795627562,0.01733434151825748,28.169468643274673
Noisy,train__12288_5632_y0_x256,12288_5632,test,roi04,128,0,32,32,0.7188637440558523,0.01857175399388808,27.82532455943925
Noisy,train__12288_5632_y0_x256,12288_5632,test,roi05,64,192,32,32,0.7260116170655238,0.019990940942168172,26.36658622717783
Noisy,train__12288_6144_y0_x0,12288_6144,test,roi01,0,96,32,32,0.7464900955819758,0.01632605652912283,34.1323982192488
Noisy,train__12288_6144_y0_x0,12288_6144,test,roi02,160,64,32,32,0.7460425468743779,0.017348628354966866,32.08204535590625
Noisy,train__12288_6144_y0_x0,12288_6144,test,roi03,32,0,32,32,0.7378583869431168,0.018239387669600163,29.84941210990956
Noisy,train__12288_6144_y0_x0,12288_6144,test,roi04,192,128,32,32,0.6999414204183267,0.016667991242502758,29.392743545962045
Noisy,train__12288_6144_y0_x0,12288_6144,test,roi05,0,128,32,32,0.7071089689561632,0.01748202669218806,28.600979896780345
Noisy,train__12288_6144_y0_x256,12288_6144,test,roi01,128,224,32,32,0.7445903270854615,0.016083756957161553,34.47047581394671
Noisy,train__12288_6144_y0_x256,12288_6144,test,roi02,64,224,32,32,0.7337045049353037,0.016045492610379592,33.549752172403004
Noisy,train__12288_6144_y0_x256,12288_6144,test,roi03,96,0,32,32,0.6713863875193056,0.01471767195822378,30.627104791145488
Noisy,train__12288_6144_y0_x256,12288_6144,test,roi04,96,224,32,32,0.7421208293089876,0.01942385244412218,28.353969784244274
Noisy,train__12288_6144_y0_x256,12288_6144,test,roi05,128,32,32,32,0.6737120147736277,0.016140952540248322,28.12026599536473
Noisy,train__12288_6144_y256_x0,12288_6144,test,roi01,160,224,32,32,0.657385738537414,0.015295627226390919,28.253565730651676
Noisy,train__12288_6144_y256_x0,12288_6144,test,roi02,32,128,32,32,0.7501454425510019,0.019987358666209792,28.153704267655833
Noisy,train__12288_6144_y256_x0,12288_6144,test,roi03,96,224,32,32,0.6446189114649314,0.014874755969867152,27.935486260077738
Noisy,train__12288_6144_y256_x0,12288_6144,test,roi04,160,160,32,32,0.69370512542082,0.017517618386812026,27.471017487023385
Noisy,train__12288_6144_y256_x0,12288_6144,test,roi05,96,64,32,32,0.6871206957293907,0.019047023130397397,24.787855155494384
Noisy,train__12288_6144_y256_x256,12288_6144,test,roi01,128,32,32,32,0.7447410541353747,0.017132294885071488,32.37390212083983
Noisy,train__12288_6144_y256_x256,12288_6144,test,roi02,160,32,32,32,0.7342571330082137,0.016972304096709395,31.765488898939143
Noisy,train__12288_6144_y256_x256,12288_6144,test,roi03,128,0,32,32,0.721754967875313,0.01966105090850359,26.495543706027778
Noisy,train__12288_6144_y256_x256,12288_6144,test,roi04,96,224,32,32,0.7243300322152209,0.02011093163797315,26.08800054683988
Noisy,train__12288_6144_y256_x256,12288_6144,test,roi05,224,0,32,32,0.6327755092133884,0.015442204297838347,25.929254485793397
Noisy,train__12800_13824_y0_x0,12800_13824,test,roi01,64,0,32,32,0.7137025007687043,0.018748731312911625,27.168305476366577
Noisy,train__12800_13824_y0_x0,12800_13824,test,roi02,160,32,32,32,0.6956113457781612,0.018397238666799456,26.301509326425652
Noisy,train__12800_13824_y0_x0,12800_13824,test,roi03,96,32,32,32,0.69563984774868,0.01972227150068776,24.536463650190168
Noisy,train__12800_13824_y0_x0,12800_13824,test,roi04,32,128,32,32,0.6636789132317062,0.01983553681515729,22.20608920106637
Noisy,train__12800_13824_y0_x0,12800_13824,test,roi05,0,96,32,32,0.6769897608101019,0.020770148980101877,22.066049534877767
Noisy,train__12800_13824_y0_x256,12800_13824,test,roi01,96,160,32,32,0.6824485208635451,0.015621685778926569,29.813426682612693
Noisy,train__12800_13824_y0_x256,12800_13824,test,roi02,160,128,32,32,0.7025620463537052,0.017098676380413326,28.867347272688377
Noisy,train__12800_13824_y0_x256,12800_13824,test,roi03,192,224,32,32,0.698514201969374,0.017774520955346405,27.450646438161762
Noisy,train__12800_13824_y0_x256,12800_13824,test,roi04,224,96,32,32,0.6690840411247336,0.017439473171344477,25.670124876443808
Noisy,train__12800_13824_y0_x256,12800_13824,test,roi05,128,32,32,32,0.7124883731303271,0.019797967591583036,25.640999738868125
Noisy,train__12800_13824_y256_x0,12800_13824,test,roi01,128,224,32,32,0.714426325110253,0.01663203259428763,30.688069610075345
Noisy,train__12800_13824_y256_x0,12800_13824,test,roi02,32,64,32,32,0.7074145291408058,0.017055167185892,29.342152474088152
Noisy,train__12800_13824_y256_x0,12800_13824,test,roi03,192,96,32,32,0.7157142151336302,0.018996899729207734,26.96475977902693
Noisy,train__12800_13824_y256_x0,12800_13824,test,roi04,96,224,32,32,0.6981097613752354,0.018952855530256957,25.714185292519907
Noisy,train__12800_13824_y256_x0,12800_13824,test,roi05,96,128,32,32,0.6903099942283006,0.018701977531583633,25.48008023893318
Noisy,train__13312_10752_y0_x0,13312_10752,test,roi01,64,160,32,32,0.7215049004007597,0.016546759884629014,31.460498909269184
Noisy,train__13312_10752_y0_x0,13312_10752,test,roi02,0,224,32,32,0.7536189281890984,0.02063809488346608,27.519085076979838
Noisy,train__13312_10752_y0_x0,13312_10752,test,roi03,32,128,32,32,0.6811698120000074,0.017453017564771696,26.58522006628112
Noisy,train__13312_10752_y0_x0,13312_10752,test,roi04,32,32,32,32,0.7294366851710947,0.020261874699956092,26.26005172534937
Noisy,train__13312_10752_y0_x0,13312_10752,test,roi05,96,160,32,32,0.7316056369818398,0.020564421179147384,26.027808096361664
Noisy,train__13312_10752_y256_x0,13312_10752,test,roi01,0,0,32,32,0.7390002315369202,0.02067956167447434,26.408748444882292
Noisy,train__13312_10752_y256_x0,13312_10752,test,roi02,0,96,32,32,0.7308053823944647,0.020858494371445713,25.604748714166305
Noisy,train__13312_10752_y256_x0,13312_10752,test,roi03,32,224,32,32,0.6747919885237934,0.020469147352213113,22.245393026918816
Noisy,train__13312_10752_y256_x0,13312_10752,test,roi04,64,224,32,32,0.709912847058149,0.023922684440155783,21.06687699195873
Noisy,train__13312_10752_y256_x0,13312_10752,test,roi05,64,32,32,32,0.6554070689162472,0.020830883246342483,20.621229590003534
Noisy,train__13312_10752_y256_x256,13312_10752,test,roi01,224,224,32,32,0.7424717684625648,0.018767259708050075,29.373725069060978
Noisy,train__13312_10752_y256_x256,13312_10752,test,roi02,224,192,32,32,0.7417665154498536,0.019941109857860285,27.592123375506905
Noisy,train__13312_10752_y256_x256,13312_10752,test,roi03,0,160,32,32,0.7237794635002501,0.020516700726373308,25.533184831775383
Noisy,train__13312_10752_y256_x256,13312_10752,test,roi04,192,32,32,32,0.7137000707734842,0.02109294802525387,24.148724512677298
Noisy,train__13312_10752_y256_x256,13312_10752,test,roi05,0,192,32,32,0.7139110549323959,0.023246530500232204,21.92451877279474
Noisy,train__13312_17408_y0_x0,13312_17408,test,roi01,192,0,32,32,0.7364355186291505,0.01203481525933249,45.064029767970574
Noisy,train__13312_17408_y0_x0,13312_17408,test,roi02,32,0,32,32,0.708732192259049,0.012644332027986767,39.72541366618116
Noisy,train__13312_17408_y0_x0,13312_17408,test,roi03,64,0,32,32,0.7015071690548211,0.012782635631421204,38.498500811964014
Noisy,train__13312_17408_y0_x0,13312_17408,test,roi04,160,0,32,32,0.7230354767525569,0.014098583707978764,37.08034164785942
Noisy,train__13312_17408_y0_x0,13312_17408,test,roi05,32,192,32,32,0.7051634452072904,0.013717197590681164,36.25051554221452
Noisy,train__13312_17408_y256_x0,13312_17408,test,roi01,96,128,32,32,0.7585930540808477,0.011238343665004511,51.20535897933647
Noisy,train__13312_17408_y256_x0,13312_17408,test,roi02,64,96,32,32,0.7556725215399638,0.012640133159825036,45.17681519570885
Noisy,train__13312_17408_y256_x0,13312_17408,test,roi03,160,160,32,32,0.7358492210041732,0.013322606339997335,40.64325419770354
Noisy,train__13312_17408_y256_x0,13312_17408,test,roi04,128,160,32,32,0.7520573630463332,0.014002600494543379,40.39180276068056
Noisy,train__13312_17408_y256_x0,13312_17408,test,roi05,0,32,32,32,0.740803717460949,0.013764443998486958,39.87012827138435
Noisy,train__13312_17408_y256_x256,13312_17408,test,roi01,64,128,32,32,0.7044496323505882,0.012096988086915741,41.02254883226913
Noisy,train__13312_17408_y256_x256,13312_17408,test,roi02,96,128,32,32,0.7037069670914207,0.012293594259475307,40.28142503168485
Noisy,train__13312_17408_y256_x256,13312_17408,test,roi03,32,96,32,32,0.7288736035407055,0.013452849582166151,39.49027503010791
Noisy,train__13312_17408_y256_x256,13312_17408,test,roi04,32,0,32,32,0.7001839877193561,0.013302894289366825,36.85345504477538
Noisy,train__13312_17408_y256_x256,13312_17408,test,roi05,32,64,32,32,0.7039268754888326,0.013470116579789426,36.78609929619604
Noisy,train__13312_512_y0_x0,13312_512,test,roi01,192,224,32,32,0.7378660313843284,0.007611017686563328,71.5339659809275
Noisy,train__13312_512_y0_x0,13312_512,test,roi02,224,192,32,32,0.7232408901618328,0.007643107980037917,68.43778559301282
Noisy,train__13312_512_y0_x0,13312_512,test,roi03,96,224,32,32,0.7534307262685616,0.008991450292452486,63.133069841032196
Noisy,train__13312_512_y0_x0,13312_512,test,roi04,224,128,32,32,0.7252672820759472,0.00857938859923227,61.311202350351856
Noisy,train__13312_512_y0_x0,13312_512,test,roi05,160,128,32,32,0.7140962432022206,0.00864728935254509,58.97032281051637
Noisy,train__13312_512_y256_x0,13312_512,test,roi01,192,128,32,32,0.6794084085267968,0.006754912919401401,68.33482401395932
Noisy,train__13312_512_y256_x0,13312_512,test,roi02,64,0,32,32,0.7863869539578445,0.009156326584351962,67.53848671277649
Noisy,train__13312_512_y256_x0,13312_512,test,roi03,64,96,32,32,0.7559080397477373,0.009123874093703528,62.62657273510529
Noisy,train__13312_512_y256_x0,13312_512,test,roi04,160,128,32,32,0.6459037068416364,0.007235486153555725,57.659097074872676
Noisy,train__13312_512_y256_x0,13312_512,test,roi05,128,224,32,32,0.7090368079079781,0.008855353873212329,56.77166628982674
Noisy,train__13312_512_y256_x256,13312_512,test,roi01,96,160,32,32,0.7764321133145131,0.00850734781696337,70.86189956686434
Noisy,train__13312_512_y256_x256,13312_512,test,roi02,192,192,32,32,0.7539034147630446,0.008187805894384486,69.41668697607861
Noisy,train__13312_512_y256_x256,13312_512,test,roi03,192,224,32,32,0.7480078099761158,0.008400988451948851,66.60117282454651
Noisy,train__13312_512_y256_x256,13312_512,test,roi04,192,160,32,32,0.7450879848038312,0.008346503882623419,66.51361011822128
Noisy,train__13312_512_y256_x256,13312_512,test,roi05,192,32,32,32,0.7308262876758818,0.008349539771807584,63.968443453797974
Noisy,train__13312_6144_y256_x0,13312_6144,test,roi01,32,32,32,32,0.6502750730869593,0.015752590111410707,26.843691588975247
Noisy,train__13312_6144_y256_x0,13312_6144,test,roi02,224,0,32,32,0.6283584878983675,0.015502060810936153,25.469800056220986
Noisy,train__13312_6144_y256_x0,13312_6144,test,roi03,128,32,32,32,0.6650838724308414,0.017432557376532574,25.374163286166496
Noisy,train__13312_6144_y256_x0,13312_6144,test,roi04,96,160,32,32,0.6628888852719683,0.01737124927158805,25.295916680892898
Noisy,train__13312_6144_y256_x0,13312_6144,test,roi05,32,96,32,32,0.6744432417035569,0.01800926722583494,25.257756497003374
Noisy,train__13312_6144_y256_x256,13312_6144,test,roi01,224,32,32,32,0.6810626432852587,0.016971198038408762,27.33138361999777
Noisy,train__13312_6144_y256_x256,13312_6144,test,roi02,64,64,32,32,0.6858550571269006,0.01858163843279918,25.315160505772603
Noisy,train__13312_6144_y256_x256,13312_6144,test,roi03,0,128,32,32,0.6847787636070279,0.019243039358225668,24.368393493241154
Noisy,train__13312_6144_y256_x256,13312_6144,test,roi04,96,64,32,32,0.686998740893614,0.019691260085830643,23.968363016495186
Noisy,train__13312_6144_y256_x256,13312_6144,test,roi05,64,128,32,32,0.6670776918472257,0.018583896871689556,23.94506652897529
Noisy,train__13312_7680_y0_x0,13312_7680,test,roi01,0,128,32,32,0.6497605994809419,0.014090456616035262,29.962750544036478
Noisy,train__13312_7680_y0_x0,13312_7680,test,roi02,32,224,32,32,0.746528456278611,0.019317858751415097,28.849198205929607
Noisy,train__13312_7680_y0_x0,13312_7680,test,roi03,0,160,32,32,0.7271348313370254,0.020121841210254725,26.276177086322967
Noisy,train__13312_7680_y0_x0,13312_7680,test,roi04,192,224,32,32,0.4152752889567637,0.007809857883568361,22.08152416972391
Noisy,train__13312_7680_y0_x0,13312_7680,test,roi05,224,192,32,32,0.3970041585780564,0.007370423576456578,21.384429306306515
Noisy,train__13312_7680_y0_x256,13312_7680,test,roi01,96,160,32,32,0.3984448145274655,0.00693809636677061,22.882107977655785
Noisy,train__13312_7680_y0_x256,13312_7680,test,roi02,192,64,32,32,0.3997297435926157,0.007239622485428196,22.070745848174937
Noisy,train__13312_7680_y0_x256,13312_7680,test,roi03,0,0,32,32,0.40828159631200833,0.007628806325756771,21.85058248553005
Noisy,train__13312_7680_y0_x256,13312_7680,test,roi04,224,160,32,32,0.39613131489022635,0.007336544197593685,21.388819369223988
Noisy,train__13312_7680_y0_x256,13312_7680,test,roi05,0,160,32,32,0.3903507326176623,0.007162816917744503,21.27287297790191
Noisy,train__13312_7680_y256_x0,13312_7680,test,roi01,32,224,32,32,0.7483421251527034,0.01674437802316907,33.44501273819633
Noisy,train__13312_7680_y256_x0,13312_7680,test,roi02,32,192,32,32,0.7196943768067285,0.017484213273553886,29.624438223404464
Noisy,train__13312_7680_y256_x0,13312_7680,test,roi03,160,96,32,32,0.3724479574666475,0.006909274532041966,20.076996561328
Noisy,train__13312_7680_y256_x0,13312_7680,test,roi04,160,32,32,32,0.38368784600606887,0.007487415468674593,19.66183976148939
Noisy,train__13312_7680_y256_x0,13312_7680,test,roi05,160,0,32,32,0.38726434794807574,0.00834213251446686,17.977858171344693
Noisy,train__13312_7680_y256_x256,13312_7680,test,roi01,0,224,32,32,0.7696757410594728,0.012573461532942604,47.11516751559245
Noisy,train__13312_7680_y256_x256,13312_7680,test,roi02,224,128,32,32,0.7782525321817957,0.014139701328262214,42.835204916016096
Noisy,train__13312_7680_y256_x256,13312_7680,test,roi03,32,192,32,32,0.7696781448903494,0.014028343798363492,42.2291080997714
Noisy,train__13312_7680_y256_x256,13312_7680,test,roi04,160,128,32,32,0.786775955115445,0.015073139655574488,41.06751597162375
Noisy,train__13312_7680_y256_x256,13312_7680,test,roi05,192,128,32,32,0.7609379431523848,0.015205466030946392,38.0801582898241
Noisy,train__13824_1024_y0_x0,13824_1024,test,roi01,64,160,32,32,0.633051094453549,0.013278018265649725,30.18173948634995
Noisy,train__13824_1024_y0_x0,13824_1024,test,roi02,32,32,32,32,0.714134170091711,0.017554088770986666,29.052354670524537
Noisy,train__13824_1024_y0_x0,13824_1024,test,roi03,128,0,32,32,0.669263060510275,0.01610810478991003,27.8066879999532
Noisy,train__13824_1024_y0_x0,13824_1024,test,roi04,32,0,32,32,0.6371724876808003,0.0151647956388269,26.771793615066848
Noisy,train__13824_1024_y0_x0,13824_1024,test,roi05,0,32,32,32,0.7058134380640695,0.019541881432640337,25.492561249488304
Noisy,train__13824_1024_y0_x256,13824_1024,test,roi01,96,160,32,32,0.6449129930115305,0.018930276912842846,21.970770447257596
Noisy,train__13824_1024_y0_x256,13824_1024,test,roi02,192,0,32,32,0.6046394168079132,0.016726595714516904,21.856738250720152
Noisy,train__13824_1024_y0_x256,13824_1024,test,roi03,96,64,32,32,0.685996832762612,0.02224688722089836,21.153146050844768
Noisy,train__13824_1024_y0_x256,13824_1024,test,roi04,128,192,32,32,0.6102588413195917,0.021860257823296793,17.036205904755693
Noisy,train__13824_1024_y0_x256,13824_1024,test,roi05,64,160,32,32,0.6517975342285354,0.026032720301245878,16.319463379555714
Noisy,train__13824_1024_y256_x0,13824_1024,test,roi01,32,128,32,32,0.637082248023944,0.02041333450018808,19.88277763946417
Noisy,train__13824_1024_y256_x0,13824_1024,test,roi02,64,0,32,32,0.6330692557967268,0.024626257948678357,16.274363870883207
Noisy,train__13824_1024_y256_x0,13824_1024,test,roi03,0,64,32,32,0.6450375742570031,0.02664365948959803,15.616228407580362
Noisy,train__13824_1024_y256_x0,13824_1024,test,roi04,0,128,32,32,0.6077368782862322,0.024844019238506043,14.866520174668187
Noisy,train__13824_1024_y256_x0,13824_1024,test,roi05,64,96,32,32,0.6152529677056009,0.025589101222069126,14.792868689896912
Noisy,train__13824_1024_y256_x256,13824_1024,test,roi01,160,32,32,32,0.3689732470083982,0.008759501428723726,15.542123957134443
Noisy,train__13824_1024_y256_x256,13824_1024,test,roi02,160,160,32,32,0.3585788564523682,0.008742604833099863,14.707149499412743
Noisy,train__13824_1024_y256_x256,13824_1024,test,roi03,192,0,32,32,0.3602368035208201,0.008852930244867333,14.658486062977293
Noisy,train__13824_1024_y256_x256,13824_1024,test,roi04,192,64,32,32,0.34867702364135766,0.008940589764852236,13.598170815681666
Noisy,train__13824_1024_y256_x256,13824_1024,test,roi05,128,96,32,32,0.3485898787257611,0.008952965075470585,13.572587687510191
Noisy,train__13824_13312_y0_x0,13824_13312,test,roi01,96,224,32,32,0.7411025289620738,0.013785098452960328,39.842512573135416
Noisy,train__13824_13312_y0_x0,13824_13312,test,roi02,0,0,32,32,0.7108122576319147,0.014241457310421844,35.47769407208323
Noisy,train__13824_13312_y0_x0,13824_13312,test,roi03,224,96,32,32,0.7117000356665812,0.014520837438093964,34.88207501304412
Noisy,train__13824_13312_y0_x0,13824_13312,test,roi04,224,192,32,32,0.6835630431596655,0.013478276801600499,34.667520251418004
Noisy,train__13824_13312_y0_x0,13824_13312,test,roi05,64,32,32,32,0.6695719152630772,0.01332550928830836,33.644233778173245
Noisy,train__13824_13312_y0_x256,13824_13312,test,roi01,224,192,32,32,0.7230461400758941,0.01386110383635212,37.71674513450839
Noisy,train__13824_13312_y0_x256,13824_13312,test,roi02,32,96,32,32,0.7080028236960061,0.01371985587758266,36.53595218741013
Noisy,train__13824_13312_y0_x256,13824_13312,test,roi03,224,32,32,32,0.6973206160764676,0.013321179001885078,36.502477861490654
Noisy,train__13824_13312_y0_x256,13824_13312,test,roi04,224,128,32,32,0.7159643702179892,0.014256444817221232,35.9560175060219
Noisy,train__13824_13312_y0_x256,13824_13312,test,roi05,224,96,32,32,0.6996711262036115,0.013663917696094763,35.82718336944782
Noisy,train__13824_13312_y256_x0,13824_13312,test,roi01,192,160,32,32,0.7370931426412426,0.014013156803890555,38.771156887212015
Noisy,train__13824_13312_y256_x0,13824_13312,test,roi02,160,160,32,32,0.7164250882633496,0.01375729292564552,37.308568616457286
Noisy,train__13824_13312_y256_x0,13824_13312,test,roi03,192,128,32,32,0.7342911812593229,0.014616721923821612,36.88813002568497
Noisy,train__13824_13312_y256_x0,13824_13312,test,roi04,160,192,32,32,0.7117325286089908,0.014105397197195488,35.91272086835425
Noisy,train__13824_13312_y256_x0,13824_13312,test,roi05,160,0,32,32,0.7299517653882504,0.014902890394645532,35.75343880841155
Noisy,train__13824_13312_y256_x256,13824_13312,test,roi01,64,96,32,32,0.7246347412583418,0.013115480478877742,40.03631503124887
Noisy,train__13824_13312_y256_x256,13824_13312,test,roi02,0,32,32,32,0.7180829956487287,0.012885539020118165,40.0171997333429
Noisy,train__13824_13312_y256_x256,13824_13312,test,roi03,0,64,32,32,0.7131420467921998,0.014127545836002984,35.998579286638154
Noisy,train__13824_13312_y256_x256,13824_13312,test,roi04,64,0,32,32,0.7154912338010035,0.014290616446035033,35.822646810181375
Noisy,train__13824_13312_y256_x256,13824_13312,test,roi05,32,224,32,32,0.7166579341574106,0.014620492018236283,35.12868061828227
Noisy,train__13824_14336_y0_x0,13824_14336,test,roi01,0,64,32,32,0.6799473114951979,0.020080241959155927,23.024042606157007
Noisy,train__13824_14336_y0_x0,13824_14336,test,roi02,32,128,32,32,0.6804317515343428,0.020696732859052592,22.370070273849354
Noisy,train__13824_14336_y0_x0,13824_14336,test,roi03,96,64,32,32,0.6603700485720765,0.019594062389078314,22.256160687441795
Noisy,train__13824_14336_y0_x0,13824_14336,test,roi04,64,96,32,32,0.6616723288898356,0.019692654030102077,22.2321618076093
Noisy,train__13824_14336_y0_x0,13824_14336,test,roi05,160,128,32,32,0.6790370711678406,0.021031585516324752,21.923755755946175
Noisy,train__13824_14336_y0_x256,13824_14336,test,roi01,96,224,32,32,0.7107810862216866,0.019656057118022353,25.702497174128638
Noisy,train__13824_14336_y0_x256,13824_14336,test,roi02,64,64,32,32,0.6790336554695386,0.018983450152144227,24.288878026118095
Noisy,train__13824_14336_y0_x256,13824_14336,test,roi03,96,96,32,32,0.6856301510706544,0.021049159811392916,22.3328963373983
Noisy,train__13824_14336_y0_x256,13824_14336,test,roi04,0,96,32,32,0.6678196431748802,0.020833730587918063,21.40677944970929
Noisy,train__13824_14336_y0_x256,13824_14336,test,roi05,96,64,32,32,0.6650087828020332,0.020866531529752645,21.193588430030957
Noisy,train__13824_14336_y256_x0,13824_14336,test,roi01,160,32,32,32,0.6619314714625943,0.02069823933798058,21.16862529986493
Noisy,train__13824_14336_y256_x0,13824_14336,test,roi02,192,128,32,32,0.667003968192148,0.02105224128347796,21.13287072826921
Noisy,train__13824_14336_y256_x0,13824_14336,test,roi03,224,32,32,32,0.7067351928708376,0.023883149141571705,20.913265243266434
Noisy,train__13824_14336_y256_x0,13824_14336,test,roi04,224,224,32,32,0.690111964213429,0.022988144186257414,20.717397598159653
Noisy,train__13824_14336_y256_x0,13824_14336,test,roi05,128,224,32,32,0.6541100798494881,0.020707714115750845,20.661865146924253
Noisy,train__13824_14336_y256_x256,13824_14336,test,roi01,0,64,32,32,0.6876919254864333,0.02403719266649605,19.674518191070298
Noisy,train__13824_14336_y256_x256,13824_14336,test,roi02,128,64,32,32,0.6901432851445861,0.024326717013087973,19.579203958097157
Noisy,train__13824_14336_y256_x256,13824_14336,test,roi03,32,128,32,32,0.6596288806176744,0.02226644399300976,19.541075363516644
Noisy,train__13824_14336_y256_x256,13824_14336,test,roi04,32,160,32,32,0.673650626806193,0.02344823620290951,19.35348838477103
Noisy,train__13824_14336_y256_x256,13824_14336,test,roi05,64,96,32,32,0.6511420949536841,0.022216674315483718,19.08413571716174
Noisy,train__13824_1536_y0_x0,13824_1536,test,roi01,192,192,32,32,0.5096713869425002,0.015489617633784477,16.770260493797945
Noisy,train__13824_1536_y0_x0,13824_1536,test,roi02,0,224,32,32,0.5001534749026177,0.015119293225020463,16.54531694928649
Noisy,train__13824_1536_y0_x0,13824_1536,test,roi03,192,128,32,32,0.4875402454053983,0.014793938710904977,16.06708636116931
Noisy,train__13824_1536_y0_x0,13824_1536,test,roi04,192,224,32,32,0.5050097044586437,0.016049337142526373,15.89067506854435
Noisy,train__13824_1536_y0_x0,13824_1536,test,roi05,128,96,32,32,0.482547910491121,0.01472211115694927,15.816514590669538
Noisy,train__13824_1536_y0_x256,13824_1536,test,roi01,32,128,32,32,0.512387741022394,0.014522386586770804,18.07837820466743
Noisy,train__13824_1536_y0_x256,13824_1536,test,roi02,192,96,32,32,0.5101602091890527,0.014823005576999601,17.55807468922907
Noisy,train__13824_1536_y0_x256,13824_1536,test,roi03,32,96,32,32,0.49925010110018775,0.01423709997370259,17.507123213922757
Noisy,train__13824_1536_y0_x256,13824_1536,test,roi04,96,96,32,32,0.4904141851293389,0.01396849782753425,17.217747816948197
Noisy,train__13824_1536_y0_x256,13824_1536,test,roi05,224,0,32,32,0.5011107090540463,0.014865254949527134,16.892541943025133
Noisy,train__13824_1536_y256_x0,13824_1536,test,roi01,0,32,32,32,0.49670129593869206,0.013165507076183258,18.739284097418842
Noisy,train__13824_1536_y256_x0,13824_1536,test,roi02,96,224,32,32,0.4945342188584618,0.014128909713208676,17.30948095685782
Noisy,train__13824_1536_y256_x0,13824_1536,test,roi03,32,64,32,32,0.5062594303453807,0.015017661195783807,17.066479758218605
Noisy,train__13824_1536_y256_x0,13824_1536,test,roi04,128,0,32,32,0.5187440356676234,0.015868758368697736,16.957556999011494
Noisy,train__13824_1536_y256_x0,13824_1536,test,roi05,160,64,32,32,0.5095342247805092,0.01544530720685832,16.809320963676967
Noisy,train__13824_1536_y256_x256,13824_1536,test,roi01,160,64,32,32,0.4924736528628273,0.0154422888234101,15.705592709572107
Noisy,train__13824_1536_y256_x256,13824_1536,test,roi02,64,160,32,32,0.4753962189279264,0.01448094812857495,15.606820973621526
Noisy,train__13824_1536_y256_x256,13824_1536,test,roi03,128,192,32,32,0.48143061622977257,0.014854615046033349,15.602924581022373
Noisy,train__13824_1536_y256_x256,13824_1536,test,roi04,0,32,32,32,0.4967632340558339,0.015873570206568852,15.54620085451794
Noisy,train__13824_1536_y256_x256,13824_1536,test,roi05,0,192,32,32,0.4836419170751469,0.015089915798420426,15.501047658371185
Noisy,train__13824_17920_y0_x0,13824_17920,test,roi01,224,224,32,32,0.6868971460789908,0.01538546135748374,30.66711347345835
Noisy,train__13824_17920_y0_x0,13824_17920,test,roi02,224,192,32,32,0.7237321204156615,0.017251868038287366,30.361244414743812
Noisy,train__13824_17920_y0_x0,13824_17920,test,roi03,32,224,32,32,0.6896864060254302,0.016037999495622537,29.658770022165463
Noisy,train__13824_17920_y0_x0,13824_17920,test,roi04,160,192,32,32,0.6828585454204585,0.01663879380588373,28.02461515502735
Noisy,train__13824_17920_y0_x0,13824_17920,test,roi05,32,96,32,32,0.685085465433076,0.017132530399421243,27.394791312526102
Noisy,train__13824_17920_y0_x256,13824_17920,test,roi01,0,192,32,32,0.6779098622209858,0.01592041253750514,28.866198046931583
Noisy,train__13824_17920_y0_x256,13824_17920,test,roi02,0,224,32,32,0.6866709903697483,0.016788633399842382,28.08549318968379
Noisy,train__13824_17920_y0_x256,13824_17920,test,roi03,192,32,32,32,0.6937589512526756,0.018466598075553765,26.063353979657098
Noisy,train__13824_17920_y0_x256,13824_17920,test,roi04,0,160,32,32,0.6596691544909845,0.018999220445339637,22.90427623800705
Noisy,train__13824_17920_y0_x256,13824_17920,test,roi05,64,192,32,32,0.6561025109476759,0.019315888176473024,22.285825064785953
Noisy,train__13824_17920_y256_x0,13824_17920,test,roi01,64,32,32,32,0.6982339369278634,0.017132469242592527,28.45653033281087
Noisy,train__13824_17920_y256_x0,13824_17920,test,roi02,224,0,32,32,0.7087748634512536,0.018268088941858635,27.499417627054306
Noisy,train__13824_17920_y256_x0,13824_17920,test,roi03,96,32,32,32,0.6649469913390931,0.016439263778857224,26.896247133620015
Noisy,train__13824_17920_y256_x0,13824_17920,test,roi04,0,160,32,32,0.6698074802698102,0.017428512148091675,25.741845133608606
Noisy,train__13824_17920_y256_x0,13824_17920,test,roi05,96,160,32,32,0.6821249649801757,0.01970920976181942,23.607971779293358
Noisy,train__13824_22016_y0_x0,13824_22016,test,roi01,64,0,32,32,0.7078514581953641,0.016093982356990427,31.132983481348884
Noisy,train__13824_22016_y0_x0,13824_22016,test,roi02,96,32,32,32,0.694359601548058,0.01815385826331852,26.558280298804295
Noisy,train__13824_22016_y0_x0,13824_22016,test,roi03,64,32,32,32,0.6812199353153119,0.01825205328056803,25.42511755458537
Noisy,train__13824_22016_y0_x0,13824_22016,test,roi04,64,64,32,32,0.6612984534003772,0.017884550786064386,24.452145860464466
Noisy,train__13824_22016_y0_x0,13824_22016,test,roi05,96,96,32,32,0.6749975765487761,0.018839878137031484,24.183899971792023
Noisy,train__13824_22016_y0_x256,13824_22016,test,roi01,224,128,32,32,0.6829381365969311,0.01788055585952463,26.08445185276742
Noisy,train__13824_22016_y0_x256,13824_22016,test,roi02,64,64,32,32,0.6710751822465681,0.01888995710820779,23.840281777643035
Noisy,train__13824_22016_y0_x256,13824_22016,test,roi03,224,96,32,32,0.6886415131011745,0.02022830546904368,23.443739975748684
Noisy,train__13824_22016_y0_x256,13824_22016,test,roi04,32,224,32,32,0.7043804021595861,0.021259333525018218,23.338067035950274
Noisy,train__13824_22016_y0_x256,13824_22016,test,roi05,0,160,32,32,0.6568369623710169,0.018497102245885296,23.324453171185656
Noisy,train__13824_22016_y256_x0,13824_22016,test,roi01,0,0,32,32,0.6955102986976271,0.015308138062134794,31.599830993881394
Noisy,train__13824_22016_y256_x0,13824_22016,test,roi02,192,192,32,32,0.6891940886707744,0.01628027032606055,29.175712831893467
Noisy,train__13824_22016_y256_x0,13824_22016,test,roi03,128,224,32,32,0.7030792327932431,0.017989420419470655,27.47839541568071
Noisy,train__13824_22016_y256_x0,13824_22016,test,roi04,128,192,32,32,0.6996838177001337,0.019405087452357923,25.228303966852128
Noisy,train__13824_22016_y256_x0,13824_22016,test,roi05,224,160,32,32,0.6627103340288159,0.017640670327445505,24.89616203219313
Noisy,train__13824_22016_y256_x256,13824_22016,test,roi01,160,192,32,32,0.7016406380134868,0.017639509569107113,27.908915663628182
Noisy,train__13824_22016_y256_x256,13824_22016,test,roi02,64,96,32,32,0.7237798853893764,0.019657532322518906,26.649190442594275
Noisy,train__13824_22016_y256_x256,13824_22016,test,roi03,160,96,32,32,0.6863379269489087,0.01796034934332447,26.227760995284303
Noisy,train__13824_22016_y256_x256,13824_22016,test,roi04,128,64,32,32,0.6665037724669673,0.017012186802838065,26.112297252613672
Noisy,train__13824_22016_y256_x256,13824_22016,test,roi05,160,0,32,32,0.6684488429746125,0.01780787724019247,25.091359831794797
Noisy,train__13824_23552_y0_x256,13824_23552,test,roi01,128,64,32,32,0.7273147598607466,0.012835830288292984,41.2117290451995
Noisy,train__13824_23552_y0_x256,13824_23552,test,roi02,224,96,32,32,0.7060148596065119,0.012447913307256014,40.043416890977795
Noisy,train__13824_23552_y0_x256,13824_23552,test,roi03,96,160,32,32,0.7070855012279935,0.012657536861906815,39.499778788044864
Noisy,train__13824_23552_y0_x256,13824_23552,test,roi04,224,64,32,32,0.7144756531051826,0.013958893505331905,36.569908545049785
Noisy,train__13824_23552_y0_x256,13824_23552,test,roi05,0,224,32,32,0.7213862108183093,0.014324104003387154,36.33023503848772
Noisy,train__13824_23552_y256_x0,13824_23552,test,roi01,160,160,32,32,0.724373239412671,0.013118370792371329,39.9986094525048
Noisy,train__13824_23552_y256_x0,13824_23552,test,roi02,192,0,32,32,0.7087118259514682,0.013169390012529477,38.13938624079002
Noisy,train__13824_23552_y256_x0,13824_23552,test,roi03,224,96,32,32,0.7663620574749075,0.015424869125673231,38.07557771492857
Noisy,train__13824_23552_y256_x0,13824_23552,test,roi04,32,192,32,32,0.7261657096678391,0.01417365114461916,37.20400851671767
Noisy,train__13824_23552_y256_x0,13824_23552,test,roi05,160,224,32,32,0.7220154472743161,0.014066903067089805,37.05906720309689
Noisy,train__13824_23552_y256_x256,13824_23552,test,roi01,0,64,32,32,0.7419818257039879,0.013882128499709266,39.657969574806415
Noisy,train__13824_23552_y256_x256,13824_23552,test,roi02,32,64,32,32,0.7063200465636328,0.012837470846260959,38.86186104352155
Noisy,train__13824_23552_y256_x256,13824_23552,test,roi03,160,0,32,32,0.7254677737073507,0.014210235638206168,37.03692916061579
Noisy,train__13824_23552_y256_x256,13824_23552,test,roi04,128,0,32,32,0.6825759593048133,0.012585289166496063,37.02020144767183
Noisy,train__13824_23552_y256_x256,13824_23552,test,roi05,64,64,32,32,0.7065010842052288,0.01367354854772264,36.50433391457094
Noisy,train__13824_4096_y0_x0,13824_4096,test,roi01,160,64,32,32,0.7399875881965272,0.01790760614422216,30.578159150634928
Noisy,train__13824_4096_y0_x0,13824_4096,test,roi02,0,224,32,32,0.7418740605789935,0.02126326615102394,25.88394077611922
Noisy,train__13824_4096_y0_x0,13824_4096,test,roi03,32,0,32,32,0.7037751779716928,0.02326114253594188,21.292999703852782
Noisy,train__13824_4096_y0_x0,13824_4096,test,roi04,64,96,32,32,0.603165391497896,0.017414122081756862,20.891577984395674
Noisy,train__13824_4096_y0_x0,13824_4096,test,roi05,0,32,32,32,0.6675392055913107,0.022087438545568012,20.174751820232796
Noisy,train__13824_4096_y0_x256,13824_4096,test,roi01,128,224,32,32,0.6857266525621526,0.0177148395156052,26.54390640230594
Noisy,train__13824_4096_y0_x256,13824_4096,test,roi02,160,160,32,32,0.7183983141148929,0.02016767947502148,25.59025882786004
Noisy,train__13824_4096_y0_x256,13824_4096,test,roi03,160,224,32,32,0.697877934697317,0.019373594167032653,25.139042737158196
Noisy,train__13824_4096_y0_x256,13824_4096,test,roi04,96,224,32,32,0.6874837244977243,0.020143138304824115,23.46376539231084
Noisy,train__13824_4096_y0_x256,13824_4096,test,roi05,32,192,32,32,0.6965119382221019,0.02088531734711433,23.228226414904732
Noisy,train__13824_4096_y256_x0,13824_4096,test,roi01,32,64,32,32,0.7309004876005929,0.017899570862732764,29.845158125384504
Noisy,train__13824_4096_y256_x0,13824_4096,test,roi02,0,0,32,32,0.7247757760051172,0.019086031712732415,27.522741939771006
Noisy,train__13824_4096_y256_x0,13824_4096,test,roi03,0,64,32,32,0.6836675477970857,0.01856357833359437,25.17840620550122
Noisy,train__13824_4096_y256_x0,13824_4096,test,roi04,0,32,32,32,0.6917551276856102,0.019039393925978962,25.133423812739892
Noisy,train__13824_4096_y256_x0,13824_4096,test,roi05,224,160,32,32,0.6494691157131456,0.02129319455282066,19.809621859174676
Noisy,train__13824_4096_y256_x256,13824_4096,test,roi01,32,96,32,32,0.6831631953973556,0.018133465856653822,25.737603348136123
Noisy,train__13824_4096_y256_x256,13824_4096,test,roi02,64,128,32,32,0.6865547810884891,0.019377099291697966,24.32549167136767
Noisy,train__13824_4096_y256_x256,13824_4096,test,roi03,128,0,32,32,0.6765552157885395,0.019115409810252833,23.945443208084853
Noisy,train__13824_4096_y256_x256,13824_4096,test,roi04,128,192,32,32,0.662510364985792,0.018962784008184436,23.14638945020769
Noisy,train__13824_4096_y256_x256,13824_4096,test,roi05,160,224,32,32,0.6501108001975808,0.018786018496282572,22.497798169270023
Noisy,train__14336_15360_y0_x0,14336_15360,test,roi01,128,96,32,32,0.6849143339204602,0.010713722319452652,43.78568258745702
Noisy,train__14336_15360_y0_x0,14336_15360,test,roi02,64,128,32,32,0.6944298376329243,0.011446977586901878,42.12752193615553
Noisy,train__14336_15360_y0_x0,14336_15360,test,roi03,64,192,32,32,0.7029961627267767,0.012434830478451498,39.743493541386464
Noisy,train__14336_15360_y0_x0,14336_15360,test,roi04,96,160,32,32,0.7122488327877363,0.013236847923416568,38.32471316000085
Noisy,train__14336_15360_y0_x0,14336_15360,test,roi05,64,160,32,32,0.718036534730345,0.014011187142795038,36.79748617680026
Noisy,train__14336_15360_y0_x256,14336_15360,test,roi01,224,0,32,32,0.709304327639984,0.012380701988050418,40.63684189268129
Noisy,train__14336_15360_y0_x256,14336_15360,test,roi02,224,96,32,32,0.6799815522972494,0.012047932560833932,38.37794651737097
Noisy,train__14336_15360_y0_x256,14336_15360,test,roi03,96,192,32,32,0.6882255887903739,0.012569425947251052,37.683062301619714
Noisy,train__14336_15360_y0_x256,14336_15360,test,roi04,96,160,32,32,0.7051906827255152,0.015478224783567437,32.12861332333368
Noisy,train__14336_15360_y0_x256,14336_15360,test,roi05,32,128,32,32,0.7051505451381672,0.015918875027184427,31.23570544146679
Noisy,train__14336_15360_y256_x0,14336_15360,test,roi01,224,192,32,32,0.7175334378844127,0.011562334178667788,44.52857239086873
Noisy,train__14336_15360_y256_x0,14336_15360,test,roi02,0,224,32,32,0.7389460347476415,0.013018847243850523,41.942364945343854
Noisy,train__14336_15360_y256_x0,14336_15360,test,roi03,160,160,32,32,0.7459899663517717,0.013460350736600726,41.34372430462062
Noisy,train__14336_15360_y256_x0,14336_15360,test,roi04,160,0,32,32,0.6882746751070954,0.011898365704626416,39.81404170570933
Noisy,train__14336_15360_y256_x0,14336_15360,test,roi05,160,192,32,32,0.718900441803271,0.012983772712389879,39.80490545184607
Noisy,train__14336_15360_y256_x256,14336_15360,test,roi01,192,192,32,32,0.7259422225761227,0.013222517405606815,39.8556564043771
Noisy,train__14336_15360_y256_x256,14336_15360,test,roi02,128,32,32,32,0.6912594496970996,0.012806224755286049,37.313075158883045
Noisy,train__14336_15360_y256_x256,14336_15360,test,roi03,96,160,32,32,0.6998458029120229,0.013172976206933057,37.180978706679525
Noisy,train__14336_15360_y256_x256,14336_15360,test,roi04,224,192,32,32,0.7099285652511753,0.013628935049463806,36.98004032820017
Noisy,train__14336_15360_y256_x256,14336_15360,test,roi05,96,128,32,32,0.6861177355749533,0.012953613917289736,36.34179234276556
Noisy,train__14336_17408_y0_x0,14336_17408,test,roi01,96,192,32,32,0.733881182371988,0.012694201191432122,42.42737149961193
Noisy,train__14336_17408_y0_x0,14336_17408,test,roi02,64,128,32,32,0.7227366457518656,0.01274539126493009,40.983305122216095
Noisy,train__14336_17408_y0_x0,14336_17408,test,roi03,96,96,32,32,0.6919886443938594,0.012656874570416508,37.83305912577227
Noisy,train__14336_17408_y0_x0,14336_17408,test,roi04,32,192,32,32,0.7266400870576035,0.014831473128334332,35.60036225331987
Noisy,train__14336_17408_y0_x0,14336_17408,test,roi05,0,192,32,32,0.7367801937507465,0.015260415229251423,35.57210244599721
Noisy,train__14336_17408_y0_x256,14336_17408,test,roi01,128,0,32,32,0.6972867971926462,0.01252034030050148,38.83351936685813
Noisy,train__14336_17408_y0_x256,14336_17408,test,roi02,0,32,32,32,0.7097437157935929,0.013491420438653501,37.337517157590796
Noisy,train__14336_17408_y0_x256,14336_17408,test,roi03,96,96,32,32,0.6948559632000979,0.013857380763340962,34.8424293046797
Noisy,train__14336_17408_y0_x256,14336_17408,test,roi04,32,0,32,32,0.6798583090276225,0.014411517965427424,32.07207744962831
Noisy,train__14336_17408_y0_x256,14336_17408,test,roi05,160,0,32,32,0.7060327921208227,0.015608990409608305,31.935589071992634
Noisy,train__14336_17408_y256_x256,14336_17408,test,roi01,224,64,32,32,0.7506645545945503,0.013763841914036373,40.940405814308264
Noisy,train__14336_17408_y256_x256,14336_17408,test,roi02,192,224,32,32,0.7228396068094298,0.012815651854438434,40.770231831122594
Noisy,train__14336_17408_y256_x256,14336_17408,test,roi03,224,128,32,32,0.7224751831963658,0.013661619728707587,38.20706480636331
Noisy,train__14336_17408_y256_x256,14336_17408,test,roi04,192,96,32,32,0.7336037456116173,0.014854139354027901,36.230605001659775
Noisy,train__14336_17408_y256_x256,14336_17408,test,roi05,160,224,32,32,0.7277129711583257,0.014911244826506225,35.5145512365756
Noisy,train__14336_21504_y0_x0,14336_21504,test,roi01,128,64,32,32,0.7025293340411736,0.019789783450705756,24.93950812638799
Noisy,train__14336_21504_y0_x0,14336_21504,test,roi02,128,0,32,32,0.7300913232757011,0.023784841508458256,22.410632424559545
Noisy,train__14336_21504_y0_x0,14336_21504,test,roi03,0,32,32,32,0.6677361055481015,0.020310746744477026,21.952492060578145
Noisy,train__14336_21504_y0_x0,14336_21504,test,roi04,0,0,32,32,0.663623878834187,0.020848157147652265,21.124008680475885
Noisy,train__14336_21504_y0_x0,14336_21504,test,roi05,224,96,32,32,0.6756647870934103,0.02176053279245219,20.979399211968374
Noisy,train__14336_21504_y0_x256,14336_21504,test,roi01,32,32,32,32,0.6517790474608773,0.01807224180157825,23.506542872390593
Noisy,train__14336_21504_y0_x256,14336_21504,test,roi02,64,160,32,32,0.7146654703319655,0.023371490623702678,21.853408612577972
Noisy,train__14336_21504_y0_x256,14336_21504,test,roi03,0,0,32,32,0.6634145361749688,0.020709385875064483,21.252143808773308
Noisy,train__14336_21504_y0_x256,14336_21504,test,roi04,96,64,32,32,0.7117683518663398,0.023850464950271204,21.2412708840196
Noisy,train__14336_21504_y0_x256,14336_21504,test,roi05,0,128,32,32,0.6349143003317295,0.019018335915262745,21.196185121655024
Noisy,train__14336_21504_y256_x0,14336_21504,test,roi01,128,64,32,32,0.6843927804729901,0.017456610745170815,26.83186815591489
Noisy,train__14336_21504_y256_x0,14336_21504,test,roi02,192,64,32,32,0.6955179044016404,0.019109413822831968,25.31449472119703
Noisy,train__14336_21504_y256_x0,14336_21504,test,roi03,128,32,32,32,0.6641330817656126,0.019175010911837057,23.002477147129458
Noisy,train__14336_21504_y256_x0,14336_21504,test,roi04,224,128,32,32,0.6587755697546527,0.019447057735974528,22.316242240735008
Noisy,train__14336_21504_y256_x0,14336_21504,test,roi05,128,96,32,32,0.6342280641838443,0.018202479101336343,22.098376554040676
Noisy,train__14336_21504_y256_x256,14336_21504,test,roi01,160,128,32,32,0.6766321015602443,0.017392993805555375,26.32272545946634
Noisy,train__14336_21504_y256_x256,14336_21504,test,roi02,128,160,32,32,0.6860698210584815,0.01819041388397847,25.875815820869636
Noisy,train__14336_21504_y256_x256,14336_21504,test,roi03,32,96,32,32,0.6902688185364241,0.019144670987982296,24.88792009759616
Noisy,train__14336_21504_y256_x256,14336_21504,test,roi04,192,192,32,32,0.6453006271767663,0.017057926039234356,24.411695681934063
Noisy,train__14336_21504_y256_x256,14336_21504,test,roi05,160,160,32,32,0.6352469015400857,0.01654031869071724,24.3972702982291
Noisy,train__14848_1024_y0_x256,14848_1024,test,roi01,0,0,32,32,0.691084384554415,0.029538800143103762,16.168484307459465
Noisy,train__14848_1024_y0_x256,14848_1024,test,roi02,128,64,32,32,0.6571419445535867,0.026713151847759922,16.165652699940814
Noisy,train__14848_1024_y0_x256,14848_1024,test,roi03,224,64,32,32,0.6482815361669054,0.026050168030719557,16.133061009023905
Noisy,train__14848_1024_y0_x256,14848_1024,test,roi04,96,0,32,32,0.6778835019358667,0.028499807068736116,16.12382992939372
Noisy,train__14848_1024_y0_x256,14848_1024,test,roi05,32,224,32,32,0.6693549341434846,0.028060735446322236,15.966653073626057
Noisy,train__14848_1024_y256_x0,14848_1024,test,roi01,128,192,32,32,0.6712253462610533,0.026274452743585128,17.147587044349404
Noisy,train__14848_1024_y256_x0,14848_1024,test,roi02,224,128,32,32,0.6662752994743641,0.02605920545925061,17.035161543348895
Noisy,train__14848_1024_y256_x0,14848_1024,test,roi03,160,192,32,32,0.6760120760154678,0.026977031895510695,16.940052140976693
Noisy,train__14848_1024_y256_x0,14848_1024,test,roi04,96,192,32,32,0.663835974279209,0.027215436073777015,16.192215313126468
Noisy,train__14848_1024_y256_x0,14848_1024,test,roi05,64,192,32,32,0.6585099438088946,0.026821393345169406,16.167517493019886
Noisy,train__14848_1024_y256_x256,14848_1024,test,roi01,192,32,32,32,0.673218278636341,0.025277757539879347,17.92970954702184
Noisy,train__14848_1024_y256_x256,14848_1024,test,roi02,96,128,32,32,0.6445379818760557,0.026037145045621247,15.955251981465718
Noisy,train__14848_1024_y256_x256,14848_1024,test,roi03,64,224,32,32,0.6603737726254622,0.027337980229727492,15.9519289979358
Noisy,train__14848_1024_y256_x256,14848_1024,test,roi04,192,0,32,32,0.648311463140999,0.027633960397212033,15.209826865150582
Noisy,train__14848_1024_y256_x256,14848_1024,test,roi05,192,64,32,32,0.6635536431422224,0.029077580795757008,15.142368287789774
Noisy,train__14848_11264_y0_x0,14848_11264,test,roi01,224,0,32,32,0.7185049169347622,0.01731359766867094,29.817564525805384
Noisy,train__14848_11264_y0_x0,14848_11264,test,roi02,192,192,32,32,0.7148684432322625,0.01919157434964995,26.62819015359413
Noisy,train__14848_11264_y0_x0,14848_11264,test,roi03,0,96,32,32,0.6714493376930477,0.017353259127421684,25.980376929657364
Noisy,train__14848_11264_y0_x0,14848_11264,test,roi04,64,0,32,32,0.7003363929397892,0.01903114980015838,25.7720142201725
Noisy,train__14848_11264_y0_x0,14848_11264,test,roi05,128,64,32,32,0.6950834003509954,0.019936526039200916,24.23395793698003
Noisy,train__14848_11264_y256_x256,14848_11264,test,roi01,96,32,32,32,0.6954753903410165,0.019147299524993534,25.261317813439938
Noisy,train__14848_11264_y256_x256,14848_11264,test,roi02,96,64,32,32,0.6965724836918525,0.020164293395407578,24.062991721155157
Noisy,train__14848_11264_y256_x256,14848_11264,test,roi03,160,64,32,32,0.6876938057539519,0.020896617573550387,22.63154641213082
Noisy,train__14848_11264_y256_x256,14848_11264,test,roi04,64,160,32,32,0.6429287587816361,0.018623749727306238,22.19517524241794
Noisy,train__14848_11264_y256_x256,14848_11264,test,roi05,96,0,32,32,0.6586347340635257,0.019839270425602157,21.865708950421983
Noisy,train__14848_11776_y0_x0,14848_11776,test,roi01,128,128,32,32,0.7238320025644498,0.011683046515878807,44.84556037882479
Noisy,train__14848_11776_y0_x0,14848_11776,test,roi02,0,64,32,32,0.7320522879599594,0.012571421450899636,42.62847716946608
Noisy,train__14848_11776_y0_x0,14848_11776,test,roi03,160,128,32,32,0.7018103969749063,0.011644158607178205,42.29913469217465
Noisy,train__14848_11776_y0_x0,14848_11776,test,roi04,96,128,32,32,0.728789604123449,0.012581253424955783,42.216325284798096
Noisy,train__14848_11776_y0_x0,14848_11776,test,roi05,160,96,32,32,0.718954175215913,0.013068135018813092,39.55385411279141
Noisy,train__14848_11776_y0_x256,14848_11776,test,roi01,128,64,32,32,0.7456571242073551,0.014262004362259106,38.98502151300083
Noisy,train__14848_11776_y0_x256,14848_11776,test,roi02,0,192,32,32,0.7324180380092002,0.013764880797107035,38.971364177304686
Noisy,train__14848_11776_y0_x256,14848_11776,test,roi03,160,0,32,32,0.7542041570995934,0.014982391139914045,37.96616342974287
Noisy,train__14848_11776_y0_x256,14848_11776,test,roi04,224,96,32,32,0.731292666925583,0.014630848221029339,36.55215040304117
Noisy,train__14848_11776_y0_x256,14848_11776,test,roi05,32,192,32,32,0.7163056931458414,0.014060340752551565,36.49227675652397
Noisy,train__14848_11776_y256_x0,14848_11776,test,roi01,0,0,32,32,0.7466630723210983,0.014087783513777898,39.57370178372909
Noisy,train__14848_11776_y256_x0,14848_11776,test,roi02,32,224,32,32,0.6980998663930222,0.014035260441054201,34.722791607944735
Noisy,train__14848_11776_y256_x0,14848_11776,test,roi03,96,0,32,32,0.6940378448634874,0.014089278769033937,34.18830289322057
Noisy,train__14848_11776_y256_x0,14848_11776,test,roi04,224,64,32,32,0.6980813277186826,0.014698782041404328,33.15359998786132
Noisy,train__14848_11776_y256_x0,14848_11776,test,roi05,64,224,32,32,0.704128248617053,0.015089217380471576,32.85767432459267
Noisy,train__14848_11776_y256_x256,14848_11776,test,roi01,0,224,32,32,0.7518911113147624,0.014640233122215757,38.6155219356634
Noisy,train__14848_11776_y256_x256,14848_11776,test,roi02,96,96,32,32,0.6959367500676308,0.012644704503122904,38.30282945521423
Noisy,train__14848_11776_y256_x256,14848_11776,test,roi03,64,32,32,32,0.7043179847678402,0.012995237090707185,38.17274130551753
Noisy,train__14848_11776_y256_x256,14848_11776,test,roi04,64,96,32,32,0.6989647153823171,0.01415973219819874,34.50288935631369
Noisy,train__14848_11776_y256_x256,14848_11776,test,roi05,128,0,32,32,0.6915904653142206,0.014062470458673218,34.01232899433711
Noisy,train__14848_13824_y0_x0,14848_13824,test,roi01,96,160,32,32,0.6928432868880918,0.014948421739713386,32.11254194886654
Noisy,train__14848_13824_y0_x0,14848_13824,test,roi02,96,128,32,32,0.6939420750713907,0.016407921966291664,29.348969634527307
Noisy,train__14848_13824_y0_x0,14848_13824,test,roi03,0,192,32,32,0.6996720042952802,0.01678293804582369,29.16896387616668
Noisy,train__14848_13824_y0_x0,14848_13824,test,roi04,32,128,32,32,0.6853023814037442,0.016426781344488627,28.58985848224079
Noisy,train__14848_13824_y0_x0,14848_13824,test,roi05,96,192,32,32,0.6882499748026021,0.01712396212349432,27.66229126177964
Noisy,train__14848_13824_y0_x256,14848_13824,test,roi01,64,96,32,32,0.6956073298642877,0.016672331336135104,29.022309334280074
Noisy,train__14848_13824_y0_x256,14848_13824,test,roi02,96,224,32,32,0.6739073134376667,0.01605783296825264,28.282213920312863
Noisy,train__14848_13824_y0_x256,14848_13824,test,roi03,96,192,32,32,0.6844409846671624,0.016606293402671682,28.20975458718484
Noisy,train__14848_13824_y0_x256,14848_13824,test,roi04,224,96,32,32,0.7007299321994651,0.01765349914438577,27.8144538861251
Noisy,train__14848_13824_y0_x256,14848_13824,test,roi05,64,224,32,32,0.6768862815370085,0.017125089301947796,26.754607234712978
Noisy,train__14848_13824_y256_x0,14848_13824,test,roi01,160,0,32,32,0.6724655868456466,0.017242696978386315,26.22617366984435
Noisy,train__14848_13824_y256_x0,14848_13824,test,roi02,0,0,32,32,0.6960805608250666,0.018502782180782315,26.18677247694071
Noisy,train__14848_13824_y256_x0,14848_13824,test,roi03,192,224,32,32,0.6758228794351453,0.018170556374981287,25.13608031270211
Noisy,train__14848_13824_y256_x0,14848_13824,test,roi04,32,0,32,32,0.6646330425865017,0.01797973041335056,24.5686153875692
Noisy,train__14848_13824_y256_x0,14848_13824,test,roi05,224,224,32,32,0.6318622465623775,0.01626555284128174,24.545731862095966
Noisy,train__14848_13824_y256_x256,14848_13824,test,roi01,192,0,32,32,0.6776723750808742,0.014756210667108133,31.12180073244733
Noisy,train__14848_13824_y256_x256,14848_13824,test,roi02,224,0,32,32,0.6927315849025035,0.015531930625018193,30.89616225484347
Noisy,train__14848_13824_y256_x256,14848_13824,test,roi03,96,160,32,32,0.6808445208298508,0.01526410979158957,30.368574903689563
Noisy,train__14848_13824_y256_x256,14848_13824,test,roi04,96,128,32,32,0.7192200314020738,0.017622759475109693,29.352806766760924
Noisy,train__14848_13824_y256_x256,14848_13824,test,roi05,32,160,32,32,0.6245673653902486,0.013349071875281103,29.221836360986853
Noisy,train__14848_14848_y0_x0,14848_14848,test,roi01,96,192,32,32,0.7040155491704354,0.015589656253240812,31.79274035440746
Noisy,train__14848_14848_y0_x0,14848_14848,test,roi02,192,128,32,32,0.6483384891762398,0.013303587132151101,31.59619975964803
Noisy,train__14848_14848_y0_x0,14848_14848,test,roi03,0,192,32,32,0.6908817907096818,0.01589904962384029,30.02177237175792
Noisy,train__14848_14848_y0_x0,14848_14848,test,roi04,32,0,32,32,0.6722292814811226,0.015314010627378107,29.508416696064046
Noisy,train__14848_14848_y0_x0,14848_14848,test,roi05,128,192,32,32,0.6709598421148257,0.015294042158740912,29.4354563076354
Noisy,train__14848_14848_y0_x256,14848_14848,test,roi01,32,192,32,32,0.7035276525275549,0.015054227447581215,32.877884939253825
Noisy,train__14848_14848_y0_x256,14848_14848,test,roi02,160,128,32,32,0.6798828807368409,0.014181430325957738,32.59478916403364
Noisy,train__14848_14848_y0_x256,14848_14848,test,roi03,96,0,32,32,0.6711032225866802,0.014972968010314704,30.079509624008146
Noisy,train__14848_14848_y0_x256,14848_14848,test,roi04,224,224,32,32,0.6825914617948001,0.016385518519702217,28.435542223147763
Noisy,train__14848_14848_y0_x256,14848_14848,test,roi05,224,0,32,32,0.6922066749393707,0.016937827638332542,28.28875644868647
Noisy,train__14848_14848_y256_x0,14848_14848,test,roi01,0,0,32,32,0.684230018654489,0.012660592640331975,36.97857847005544
Noisy,train__14848_14848_y256_x0,14848_14848,test,roi02,128,192,32,32,0.7213479994097725,0.015263591978279882,34.09046422316123
Noisy,train__14848_14848_y256_x0,14848_14848,test,roi03,96,128,32,32,0.6791323456272949,0.014183920754430255,32.51715452042216
Noisy,train__14848_14848_y256_x0,14848_14848,test,roi04,96,32,32,32,0.7082017996290233,0.01674760740988291,29.947548728770553
Noisy,train__14848_14848_y256_x0,14848_14848,test,roi05,32,0,32,32,0.7264057520369533,0.018174649481173373,29.033039516881242
Noisy,train__14848_14848_y256_x256,14848_14848,test,roi01,192,160,32,32,0.677527928717609,0.014138452074189095,32.46777594772176
Noisy,train__14848_14848_y256_x256,14848_14848,test,roi02,64,192,32,32,0.6608003230649047,0.013538251985746938,32.253578041123376
Noisy,train__14848_14848_y256_x256,14848_14848,test,roi03,224,32,32,32,0.6732101508241612,0.014064484268416139,32.22385538803181
Noisy,train__14848_14848_y256_x256,14848_14848,test,roi04,64,160,32,32,0.6640303185558878,0.013948893595692149,31.61084145753385
Noisy,train__14848_14848_y256_x256,14848_14848,test,roi05,32,128,32,32,0.7045884415856563,0.015735849513722575,31.548654019802044
Noisy,train__14848_16384_y0_x0,14848_16384,test,roi01,64,32,32,32,0.7059038665902335,0.014836677576211418,33.58570450206443
Noisy,train__14848_16384_y0_x0,14848_16384,test,roi02,96,64,32,32,0.6975171959202271,0.016237729846503332,29.96294698850326
Noisy,train__14848_16384_y0_x0,14848_16384,test,roi03,0,0,32,32,0.6754318503808463,0.01530356491545576,29.81058250343675
Noisy,train__14848_16384_y0_x0,14848_16384,test,roi04,96,160,32,32,0.6959955392958364,0.016628978765897178,29.130459394964948
Noisy,train__14848_16384_y0_x0,14848_16384,test,roi05,128,64,32,32,0.6930622906656936,0.01649861451862364,29.113677284875994
Noisy,train__14848_16384_y0_x256,14848_16384,test,roi01,96,96,32,32,0.7193085815524682,0.017602136715041832,29.394433407216845
Noisy,train__14848_16384_y0_x256,14848_16384,test,roi02,224,224,32,32,0.6762506594968727,0.01609393694913487,28.415356411256365
Noisy,train__14848_16384_y0_x256,14848_16384,test,roi03,160,96,32,32,0.688055474718567,0.016683419628096142,28.376696555238404
Noisy,train__14848_16384_y0_x256,14848_16384,test,roi04,192,0,32,32,0.6844054672619677,0.016511534474177685,28.368704577434517
Noisy,train__14848_16384_y0_x256,14848_16384,test,roi05,224,160,32,32,0.6908817754301708,0.01755698061771792,27.186771917937417
Noisy,train__14848_16384_y256_x256,14848_16384,test,roi01,224,96,32,32,0.677493563547614,0.014597967049944456,31.44256505567269
Noisy,train__14848_16384_y256_x256,14848_16384,test,roi02,0,192,32,32,0.7020800936152227,0.0164635242527435,29.93991142380221
Noisy,train__14848_16384_y256_x256,14848_16384,test,roi03,192,64,32,32,0.6851931780402083,0.015948958721104134,29.43701212365657
Noisy,train__14848_16384_y256_x256,14848_16384,test,roi04,32,192,32,32,0.6912834655158804,0.016522823734513137,28.921983153367243
Noisy,train__14848_16384_y256_x256,14848_16384,test,roi05,32,32,32,32,0.6825054291402921,0.01613548807126489,28.86889189522101
Noisy,train__14848_21504_y0_x256,14848_21504,test,roi01,0,192,32,32,0.7299972021719441,0.014401058138174303,37.00394165941644
Noisy,train__14848_21504_y0_x256,14848_21504,test,roi02,32,224,32,32,0.7107424141577212,0.01407506483788554,35.89004989327166
Noisy,train__14848_21504_y0_x256,14848_21504,test,roi03,224,0,32,32,0.7153233350545634,0.014830418588610936,34.50256448368457
Noisy,train__14848_21504_y0_x256,14848_21504,test,roi04,96,64,32,32,0.7008274248510133,0.014567675792982137,33.715678904655114
Noisy,train__14848_21504_y0_x256,14848_21504,test,roi05,96,0,32,32,0.6739986158790998,0.013559585362345337,33.502066771779866
Noisy,train__14848_21504_y256_x0,14848_21504,test,roi01,64,32,32,32,0.6869636579649523,0.010991089176997254,42.936515186524524
Noisy,train__14848_21504_y256_x0,14848_21504,test,roi02,224,64,32,32,0.7277417671284638,0.012462473631056896,42.49622469037435
Noisy,train__14848_21504_y256_x0,14848_21504,test,roi03,192,0,32,32,0.7298504036152735,0.01264415175244131,42.12869491656714
Noisy,train__14848_21504_y256_x0,14848_21504,test,roi04,32,224,32,32,0.715672300721053,0.012383954729635448,41.35890781267761
Noisy,train__14848_21504_y256_x0,14848_21504,test,roi05,224,32,32,32,0.7238400951609947,0.012718809530269323,41.194459443373965
Noisy,train__14848_24576_y0_x0,14848_24576,test,roi01,0,0,32,32,0.6982582976052072,0.011609995278929343,41.99524965004849
Noisy,train__14848_24576_y0_x0,14848_24576,test,roi02,192,0,32,32,0.668791835574666,0.01066858356557571,41.92520183978091
Noisy,train__14848_24576_y0_x0,14848_24576,test,roi03,96,32,32,32,0.6865401550603565,0.011342802626894988,41.553873413322684
Noisy,train__14848_24576_y0_x0,14848_24576,test,roi04,192,32,32,32,0.7239968783978838,0.012673275929055454,41.360377763742655
Noisy,train__14848_24576_y0_x0,14848_24576,test,roi05,32,32,32,32,0.7147221886261832,0.012445879760677738,41.043929134567215
Noisy,train__14848_24576_y0_x256,14848_24576,test,roi01,64,192,32,32,0.7256002739595715,0.012894360831062844,40.83147388755118
Noisy,train__14848_24576_y0_x256,14848_24576,test,roi02,32,192,32,32,0.7295413641259074,0.01323940562708925,40.200490638468594
Noisy,train__14848_24576_y0_x256,14848_24576,test,roi03,192,64,32,32,0.7018741421343293,0.012507515641938137,39.38650372300988
Noisy,train__14848_24576_y0_x256,14848_24576,test,roi04,64,224,32,32,0.7555849204363767,0.014802112328918298,38.56939869828473
Noisy,train__14848_24576_y0_x256,14848_24576,test,roi05,128,128,32,32,0.701391820301069,0.012856719406043115,38.26407577612784
Noisy,train__14848_24576_y256_x256,14848_24576,test,roi01,96,64,32,32,0.7365606819512323,0.012991214402818441,41.76065619229287
Noisy,train__14848_24576_y256_x256,14848_24576,test,roi02,0,224,32,32,0.7259231284842826,0.012639943412677204,41.690407248175696
Noisy,train__14848_24576_y256_x256,14848_24576,test,roi03,64,224,32,32,0.7487972626404371,0.013527708986647758,41.44806345932163
Noisy,train__14848_24576_y256_x256,14848_24576,test,roi04,32,96,32,32,0.7167888773838058,0.012650193744925008,40.61489532105047
Noisy,train__14848_24576_y256_x256,14848_24576,test,roi05,192,128,32,32,0.6862081588187721,0.011641041416442816,40.450129879645914
Noisy,train__15360_12288_y0_x0,15360_12288,test,roi01,192,0,32,32,0.714471699175192,0.012787053330260175,39.92083208992918
Noisy,train__15360_12288_y0_x0,15360_12288,test,roi02,128,32,32,32,0.7175204292871058,0.014653231501148214,35.13460948214805
Noisy,train__15360_12288_y0_x0,15360_12288,test,roi03,224,224,32,32,0.7343267297255807,0.016117845183948792,33.45582116190521
Noisy,train__15360_12288_y0_x0,15360_12288,test,roi04,160,0,32,32,0.6978842833195813,0.015079995021628679,32.29725687614211
Noisy,train__15360_12288_y0_x0,15360_12288,test,roi05,64,96,32,32,0.6833525186375482,0.015101225817945124,30.922699280039172
Noisy,train__15360_12288_y0_x256,15360_12288,test,roi01,128,224,32,32,0.7191861352475826,0.013321338361318352,38.827082017092934
Noisy,train__15360_12288_y0_x256,15360_12288,test,roi02,128,32,32,32,0.7191029692767188,0.013802222810636262,37.4656377829301
Noisy,train__15360_12288_y0_x256,15360_12288,test,roi03,160,192,32,32,0.7075881768250838,0.013600490436904093,36.813453919579175
Noisy,train__15360_12288_y0_x256,15360_12288,test,roi04,192,192,32,32,0.6613110770704225,0.011954145044789566,36.58415880160845
Noisy,train__15360_12288_y0_x256,15360_12288,test,roi05,128,160,32,32,0.7140821673383471,0.014455558589139942,35.27455120922928
Noisy,train__15360_12288_y256_x0,15360_12288,test,roi01,160,128,32,32,0.6898642089799978,0.012859725859759679,37.00799161829814
Noisy,train__15360_12288_y256_x0,15360_12288,test,roi02,192,224,32,32,0.6979581781197339,0.013582569876607532,35.865496944227075
Noisy,train__15360_12288_y256_x0,15360_12288,test,roi03,0,224,32,32,0.7198217758559622,0.014546051560686356,35.62089594105512
Noisy,train__15360_12288_y256_x0,15360_12288,test,roi04,192,64,32,32,0.678611515002558,0.013243406527411596,34.77304629597244
Noisy,train__15360_12288_y256_x0,15360_12288,test,roi05,0,96,32,32,0.6970269116864074,0.01406880934076259,34.53359156751184
Noisy,train__15360_12288_y256_x256,15360_12288,test,roi01,32,224,32,32,0.7148626863199752,0.011691939188449959,43.70777610590361
Noisy,train__15360_12288_y256_x256,15360_12288,test,roi02,32,0,32,32,0.7017222768627107,0.012400916857800221,39.707882851876114
Noisy,train__15360_12288_y256_x256,15360_12288,test,roi03,96,128,32,32,0.6872025521588512,0.012082491758413836,39.085261313319876
Noisy,train__15360_12288_y256_x256,15360_12288,test,roi04,64,96,32,32,0.7033967756724451,0.012926932126070522,38.27412561628335
Noisy,train__15360_12288_y256_x256,15360_12288,test,roi05,32,128,32,32,0.7125279105966911,0.01387302051716138,36.59592536111726
Noisy,train__15360_15872_y0_x256,15360_15872,test,roi01,224,128,32,32,0.7162968377524521,0.011243303406506398,45.63437819148839
Noisy,train__15360_15872_y0_x256,15360_15872,test,roi02,160,160,32,32,0.6833010742266197,0.011255785986825239,41.48091999845712
Noisy,train__15360_15872_y0_x256,15360_15872,test,roi03,0,0,32,32,0.6816846142173745,0.011706746688611012,39.694539022764644
Noisy,train__15360_15872_y0_x256,15360_15872,test,roi04,0,32,32,32,0.6892401740478817,0.012092467920261338,39.2849516454444
Noisy,train__15360_15872_y0_x256,15360_15872,test,roi05,0,64,32,32,0.6744619598321151,0.012180549149395533,37.346340438448316
Noisy,train__15360_15872_y256_x0,15360_15872,test,roi01,192,192,32,32,0.7281124457949772,0.012726824233124039,41.65593269856992
Noisy,train__15360_15872_y256_x0,15360_15872,test,roi02,192,160,32,32,0.7130869927059393,0.012221234507734439,41.60733998227356
Noisy,train__15360_15872_y256_x0,15360_15872,test,roi03,160,160,32,32,0.7057042139640544,0.012734833331061202,39.10678880986373
Noisy,train__15360_15872_y256_x0,15360_15872,test,roi04,224,0,32,32,0.7125366077380022,0.013237862007010779,38.35275039865932
Noisy,train__15360_15872_y256_x0,15360_15872,test,roi05,64,224,32,32,0.6708237101847772,0.012112485887826003,37.15211347311947
Noisy,train__15360_15872_y256_x256,15360_15872,test,roi01,96,192,32,32,0.6682496324938256,0.010932000849215775,40.84865867533916
Noisy,train__15360_15872_y256_x256,15360_15872,test,roi02,192,128,32,32,0.7061724392988253,0.012747182210942343,39.120764555885955
Noisy,train__15360_15872_y256_x256,15360_15872,test,roi03,64,128,32,32,0.695725878525991,0.012382711911810167,39.08953882623305
Noisy,train__15360_15872_y256_x256,15360_15872,test,roi04,128,64,32,32,0.6745269931852818,0.011860013592586678,38.36308120422181
Noisy,train__15360_15872_y256_x256,15360_15872,test,roi05,128,96,32,32,0.6887892682862002,0.012437273874645704,38.145871907942855
Noisy,train__1536_13824_y0_x256,1536_13824,test,roi01,224,128,32,32,0.6637233939545695,0.025688299828300704,17.14900350070049
Noisy,train__1536_13824_y0_x256,1536_13824,test,roi02,160,160,32,32,0.646064092303277,0.025258662834041413,16.524976563728607
Noisy,train__1536_13824_y0_x256,1536_13824,test,roi03,32,160,32,32,0.646455274822074,0.025821164522916416,16.1845691341454
Noisy,train__1536_13824_y0_x256,1536_13824,test,roi04,224,160,32,32,0.6445397134084487,0.027287066832406517,15.224481426023877
Noisy,train__1536_13824_y0_x256,1536_13824,test,roi05,0,224,32,32,0.6329542084276909,0.027225417737375645,14.715330865844889
Noisy,train__1536_13824_y256_x256,1536_13824,test,roi01,64,160,32,32,0.6844101073802449,0.023709272580799086,19.75670883566395
Noisy,train__1536_13824_y256_x256,1536_13824,test,roi02,32,64,32,32,0.6623349422734464,0.02298234872400992,19.08802189995784
Noisy,train__1536_13824_y256_x256,1536_13824,test,roi03,64,128,32,32,0.6764174893323798,0.024087800760100087,18.99470293828597
Noisy,train__1536_13824_y256_x256,1536_13824,test,roi04,64,192,32,32,0.6790327988419449,0.026432772091372066,17.443707391311726
Noisy,train__1536_13824_y256_x256,1536_13824,test,roi05,160,32,32,32,0.6687925056321546,0.025800083026227903,17.33651070560646
Noisy,train__1536_14848_y0_x0,1536_14848,test,roi01,64,64,32,32,0.6556375296204351,0.026288576365118096,16.351610839496132
Noisy,train__1536_14848_y0_x0,1536_14848,test,roi02,32,128,32,32,0.6588531241577584,0.026566495158471294,16.33965777657429
Noisy,train__1536_14848_y0_x0,1536_14848,test,roi03,192,128,32,32,0.6592041999683715,0.026828302497982952,16.19745331590069
Noisy,train__1536_14848_y0_x0,1536_14848,test,roi04,160,160,32,32,0.6558871780289337,0.026559690879404105,16.197025494613356
Noisy,train__1536_14848_y0_x0,1536_14848,test,roi05,192,160,32,32,0.6623117468261626,0.02804546909014947,15.640916847348942
Noisy,train__1536_14848_y0_x256,1536_14848,test,roi01,192,96,32,32,0.6617953021486755,0.02548458755828388,17.18579988569176
Noisy,train__1536_14848_y0_x256,1536_14848,test,roi02,192,0,32,32,0.6448962709691841,0.026838086472503922,15.496305995438497
Noisy,train__1536_14848_y0_x256,1536_14848,test,roi03,32,128,32,32,0.6569148546259385,0.028675780029267444,15.048836536888514
Noisy,train__1536_14848_y0_x256,1536_14848,test,roi04,160,96,32,32,0.6595332176366355,0.0293556036614105,14.817752350906117
Noisy,train__1536_14848_y0_x256,1536_14848,test,roi05,96,32,32,32,0.6359052547486499,0.027296588404122305,14.81414039843444
Noisy,train__1536_14848_y256_x0,1536_14848,test,roi01,64,128,32,32,0.6871524658927228,0.027884438114598037,16.933405989459587
Noisy,train__1536_14848_y256_x0,1536_14848,test,roi02,32,0,32,32,0.6587276735226624,0.02616475031579784,16.58422658834181
Noisy,train__1536_14848_y256_x0,1536_14848,test,roi03,160,160,32,32,0.6569276594964322,0.02632780472393441,16.391566039653046
Noisy,train__1536_14848_y256_x0,1536_14848,test,roi04,128,192,32,32,0.6633785655722022,0.026914716646648996,16.350576044998913
Noisy,train__1536_14848_y256_x0,1536_14848,test,roi05,192,192,32,32,0.6699646216293331,0.027520845734439303,16.309549443578543
Noisy,train__1536_14848_y256_x256,1536_14848,test,roi01,64,96,32,32,0.6864192908979021,0.02567830038349436,18.349012040518108
Noisy,train__1536_14848_y256_x256,1536_14848,test,roi02,224,224,32,32,0.6917620142630767,0.027954675547190097,17.1182342492045
Noisy,train__1536_14848_y256_x256,1536_14848,test,roi03,0,0,32,32,0.6765994537854567,0.026871644808317097,17.036055073230497
Noisy,train__1536_14848_y256_x256,1536_14848,test,roi04,32,192,32,32,0.6613199225976132,0.025861554721037603,16.910972474085124
Noisy,train__1536_14848_y256_x256,1536_14848,test,roi05,160,128,32,32,0.675418936443748,0.02742815899096811,16.632204146731972
Noisy,train__1536_23040_y0_x0,1536_23040,test,roi01,160,128,32,32,0.6637632433266845,0.02709414383823481,16.26113915324454
Noisy,train__1536_23040_y0_x0,1536_23040,test,roi02,224,128,32,32,0.6880845459527336,0.029339141214842754,16.137498330709647
Noisy,train__1536_23040_y0_x0,1536_23040,test,roi03,192,32,32,32,0.6726401971536689,0.02864241058814567,15.796325293031773
Noisy,train__1536_23040_y0_x0,1536_23040,test,roi04,160,32,32,32,0.6756881759501994,0.02948064961744378,15.486582454708293
Noisy,train__1536_23040_y0_x0,1536_23040,test,roi05,224,192,32,32,0.6645981553301681,0.031063203606603484,14.219097091916387
Noisy,train__15872_11776_y0_x256,15872_11776,test,roi01,32,64,32,32,0.7293891721783439,0.014749054053372833,36.07069053824163
Noisy,train__15872_11776_y0_x256,15872_11776,test,roi02,64,64,32,32,0.7102697431691922,0.015604464088350471,32.3294094052389
Noisy,train__15872_11776_y0_x256,15872_11776,test,roi03,192,96,32,32,0.7138681730430108,0.015887983044916704,32.07504483376277
Noisy,train__15872_11776_y0_x256,15872_11776,test,roi04,64,192,32,32,0.6942568571394077,0.01586273667087046,30.385209922206876
Noisy,train__15872_11776_y0_x256,15872_11776,test,roi05,32,96,32,32,0.6935801384825027,0.017209843528957824,27.952224416681766
Noisy,train__15872_11776_y256_x0,15872_11776,test,roi01,160,224,32,32,0.7343312145676464,0.016143649454043126,33.402752842440044
Noisy,train__15872_11776_y256_x0,15872_11776,test,roi02,96,0,32,32,0.6834835548652336,0.014171976288955593,32.962923465746464
Noisy,train__15872_11776_y256_x0,15872_11776,test,roi03,128,192,32,32,0.7031087304785615,0.016491604867849993,29.976578437124793
Noisy,train__15872_11776_y256_x0,15872_11776,test,roi04,64,160,32,32,0.7245194539718796,0.01752117801386206,29.95965446891801
Noisy,train__15872_11776_y256_x0,15872_11776,test,roi05,160,64,32,32,0.6797198571875924,0.015754896226123596,29.32542859209922
Noisy,train__15872_11776_y256_x256,15872_11776,test,roi01,64,160,32,32,0.7226113181532128,0.014435488810386808,36.17245830618547
Noisy,train__15872_11776_y256_x256,15872_11776,test,roi02,160,192,32,32,0.7097878106287681,0.014119383519800934,35.681355025922755
Noisy,train__15872_11776_y256_x256,15872_11776,test,roi03,96,224,32,32,0.7168096999230329,0.014590748480403216,35.21520137187295
Noisy,train__15872_11776_y256_x256,15872_11776,test,roi04,64,224,32,32,0.7367573834198993,0.01669711737141644,32.50929067271023
Noisy,train__15872_11776_y256_x256,15872_11776,test,roi05,160,0,32,32,0.6820658526849002,0.014723425191604694,31.596847971492743
Noisy,train__15872_1536_y0_x0,15872_1536,test,roi01,0,64,32,32,0.6505423877752037,0.02516995238423078,16.81391334523961
Noisy,train__15872_1536_y0_x0,15872_1536,test,roi02,192,64,32,32,0.659694356691034,0.026288318264291136,16.554754087907888
Noisy,train__15872_1536_y0_x0,15872_1536,test,roi03,192,96,32,32,0.675482195620134,0.028616671640662898,15.944418775503253
Noisy,train__15872_1536_y0_x0,15872_1536,test,roi04,192,32,32,32,0.6529230743471999,0.027053198008892602,15.758156979255025
Noisy,train__15872_1536_y0_x0,15872_1536,test,roi05,64,96,32,32,0.6426124945501215,0.026265558573755135,15.72214110704485
Noisy,train__15872_1536_y0_x256,15872_1536,test,roi01,96,0,32,32,0.6434945363071165,0.023266810123854426,17.797249216925
Noisy,train__15872_1536_y0_x256,15872_1536,test,roi02,128,192,32,32,0.6600255349912914,0.027878362207758668,15.626230249612785
Noisy,train__15872_1536_y0_x256,15872_1536,test,roi03,32,224,32,32,0.672642501675,0.02976678525265477,15.199758093435717
Noisy,train__15872_1536_y0_x256,15872_1536,test,roi04,160,128,32,32,0.6472365935187554,0.02771416633585018,15.115562305327835
Noisy,train__15872_1536_y0_x256,15872_1536,test,roi05,128,64,32,32,0.6453240852933959,0.027981535967434537,14.882784688604046
Noisy,train__15872_1536_y256_x0,15872_1536,test,roi01,192,192,32,32,0.6706641848795698,0.024641362824475703,18.253472913982307
Noisy,train__15872_1536_y256_x0,15872_1536,test,roi02,32,224,32,32,0.6805105834428105,0.026828990414702693,17.260979523250768
Noisy,train__15872_1536_y256_x0,15872_1536,test,roi03,160,160,32,32,0.6661358794735861,0.02681814727957698,16.5461471031584
Noisy,train__15872_1536_y256_x0,15872_1536,test,roi04,96,0,32,32,0.6803002545348136,0.02803258512807428,16.50965953391988
Noisy,train__15872_1536_y256_x0,15872_1536,test,roi05,224,192,32,32,0.6632835107811843,0.02791719427834278,15.758926605869846
Noisy,train__15872_1536_y256_x256,15872_1536,test,roi01,0,224,32,32,0.675632150589081,0.026534922680935477,17.202944527047464
Noisy,train__15872_1536_y256_x256,15872_1536,test,roi02,64,160,32,32,0.6658430303505156,0.02745975275408467,16.145336232148313
Noisy,train__15872_1536_y256_x256,15872_1536,test,roi03,96,160,32,32,0.6394144359946949,0.02620776643899445,15.60036876511865
Noisy,train__15872_1536_y256_x256,15872_1536,test,roi04,64,224,32,32,0.6679230016525253,0.028769364038305267,15.506812578217811
Noisy,train__15872_1536_y256_x256,15872_1536,test,roi05,64,128,32,32,0.6460136543755652,0.02704667983129769,15.430124667529245
Noisy,train__15872_18944_y0_x0,15872_18944,test,roi01,224,128,32,32,0.7147803705302067,0.011278074454152937,45.30125955208305
Noisy,train__15872_18944_y0_x0,15872_18944,test,roi02,192,160,32,32,0.7405386627942789,0.012304724478029315,44.56804474349094
Noisy,train__15872_18944_y0_x0,15872_18944,test,roi03,224,160,32,32,0.7129761899414007,0.012145021973964892,41.85542426461366
Noisy,train__15872_18944_y0_x0,15872_18944,test,roi04,192,128,32,32,0.7211342822411098,0.012524827623472585,41.52030420353344
Noisy,train__15872_18944_y0_x0,15872_18944,test,roi05,0,160,32,32,0.6793258780380711,0.011222538213095743,41.12114744538667
Noisy,train__15872_18944_y0_x256,15872_18944,test,roi01,192,0,32,32,0.728255599795375,0.011131039967338736,47.646600873729646
Noisy,train__15872_18944_y0_x256,15872_18944,test,roi02,192,192,32,32,0.7153881700360216,0.01152409694091042,44.40957382184747
Noisy,train__15872_18944_y0_x256,15872_18944,test,roi03,160,160,32,32,0.6799197848304175,0.010603927081802987,43.59619886458497
Noisy,train__15872_18944_y0_x256,15872_18944,test,roi04,224,32,32,32,0.7083857762045227,0.012593886938763448,39.84555446375599
Noisy,train__15872_18944_y0_x256,15872_18944,test,roi05,128,224,32,32,0.6822020201943815,0.01201184367984069,38.74505935657229
Noisy,train__15872_18944_y256_x256,15872_18944,test,roi01,192,224,32,32,0.7263919456163421,0.010873471325084053,48.5259254272431
Noisy,train__15872_18944_y256_x256,15872_18944,test,roi02,224,64,32,32,0.7357051987783052,0.011183704815021435,48.39739142456866
Noisy,train__15872_18944_y256_x256,15872_18944,test,roi03,160,32,32,32,0.7255090265534818,0.012482753320784594,42.16724740800186
Noisy,train__15872_18944_y256_x256,15872_18944,test,roi04,224,32,32,32,0.731524183327565,0.013578421338068053,39.410150669930474
Noisy,train__15872_18944_y256_x256,15872_18944,test,roi05,32,224,32,32,0.6755371899344027,0.012516024009352726,36.46129910293051
Noisy,train__15872_6656_y0_x0,15872_6656,test,roi01,192,0,32,32,0.6851359590000357,0.0169355058682919,27.717582572704274
Noisy,train__15872_6656_y0_x0,15872_6656,test,roi02,64,64,32,32,0.7059286115982104,0.018801294369804312,26.50536685779064
Noisy,train__15872_6656_y0_x0,15872_6656,test,roi03,160,224,32,32,0.6946883363416418,0.019292821234833207,25.014065012834827
Noisy,train__15872_6656_y0_x0,15872_6656,test,roi04,192,192,32,32,0.6838053064566338,0.018781970687594178,24.895667494950473
Noisy,train__15872_6656_y0_x0,15872_6656,test,roi05,128,224,32,32,0.6479849787501735,0.01775853419930435,23.644098548533965
Noisy,train__15872_6656_y0_x256,15872_6656,test,roi01,32,32,32,32,0.690501142424182,0.018319140931488998,26.026975253492218
Noisy,train__15872_6656_y0_x256,15872_6656,test,roi02,128,96,32,32,0.6636672550084768,0.01813206439060193,24.291454954173854
Noisy,train__15872_6656_y0_x256,15872_6656,test,roi03,64,32,32,32,0.6619397204340203,0.01840676794676012,23.804515532309555
Noisy,train__15872_6656_y0_x256,15872_6656,test,roi04,32,128,32,32,0.6779798284260323,0.019667598911554722,23.371264068362905
Noisy,train__15872_6656_y0_x256,15872_6656,test,roi05,96,160,32,32,0.6398405224172166,0.018344704019288716,22.316843798443045
Noisy,train__15872_6656_y256_x0,15872_6656,test,roi01,0,64,32,32,0.684397051052656,0.018022105557539428,25.990266342304277
Noisy,train__15872_6656_y256_x0,15872_6656,test,roi02,128,96,32,32,0.6819651990081184,0.01798602114248763,25.857666293939324
Noisy,train__15872_6656_y256_x0,15872_6656,test,roi03,128,128,32,32,0.688377026715898,0.019780082756619796,23.956569683796317
Noisy,train__15872_6656_y256_x0,15872_6656,test,roi04,160,32,32,32,0.690546210447792,0.020135383034038164,23.682393722418936
Noisy,train__15872_6656_y256_x0,15872_6656,test,roi05,192,160,32,32,0.6742900542885764,0.019282964397927718,23.57869194434404
Noisy,train__15872_6656_y256_x256,15872_6656,test,roi01,32,128,32,32,0.6878093574487139,0.020013931977205184,23.637619670778726
Noisy,train__15872_6656_y256_x256,15872_6656,test,roi02,224,96,32,32,0.669344760979584,0.021461571529757313,20.87556395530568
Noisy,train__15872_6656_y256_x256,15872_6656,test,roi03,192,64,32,32,0.6904190135246608,0.023632595142219763,20.170379569731516
Noisy,train__15872_6656_y256_x256,15872_6656,test,roi04,96,128,32,32,0.687946197045676,0.0247147061621532,19.149326191640046
Noisy,train__15872_6656_y256_x256,15872_6656,test,roi05,192,32,32,32,0.6649212751217419,0.023133979988276217,19.111294396103908
Noisy,train__2048_10240_y0_x256,2048_10240,test,roi01,192,32,32,32,0.6368951008771546,0.023225819152819918,17.46484663694075
Noisy,train__2048_10240_y0_x256,2048_10240,test,roi02,64,128,32,32,0.6411951437185053,0.025943117244632406,15.847409871813193
Noisy,train__2048_10240_y0_x256,2048_10240,test,roi03,64,192,32,32,0.6725810197240207,0.02880465604177007,15.704587044435518
Noisy,train__2048_10240_y0_x256,2048_10240,test,roi04,192,0,32,32,0.6483488493977347,0.027810847112671067,15.114830152866704
Noisy,train__2048_10240_y0_x256,2048_10240,test,roi05,224,192,32,32,0.6396845259878319,0.02707675539207427,15.11245667595957
Noisy,train__2048_10240_y256_x256,2048_10240,test,roi01,224,96,32,32,0.7135791580512887,0.024608884020223657,20.69151995623726
Noisy,train__2048_10240_y256_x256,2048_10240,test,roi02,0,224,32,32,0.7116826458805008,0.02453246344408703,20.645794076157003
Noisy,train__2048_10240_y256_x256,2048_10240,test,roi03,224,224,32,32,0.6989973104355158,0.025274967305784983,19.331270900764085
Noisy,train__2048_10240_y256_x256,2048_10240,test,roi04,0,160,32,32,0.7132261474616826,0.02651480406622523,19.18518938146743
Noisy,train__2048_10240_y256_x256,2048_10240,test,roi05,32,128,32,32,0.6648500671290094,0.02487143456680979,17.77242123183834
Noisy,train__2048_12800_y0_x0,2048_12800,test,roi01,96,160,32,32,0.6981898977246601,0.02565340688373867,19.00212067324949
Noisy,train__2048_12800_y0_x0,2048_12800,test,roi02,64,96,32,32,0.6758907460025512,0.0276382319782548,16.52885397630747
Noisy,train__2048_12800_y0_x0,2048_12800,test,roi03,32,64,32,32,0.6770982784510124,0.027957578953476107,16.398489992436268
Noisy,train__2048_12800_y0_x0,2048_12800,test,roi04,32,128,32,32,0.6857214444316924,0.0287179643248058,16.373510811395796
Noisy,train__2048_12800_y0_x0,2048_12800,test,roi05,96,224,32,32,0.6851121899671853,0.028973316137792138,16.200379363181888
Noisy,train__2048_12800_y0_x256,2048_12800,test,roi01,160,128,32,32,0.6411067918525077,0.029167605255704686,14.091589451932348
Noisy,train__2048_12800_y0_x256,2048_12800,test,roi02,32,96,32,32,0.6108986996696331,0.027590108443189622,13.526486205246107
Noisy,train__2048_12800_y0_x256,2048_12800,test,roi03,224,0,32,32,0.6407646869192831,0.030948913817040014,13.266358439264774
Noisy,train__2048_12800_y0_x256,2048_12800,test,roi04,96,128,32,32,0.6129214006941766,0.028563173273325554,13.15234269785223
Noisy,train__2048_12800_y0_x256,2048_12800,test,roi05,32,128,32,32,0.6348295920470264,0.031164949758353884,12.931469938614804
Noisy,train__2048_12800_y256_x0,2048_12800,test,roi01,96,192,32,32,0.698975560022518,0.025562785869737724,19.11242522620268
Noisy,train__2048_12800_y256_x0,2048_12800,test,roi02,64,224,32,32,0.7216776302375365,0.027551741808819374,18.90329132724927
Noisy,train__2048_12800_y256_x0,2048_12800,test,roi03,128,32,32,32,0.6954058965493459,0.025657444344437196,18.84791620177272
Noisy,train__2048_12800_y256_x0,2048_12800,test,roi04,160,224,32,32,0.703266514436109,0.026259696913063686,18.834329732155748
Noisy,train__2048_12800_y256_x0,2048_12800,test,roi05,128,96,32,32,0.7019445621408522,0.02747644936598101,17.93267251368964
Noisy,train__2048_13312_y0_x0,2048_13312,test,roi01,64,224,32,32,0.6270125524606556,0.025739513992032545,15.273976853833414
Noisy,train__2048_13312_y0_x0,2048_13312,test,roi02,96,64,32,32,0.6435158582462464,0.028239612937649917,14.664247018141504
Noisy,train__2048_13312_y0_x0,2048_13312,test,roi03,32,0,32,32,0.6346931471780408,0.02755398990604592,14.619856958950823
Noisy,train__2048_13312_y0_x0,2048_13312,test,roi04,224,192,32,32,0.649077301932266,0.029321190956507585,14.368493575468692
Noisy,train__2048_13312_y0_x0,2048_13312,test,roi05,224,224,32,32,0.6538130936969537,0.02977329027159248,14.357551939680784
Noisy,train__2048_13312_y0_x256,2048_13312,test,roi01,160,224,32,32,0.7041862643964123,0.02704038579696257,18.338432694265613
Noisy,train__2048_13312_y0_x256,2048_13312,test,roi02,224,224,32,32,0.7003579788724892,0.02878579456140739,17.039699825689873
Noisy,train__2048_13312_y0_x256,2048_13312,test,roi03,224,160,32,32,0.6939462386653759,0.028967162420463703,16.624389202085815
Noisy,train__2048_13312_y0_x256,2048_13312,test,roi04,224,32,32,32,0.6862067206238862,0.02936445654155528,16.035701623253956
Noisy,train__2048_13312_y0_x256,2048_13312,test,roi05,64,160,32,32,0.6706964196346235,0.02813259839663104,15.989766781179082
Noisy,train__2048_13312_y256_x0,2048_13312,test,roi01,192,128,32,32,0.6603496421303134,0.02518100469859152,17.317087029733322
Noisy,train__2048_13312_y256_x0,2048_13312,test,roi02,32,128,32,32,0.6577087125042453,0.028051551990551295,15.420920405747951
Noisy,train__2048_13312_y256_x0,2048_13312,test,roi03,64,128,32,32,0.6377777752350084,0.02674168384458433,15.21072842487042
Noisy,train__2048_13312_y256_x0,2048_13312,test,roi04,96,96,32,32,0.6737966385262553,0.03022048138204416,15.022987369057311
Noisy,train__2048_13312_y256_x0,2048_13312,test,roi05,224,96,32,32,0.6668293268303387,0.02991748542667912,14.862925302019963
Noisy,train__2048_15872_y0_x0,2048_15872,test,roi01,160,224,32,32,0.65920045322855,0.02492741482079979,17.43242292313983
Noisy,train__2048_15872_y0_x0,2048_15872,test,roi02,192,128,32,32,0.6518475695047528,0.025491109515638436,16.668762636972712
Noisy,train__2048_15872_y0_x0,2048_15872,test,roi03,224,128,32,32,0.6332164850609843,0.024731958688195728,16.212347837389956
Noisy,train__2048_15872_y0_x0,2048_15872,test,roi04,0,224,32,32,0.6565918683772907,0.02663642422279061,16.185088434291917
Noisy,train__2048_15872_y0_x0,2048_15872,test,roi05,160,192,32,32,0.6447997959330678,0.025869247351688884,16.071854398507746
Noisy,train__2048_15872_y0_x256,2048_15872,test,roi01,128,64,32,32,0.6644927515590098,0.02596431313894496,17.006058065605583
Noisy,train__2048_15872_y0_x256,2048_15872,test,roi02,128,0,32,32,0.6665302556648385,0.02827877379863797,15.710107689960468
Noisy,train__2048_15872_y0_x256,2048_15872,test,roi03,0,224,32,32,0.6776896505616605,0.029822211144544315,15.40004060236839
Noisy,train__2048_15872_y0_x256,2048_15872,test,roi04,192,64,32,32,0.671460700861644,0.029322049182907015,15.376124294356412
Noisy,train__2048_15872_y0_x256,2048_15872,test,roi05,64,96,32,32,0.6512916310748551,0.027622975830886187,15.35608586508099
Noisy,train__2048_15872_y256_x0,2048_15872,test,roi01,192,160,32,32,0.6731391832290683,0.025657761293764667,17.660011518947808
Noisy,train__2048_15872_y256_x0,2048_15872,test,roi02,160,64,32,32,0.6760392524010967,0.026742754645000172,17.08982776284342
Noisy,train__2048_15872_y256_x0,2048_15872,test,roi03,224,128,32,32,0.6659078365191817,0.026379479902226187,16.809779737175013
Noisy,train__2048_15872_y256_x0,2048_15872,test,roi04,160,160,32,32,0.665188783314079,0.027192996511539603,16.271693973082222
Noisy,train__2048_15872_y256_x0,2048_15872,test,roi05,128,192,32,32,0.6567476304189768,0.026575466561928884,16.22991073574722
Noisy,train__2048_20992_y0_x0,2048_20992,test,roi01,96,160,32,32,0.6653147439938039,0.026960761793755488,16.418071268225944
Noisy,train__2048_20992_y0_x0,2048_20992,test,roi02,128,160,32,32,0.6628590060572606,0.027903073758484147,15.746726174840212
Noisy,train__2048_20992_y0_x0,2048_20992,test,roi03,160,160,32,32,0.6806761329935398,0.029660938301802865,15.62054420911146
Noisy,train__2048_20992_y0_x0,2048_20992,test,roi04,64,128,32,32,0.6723807431699242,0.029807191753760665,15.16734174492303
Noisy,train__2048_20992_y0_x0,2048_20992,test,roi05,64,0,32,32,0.6657096935377922,0.029822527537801326,14.860222545136226
Noisy,train__2048_20992_y256_x0,2048_20992,test,roi01,0,0,32,32,0.6830224526638631,0.027956631103878173,16.687263537209354
Noisy,train__2048_20992_y256_x0,2048_20992,test,roi02,64,0,32,32,0.6556264146638568,0.027032646388058183,15.900995760254917
Noisy,train__2048_20992_y256_x0,2048_20992,test,roi03,32,128,32,32,0.6888533462770283,0.030333343765998076,15.64347591672263
Noisy,train__2048_20992_y256_x0,2048_20992,test,roi04,128,128,32,32,0.6658097650506534,0.02932306649755885,15.11788145601045
Noisy,train__2048_20992_y256_x0,2048_20992,test,roi05,64,160,32,32,0.6610353171417955,0.029340880006841017,14.892794299519043
Noisy,train__2048_20992_y256_x256,2048_20992,test,roi01,96,128,32,32,0.6747347175842151,0.027093879906848143,16.803312802696045
Noisy,train__2048_20992_y256_x256,2048_20992,test,roi02,192,128,32,32,0.6437961575284135,0.028183954891435454,14.70600893469
Noisy,train__2048_20992_y256_x256,2048_20992,test,roi03,224,96,32,32,0.6431307636376005,0.028399402250339087,14.564291723152186
Noisy,train__2048_20992_y256_x256,2048_20992,test,roi04,192,64,32,32,0.6313935316575225,0.02919862989878462,13.653304733848245
Noisy,train__2048_20992_y256_x256,2048_20992,test,roi05,128,192,32,32,0.6320332380419131,0.02930593512661557,13.630891226089956
Noisy,train__2048_6144_y0_x0,2048_6144,test,roi01,192,128,32,32,0.6453347206988838,0.01899232112755477,21.927646386270034
Noisy,train__2048_6144_y0_x0,2048_6144,test,roi02,224,128,32,32,0.6309064164815936,0.019059150332872518,20.884609198507466
Noisy,train__2048_6144_y0_x0,2048_6144,test,roi03,160,160,32,32,0.5992927859042538,0.01954689354687275,18.373857839643346
Noisy,train__2048_6144_y0_x0,2048_6144,test,roi04,224,96,32,32,0.601932544625015,0.0199648132224302,18.148068015566547
Noisy,train__2048_6144_y0_x0,2048_6144,test,roi05,192,96,32,32,0.6076483481301693,0.02094903682169689,17.62546498571742
Noisy,train__2048_6144_y256_x0,2048_6144,test,roi01,128,224,32,32,0.5484544908395037,0.018765548191719956,16.029498602910213
Noisy,train__2048_6144_y256_x0,2048_6144,test,roi02,160,160,32,32,0.5751548138505314,0.021247727472272035,15.568867791961866
Noisy,train__2048_6144_y256_x0,2048_6144,test,roi03,128,0,32,32,0.5570222227252088,0.0207076946229588,14.983500687021381
Noisy,train__2048_6144_y256_x0,2048_6144,test,roi04,96,96,32,32,0.5292784860939719,0.018790070330414757,14.908710340933741
Noisy,train__2048_6144_y256_x0,2048_6144,test,roi05,0,96,32,32,0.5293795319448691,0.01917137884863639,14.61776385802848
Noisy,train__2048_6144_y256_x256,2048_6144,test,roi01,224,32,32,32,0.6084305605618283,0.017263430083070477,21.443464319909882
Noisy,train__2048_6144_y256_x256,2048_6144,test,roi02,128,192,32,32,0.5782760089932708,0.01670770330434323,20.01490788325503
Noisy,train__2048_6144_y256_x256,2048_6144,test,roi03,160,64,32,32,0.5735568644740852,0.01679668964940377,19.585256598285806
Noisy,train__2048_6144_y256_x256,2048_6144,test,roi04,192,128,32,32,0.6022201979358215,0.019325469887212746,18.76638285736227
Noisy,train__2048_6144_y256_x256,2048_6144,test,roi05,192,64,32,32,0.6041183428460499,0.019928727888372803,18.313209664325278
Noisy,train__2048_7168_y0_x0,2048_7168,test,roi01,224,64,32,32,0.7194061191985384,0.028056058683713633,18.446823560457315
Noisy,train__2048_7168_y0_x0,2048_7168,test,roi02,96,192,32,32,0.6881325751601253,0.02568806082760309,18.433716899629808
Noisy,train__2048_7168_y0_x0,2048_7168,test,roi03,32,64,32,32,0.6507471490185708,0.023645165053347173,17.909447914632
Noisy,train__2048_7168_y0_x0,2048_7168,test,roi04,160,64,32,32,0.675698465667665,0.025874687562031207,17.645369259476976
Noisy,train__2048_7168_y0_x0,2048_7168,test,roi05,224,96,32,32,0.6584695691417437,0.024595477182699575,17.628532687737188
Noisy,train__2048_7168_y0_x256,2048_7168,test,roi01,0,64,32,32,0.69707196688978,0.02549097772383683,19.06201214750616
Noisy,train__2048_7168_y0_x256,2048_7168,test,roi02,224,64,32,32,0.678095425653737,0.025665534193981054,17.915598515006007
Noisy,train__2048_7168_y0_x256,2048_7168,test,roi03,192,128,32,32,0.6822065172018483,0.02644209312646488,17.600941418925302
Noisy,train__2048_7168_y0_x256,2048_7168,test,roi04,128,224,32,32,0.6986413307022303,0.027780046858931366,17.57015427094061
Noisy,train__2048_7168_y0_x256,2048_7168,test,roi05,96,192,32,32,0.6716897589212749,0.025883648403701994,17.4305849470275
Noisy,train__2048_7168_y256_x0,2048_7168,test,roi01,0,96,32,32,0.6697791086335201,0.025177366192134742,17.817751505002693
Noisy,train__2048_7168_y256_x0,2048_7168,test,roi02,32,32,32,32,0.6867904131649993,0.028552453171403917,16.51980895595172
Noisy,train__2048_7168_y256_x0,2048_7168,test,roi03,224,224,32,32,0.6716785707103554,0.027745657101262807,16.260278165514137
Noisy,train__2048_7168_y256_x0,2048_7168,test,roi04,64,192,32,32,0.6586616357089952,0.026974969723465574,16.08287812006162
Noisy,train__2048_7168_y256_x0,2048_7168,test,roi05,32,128,32,32,0.6673962518689223,0.0279815298380783,15.918277506133528
Noisy,train__2048_7680_y0_x0,2048_7680,test,roi01,32,32,32,32,0.7118064164824318,0.026556941023721126,19.078566845970553
Noisy,train__2048_7680_y0_x0,2048_7680,test,roi02,32,96,32,32,0.6886788645933848,0.02871768711142273,16.515208091009
Noisy,train__2048_7680_y0_x0,2048_7680,test,roi03,0,32,32,32,0.6824599429673981,0.028544406339529156,16.31673709430339
Noisy,train__2048_7680_y0_x0,2048_7680,test,roi04,192,224,32,32,0.6853633392311167,0.029189550038676515,16.092159904473966
Noisy,train__2048_7680_y0_x0,2048_7680,test,roi05,96,32,32,32,0.6782015428761952,0.028878773103316643,15.927177069264996
Noisy,train__2048_7680_y0_x256,2048_7680,test,roi01,160,0,32,32,0.716207330377074,0.024800070738685034,20.68352729678759
Noisy,train__2048_7680_y0_x256,2048_7680,test,roi02,192,32,32,32,0.6851623408147134,0.0272233672680289,17.24428240815074
Noisy,train__2048_7680_y0_x256,2048_7680,test,roi03,192,0,32,32,0.7063007949327584,0.03048044466234748,16.366585804402312
Noisy,train__2048_7680_y0_x256,2048_7680,test,roi04,224,32,32,32,0.6831191824167036,0.029752651966278396,15.684377241886468
Noisy,train__2048_7680_y0_x256,2048_7680,test,roi05,224,0,32,32,0.6812035607581493,0.02970282400445482,15.622699414708354
Noisy,train__2048_7680_y256_x0,2048_7680,test,roi01,224,0,32,32,0.6652240048279054,0.02358585758481948,18.762216934782877
Noisy,train__2048_7680_y256_x0,2048_7680,test,roi02,160,128,32,32,0.6646311688818969,0.02588347715304652,17.066276993519157
Noisy,train__2048_7680_y256_x0,2048_7680,test,roi03,64,0,32,32,0.649869478715118,0.02640012356738649,15.997286462976518
Noisy,train__2048_7680_y256_x0,2048_7680,test,roi04,192,192,32,32,0.6603216161893215,0.02808668436724416,15.524247401568958
Noisy,train__2048_7680_y256_x0,2048_7680,test,roi05,128,64,32,32,0.6508830100938212,0.027878289033011087,15.19636633105944
Noisy,train__2048_9216_y256_x0,2048_9216,test,roi01,32,192,32,32,0.690819381561596,0.027035734563944726,17.651875402623205
Noisy,train__2048_9216_y256_x0,2048_9216,test,roi02,64,192,32,32,0.6747784319741186,0.02605569052696704,17.475105170833924
Noisy,train__2048_9216_y256_x0,2048_9216,test,roi03,32,160,32,32,0.6768872971006203,0.026793015822396824,17.10059128891286
Noisy,train__2048_9216_y256_x0,2048_9216,test,roi04,32,96,32,32,0.6609117167536169,0.026701986142372305,16.358494645799624
Noisy,train__2048_9216_y256_x0,2048_9216,test,roi05,0,96,32,32,0.6934091297152918,0.029565062985546654,16.262986532704932
Noisy,train__2560_12288_y0_x0,2560_12288,test,roi01,192,64,32,32,0.6607720030006021,0.026981199585191927,16.182365745852806
Noisy,train__2560_12288_y0_x0,2560_12288,test,roi02,32,64,32,32,0.6436704213556368,0.026177247229383718,15.827165006986755
Noisy,train__2560_12288_y0_x0,2560_12288,test,roi03,224,224,32,32,0.6572367906337604,0.028503802430175855,15.154476320158118
Noisy,train__2560_12288_y0_x0,2560_12288,test,roi04,0,32,32,32,0.6328806515957695,0.026456621256275632,15.139420687336493
Noisy,train__2560_12288_y0_x0,2560_12288,test,roi05,192,0,32,32,0.6650986232270952,0.029501052046524173,14.994589952960547
Noisy,train__2560_12288_y0_x256,2560_12288,test,roi01,96,160,32,32,0.6541294567869045,0.02334569847491777,18.32823064583155
Noisy,train__2560_12288_y0_x256,2560_12288,test,roi02,224,160,32,32,0.6742642995377537,0.02589557383601558,17.55637270330865
Noisy,train__2560_12288_y0_x256,2560_12288,test,roi03,0,64,32,32,0.6846466629940551,0.026908793980436087,17.419623246203127
Noisy,train__2560_12288_y0_x256,2560_12288,test,roi04,192,192,32,32,0.6887017119152006,0.027406322262315846,17.306592378763355
Noisy,train__2560_12288_y0_x256,2560_12288,test,roi05,32,0,32,32,0.6922827451780904,0.027787676649887766,17.24704822607933
Noisy,train__2560_12288_y256_x256,2560_12288,test,roi01,192,128,32,32,0.7070735021843575,0.026443831860343436,18.90622131208633
Noisy,train__2560_12288_y256_x256,2560_12288,test,roi02,224,224,32,32,0.708502261666581,0.026611180686215916,18.86332894078143
Noisy,train__2560_12288_y256_x256,2560_12288,test,roi03,224,192,32,32,0.7028135762084275,0.026679246237194042,18.514275797427082
Noisy,train__2560_12288_y256_x256,2560_12288,test,roi04,192,160,32,32,0.6767307232657913,0.0262329581046132,17.457599329269147
Noisy,train__2560_12288_y256_x256,2560_12288,test,roi05,160,32,32,32,0.6858165394805837,0.027021903598111637,17.406039663985478
Noisy,train__2560_22528_y0_x0,2560_22528,test,roi01,64,128,32,32,0.6877178690338042,0.026949571991598885,17.549661550685606
Noisy,train__2560_22528_y0_x0,2560_22528,test,roi02,32,160,32,32,0.6763420675415546,0.02706236378929683,16.903127749221294
Noisy,train__2560_22528_y0_x0,2560_22528,test,roi03,128,224,32,32,0.666272441361798,0.026532091007484278,16.731397687162616
Noisy,train__2560_22528_y0_x0,2560_22528,test,roi04,128,160,32,32,0.6740360087715089,0.02724672459842355,16.674464465608175
Noisy,train__2560_22528_y0_x0,2560_22528,test,roi05,160,192,32,32,0.6819088294287212,0.028195860329605027,16.491770288867883
Noisy,train__2560_22528_y0_x256,2560_22528,test,roi01,64,96,32,32,0.6597815057320986,0.027452932819777277,15.856653209471078
Noisy,train__2560_22528_y0_x256,2560_22528,test,roi02,128,96,32,32,0.6342535361181945,0.025740299696178047,15.628316407604395
Noisy,train__2560_22528_y0_x256,2560_22528,test,roi03,64,32,32,32,0.6677043751114979,0.02922121883762691,15.257034110054333
Noisy,train__2560_22528_y0_x256,2560_22528,test,roi04,128,128,32,32,0.6525572632381227,0.02830203558220023,15.045948923640072
Noisy,train__2560_22528_y0_x256,2560_22528,test,roi05,0,32,32,32,0.6606426459911745,0.030474126875828435,14.32194292163311
Noisy,train__2560_22528_y256_x0,2560_22528,test,roi01,192,224,32,32,0.6967251244350336,0.02607228127330657,18.61846663628947
Noisy,train__2560_22528_y256_x0,2560_22528,test,roi02,160,0,32,32,0.696149861527374,0.026684541349217793,18.16125011715024
Noisy,train__2560_22528_y256_x0,2560_22528,test,roi03,192,96,32,32,0.6783836979302578,0.02634414521400161,17.468945675752572
Noisy,train__2560_22528_y256_x0,2560_22528,test,roi04,224,192,32,32,0.6944912986364216,0.028644486006379713,16.838080591646197
Noisy,train__2560_22528_y256_x0,2560_22528,test,roi05,192,192,32,32,0.6938185077742673,0.02907449392293026,16.55692178189408
Noisy,train__2560_22528_y256_x256,2560_22528,test,roi01,32,192,32,32,0.7146703934995458,0.030104286488562525,16.966147712514147
Noisy,train__2560_22528_y256_x256,2560_22528,test,roi02,0,192,32,32,0.6996455939661246,0.02993273317383533,16.353466765410328
Noisy,train__2560_22528_y256_x256,2560_22528,test,roi03,32,224,32,32,0.6985659194760956,0.030213765904033362,16.15139090583668
Noisy,train__2560_22528_y256_x256,2560_22528,test,roi04,192,160,32,32,0.6733702307392377,0.02855332503383455,15.8800233285798
Noisy,train__2560_22528_y256_x256,2560_22528,test,roi05,64,192,32,32,0.6761043083970435,0.028959021431788804,15.78496141210281
Noisy,train__2560_3072_y0_x0,2560_3072,test,roi01,32,160,32,32,0.6312407348596025,0.014978690014541215,26.602117071603985
Noisy,train__2560_3072_y0_x0,2560_3072,test,roi02,96,32,32,32,0.6119808202638524,0.015430509239909263,24.27142996694903
Noisy,train__2560_3072_y0_x0,2560_3072,test,roi03,0,32,32,32,0.532316501623427,0.011936971344976902,23.738086463602237
Noisy,train__2560_3072_y0_x0,2560_3072,test,roi04,32,64,32,32,0.5236767012247583,0.016104370716964432,17.028749041200452
Noisy,train__2560_3072_y0_x0,2560_3072,test,roi05,0,0,32,32,0.5345088983594906,0.01700710350359279,16.798848925986807
Noisy,train__2560_3072_y256_x0,2560_3072,test,roi01,96,160,32,32,0.5902623531146673,0.025457909713322742,13.685712983817089
Noisy,train__2560_3072_y256_x0,2560_3072,test,roi02,32,192,32,32,0.5839888297996367,0.026025341879811224,13.104264101725715
Noisy,train__2560_3072_y256_x0,2560_3072,test,roi03,64,224,32,32,0.5973738417887944,0.027282001387351047,13.080253966226797
Noisy,train__2560_3072_y256_x0,2560_3072,test,roi04,224,96,32,32,0.5966626569643267,0.02812659694541196,12.657284025744962
Noisy,train__2560_3072_y256_x0,2560_3072,test,roi05,224,0,32,32,0.6201560661138501,0.03078479271530755,12.492971770005429
Noisy,train__2560_3072_y256_x256,2560_3072,test,roi01,160,224,32,32,0.6283208091044798,0.020568376272565393,19.193884530413072
Noisy,train__2560_3072_y256_x256,2560_3072,test,roi02,0,64,32,32,0.6437694379856111,0.02328556593238705,17.798111091123676
Noisy,train__2560_3072_y256_x256,2560_3072,test,roi03,224,224,32,32,0.655460916692391,0.024678867580595933,17.408781497293287
Noisy,train__2560_3072_y256_x256,2560_3072,test,roi04,224,192,32,32,0.6459223881392973,0.02435098821575583,17.133420943862216
Noisy,train__2560_3072_y256_x256,2560_3072,test,roi05,224,64,32,32,0.6229081174824387,0.02318247659166986,16.737406001088797
Noisy,train__2560_512_y0_x0,2560_512,test,roi01,160,160,32,32,0.6714194164960645,0.014320066300327186,31.48058279853186
Noisy,train__2560_512_y0_x0,2560_512,test,roi02,32,64,32,32,0.6567249408108182,0.017024625167376496,25.333165555352686
Noisy,train__2560_512_y0_x0,2560_512,test,roi03,32,0,32,32,0.6498272409589845,0.01870092966589049,22.580451915317035
Noisy,train__2560_512_y0_x0,2560_512,test,roi04,224,0,32,32,0.6656953858764609,0.020646750769664768,21.46344244288107
Noisy,train__2560_512_y0_x0,2560_512,test,roi05,96,96,32,32,0.6547361331467982,0.020282352945657674,21.135585461735076
Noisy,train__2560_512_y0_x256,2560_512,test,roi01,192,0,32,32,0.6608736703637987,0.013824449324209759,31.592868398400736
Noisy,train__2560_512_y0_x256,2560_512,test,roi02,160,32,32,32,0.661034444681718,0.01414459290960144,30.892832324573416
Noisy,train__2560_512_y0_x256,2560_512,test,roi03,160,0,32,32,0.652732965987525,0.018027963307809862,23.63330330843854
Noisy,train__2560_512_y0_x256,2560_512,test,roi04,160,64,32,32,0.6495268599246629,0.018100650069297466,23.307734260837353
Noisy,train__2560_512_y0_x256,2560_512,test,roi05,224,0,32,32,0.6333696078218054,0.017400427013895665,23.054437675120894
Noisy,train__2560_512_y256_x0,2560_512,test,roi01,32,32,32,32,0.6549731584091205,0.017523503307497943,24.480826162931876
Noisy,train__2560_512_y256_x0,2560_512,test,roi02,160,224,32,32,0.6160627531498903,0.015567981665495858,24.3790957603581
Noisy,train__2560_512_y256_x0,2560_512,test,roi03,0,0,32,32,0.6711517683143029,0.01858565449939467,24.23614923682599
Noisy,train__2560_512_y256_x0,2560_512,test,roi04,32,0,32,32,0.6343579234744539,0.016965209147548524,23.719717898848856
Noisy,train__2560_512_y256_x0,2560_512,test,roi05,128,224,32,32,0.6219899976131273,0.016490806092571704,23.459833009924527
Noisy,train__2560_512_y256_x256,2560_512,test,roi01,160,160,32,32,0.6544946005597012,0.01372058297249776,31.220479699764653
Noisy,train__2560_512_y256_x256,2560_512,test,roi02,192,96,32,32,0.6592665685457177,0.016146970849513102,26.917272128174524
Noisy,train__2560_512_y256_x256,2560_512,test,roi03,224,64,32,32,0.656721225255751,0.0161370485248302,26.726248423793038
Noisy,train__2560_512_y256_x256,2560_512,test,roi04,128,192,32,32,0.663605308815022,0.01654709889385918,26.61324554305455
Noisy,train__2560_512_y256_x256,2560_512,test,roi05,128,160,32,32,0.6649519936472643,0.016683041106020417,26.503630306102195
Noisy,train__3072_22528_y0_x0,3072_22528,test,roi01,224,0,32,32,0.6813369841547683,0.030897108753121155,15.024709583229871
Noisy,train__3072_22528_y0_x0,3072_22528,test,roi02,224,32,32,32,0.6779908989265095,0.03186480629576378,14.425685025685748
Noisy,train__3072_22528_y0_x0,3072_22528,test,roi03,224,64,32,32,0.6540374053874984,0.030763723275828464,13.90484902658426
Noisy,train__3072_22528_y0_x0,3072_22528,test,roi04,224,160,32,32,0.652233559783781,0.030646074463080437,13.881341214540088
Noisy,train__3072_22528_y0_x0,3072_22528,test,roi05,224,96,32,32,0.6694915783009492,0.03264040732450287,13.732027574282807
Noisy,train__3072_22528_y0_x256,3072_22528,test,roi01,32,32,32,32,0.7433452102995943,0.023577227178381746,23.4362631998558
Noisy,train__3072_22528_y0_x256,3072_22528,test,roi02,128,64,32,32,0.7210058299824595,0.02536544179182454,20.49439592399477
Noisy,train__3072_22528_y0_x256,3072_22528,test,roi03,64,128,32,32,0.7027348914416507,0.026704043155295967,18.492942240155514
Noisy,train__3072_22528_y0_x256,3072_22528,test,roi04,96,0,32,32,0.7195446972909849,0.029390850259152636,17.61584189754237
Noisy,train__3072_22528_y0_x256,3072_22528,test,roi05,96,224,32,32,0.6890538405277766,0.027288143805419163,17.39932179087201
Noisy,train__3072_22528_y256_x0,3072_22528,test,roi01,0,64,32,32,0.6465605603298172,0.027499810762233352,15.201579450434616
Noisy,train__3072_22528_y256_x0,3072_22528,test,roi02,96,160,32,32,0.6329672719002701,0.026858948881058546,14.916725485836677
Noisy,train__3072_22528_y256_x0,3072_22528,test,roi03,32,128,32,32,0.6475446064141579,0.030067497268508346,13.945757225868
Noisy,train__3072_22528_y256_x0,3072_22528,test,roi04,32,192,32,32,0.6311660556821153,0.02871274895812556,13.87434517072188
Noisy,train__3072_22528_y256_x0,3072_22528,test,roi05,224,128,32,32,0.6275444674538448,0.028648884669833542,13.746156723741592
Noisy,train__3072_22528_y256_x256,3072_22528,test,roi01,64,32,32,32,0.6911834010388702,0.027506396178102972,17.368123791220967
Noisy,train__3072_22528_y256_x256,3072_22528,test,roi02,192,160,32,32,0.6758164770435542,0.02663798010871927,17.145741110230144
Noisy,train__3072_22528_y256_x256,3072_22528,test,roi03,224,224,32,32,0.6882031268905848,0.028427241292883938,16.660904200385367
Noisy,train__3072_22528_y256_x256,3072_22528,test,roi04,192,192,32,32,0.6764595550775994,0.028144664624060803,16.258766475567974
Noisy,train__3072_22528_y256_x256,3072_22528,test,roi05,160,64,32,32,0.6859604866767768,0.02945821595068223,15.973193694743863
Noisy,train__3072_25088_y0_x256,3072_25088,test,roi01,96,192,32,32,0.7484656809829175,0.00937222635377151,59.77244407715251
Noisy,train__3072_25088_y0_x256,3072_25088,test,roi02,160,96,32,32,0.736021313641686,0.009897903275407446,54.73152839155552
Noisy,train__3072_25088_y0_x256,3072_25088,test,roi03,224,160,32,32,0.7639503622194752,0.01154585866197392,50.54800799332578
Noisy,train__3072_25088_y0_x256,3072_25088,test,roi04,32,224,32,32,0.7335737684334163,0.01078833125202577,49.88078889703692
Noisy,train__3072_25088_y0_x256,3072_25088,test,roi05,160,224,32,32,0.7186697647266556,0.010592450259646648,48.75984480190477
Noisy,train__3072_25088_y256_x0,3072_25088,test,roi01,96,224,32,32,0.7403504811809398,0.014018442583163274,39.099838069256165
Noisy,train__3072_25088_y256_x0,3072_25088,test,roi02,64,224,32,32,0.6099756344046909,0.01204663369842035,30.885829509051476
Noisy,train__3072_25088_y256_x0,3072_25088,test,roi03,32,192,32,32,0.7620486950036138,0.01897486538106833,30.604602556817454
Noisy,train__3072_25088_y256_x0,3072_25088,test,roi04,32,224,32,32,0.7306658910238184,0.01748756599189879,30.5286993371719
Noisy,train__3072_25088_y256_x0,3072_25088,test,roi05,32,128,32,32,0.6840694391867146,0.015712506579898863,29.78207170508872
Noisy,train__3072_25088_y256_x256,3072_25088,test,roi01,128,32,32,32,0.749984985392075,0.010025311910187726,56.10573350261164
Noisy,train__3072_25088_y256_x256,3072_25088,test,roi02,96,32,32,32,0.7673224941827357,0.011913735832489638,49.42058631795054
Noisy,train__3072_25088_y256_x256,3072_25088,test,roi03,96,0,32,32,0.7687146354583092,0.012244663944519932,48.259567877505276
Noisy,train__3072_25088_y256_x256,3072_25088,test,roi04,0,0,32,32,0.7202863291604444,0.011133194560757611,46.6004966628485
Noisy,train__3072_25088_y256_x256,3072_25088,test,roi05,192,64,32,32,0.7637580462615006,0.012830177664970327,45.46518126727231
Noisy,train__3072_2560_y0_x256,3072_2560,test,roi01,0,32,32,32,0.6171843218035065,0.01595666107916942,23.87194195515756
Noisy,train__3072_2560_y0_x256,3072_2560,test,roi02,0,128,32,32,0.6020667148695793,0.019754267772260872,18.34967174348275
Noisy,train__3072_2560_y0_x256,3072_2560,test,roi03,160,96,32,32,0.6051752545681666,0.020842664405017225,17.57151013060907
Noisy,train__3072_2560_y0_x256,3072_2560,test,roi04,32,96,32,32,0.5987188997896737,0.020789049567486954,17.24293935620693
Noisy,train__3072_2560_y0_x256,3072_2560,test,roi05,96,224,32,32,0.6604642349848291,0.026487861441552282,16.468411640427696
Noisy,train__3072_2560_y256_x256,3072_2560,test,roi01,64,32,32,32,0.6965237411568523,0.026661366449842655,18.196566290322338
Noisy,train__3072_2560_y256_x256,3072_2560,test,roi02,128,0,32,32,0.6661872650074656,0.025175943138948345,17.6281567530052
Noisy,train__3072_2560_y256_x256,3072_2560,test,roi03,64,0,32,32,0.7023977611679584,0.029024271750631644,16.998277136204923
Noisy,train__3072_2560_y256_x256,3072_2560,test,roi04,160,160,32,32,0.5932941108985688,0.021821891700951064,16.130494406751275
Noisy,train__3072_2560_y256_x256,3072_2560,test,roi05,64,96,32,32,0.5838584568555234,0.021668544887340862,15.732053048050648
Noisy,train__3072_8192_y0_x0,3072_8192,test,roi01,160,32,32,32,0.7007887913641753,0.023152896791563425,21.211381647959186
Noisy,train__3072_8192_y0_x0,3072_8192,test,roi02,128,32,32,32,0.6874196567223407,0.0246547517061974,19.166519707009588
Noisy,train__3072_8192_y0_x0,3072_8192,test,roi03,128,0,32,32,0.6859181423205882,0.02762829675625462,17.029051849098025
Noisy,train__3072_8192_y0_x0,3072_8192,test,roi04,0,96,32,32,0.6736675110587385,0.026879565748175734,16.883751758038574
Noisy,train__3072_8192_y0_x0,3072_8192,test,roi05,128,160,32,32,0.6799134161847178,0.027561512173062064,16.772746379271467
Noisy,train__3072_8192_y0_x256,3072_8192,test,roi01,32,0,32,32,0.7006259000918362,0.026158956317084633,18.76514666446765
Noisy,train__3072_8192_y0_x256,3072_8192,test,roi02,64,0,32,32,0.7014936572522856,0.026331143649382084,18.688643293195327
Noisy,train__3072_8192_y0_x256,3072_8192,test,roi03,224,224,32,32,0.6857999737985665,0.026075981535040756,18.03658295393786
Noisy,train__3072_8192_y0_x256,3072_8192,test,roi04,160,96,32,32,0.7091394115705043,0.02800238714895403,17.958422700449844
Noisy,train__3072_8192_y0_x256,3072_8192,test,roi05,128,192,32,32,0.6940100494539365,0.027160833388048432,17.73325368414489
Noisy,train__3072_8192_y256_x0,3072_8192,test,roi01,96,224,32,32,0.64449551308644,0.027030058097886618,15.367131838352588
Noisy,train__3072_8192_y256_x0,3072_8192,test,roi02,128,32,32,32,0.6573974941566121,0.028700944055802858,15.05774390149424
Noisy,train__3072_8192_y256_x0,3072_8192,test,roi03,64,0,32,32,0.6535802767321002,0.029104536494567845,14.676996426757608
Noisy,train__3072_8192_y256_x0,3072_8192,test,roi04,0,64,32,32,0.6406673697492806,0.028455925295351774,14.424225338000467
Noisy,train__3072_8192_y256_x0,3072_8192,test,roi05,32,224,32,32,0.6487630759802414,0.029497110677668425,14.268974793995438
Noisy,train__3072_8192_y256_x256,3072_8192,test,roi01,160,0,32,32,0.6597890026168898,0.02950053628843264,14.756393704777587
Noisy,train__3072_8192_y256_x256,3072_8192,test,roi02,64,0,32,32,0.6635090751515236,0.029872910701350987,14.737241282233683
Noisy,train__3072_8192_y256_x256,3072_8192,test,roi03,0,0,32,32,0.6628152265911922,0.0304459540266422,14.429635682189371
Noisy,train__3072_8192_y256_x256,3072_8192,test,roi04,32,128,32,32,0.6507062787713949,0.02940253301593481,14.400754554141406
Noisy,train__3072_8192_y256_x256,3072_8192,test,roi05,32,0,32,32,0.6764596696011722,0.03185545493860878,14.36481398488267
Noisy,train__3584_512_y0_x0,3584_512,test,roi01,64,96,32,32,0.708766890282277,0.016963687905547843,29.613283830582585
Noisy,train__3584_512_y0_x0,3584_512,test,roi02,0,224,32,32,0.7109053172171116,0.019792623472397342,25.53407691266246
Noisy,train__3584_512_y0_x0,3584_512,test,roi03,0,192,32,32,0.6850498687999789,0.01975285986575437,23.758246954228863
Noisy,train__3584_512_y0_x0,3584_512,test,roi04,64,64,32,32,0.6861743490007939,0.020261728694152,23.237663692661975
Noisy,train__3584_512_y0_x0,3584_512,test,roi05,128,224,32,32,0.6461256684997352,0.018752051706898025,22.263077449848243
Noisy,train__3584_512_y256_x0,3584_512,test,roi01,0,32,32,32,0.6866988208930707,0.02026868966446589,23.26520749107141
Noisy,train__3584_512_y256_x0,3584_512,test,roi02,224,32,32,32,0.6367084752564551,0.020182793247480686,20.086302103600236
Noisy,train__3584_512_y256_x0,3584_512,test,roi03,0,64,32,32,0.6609009414096363,0.02242214670762379,19.48029597931539
Noisy,train__3584_512_y256_x0,3584_512,test,roi04,128,32,32,32,0.6835980815812945,0.02447422120126576,19.093818483484903
Noisy,train__3584_512_y256_x0,3584_512,test,roi05,32,160,32,32,0.6928353669209173,0.027037490117938587,17.75389814522622
Noisy,train__3584_512_y256_x256,3584_512,test,roi01,32,128,32,32,0.7129224093805533,0.01680127228623191,30.251182954369135
Noisy,train__3584_512_y256_x256,3584_512,test,roi02,128,0,32,32,0.7051344755163882,0.018627343867452427,26.69272828696502
Noisy,train__3584_512_y256_x256,3584_512,test,roi03,224,128,32,32,0.6832335776562104,0.019275822444924585,24.217286861335335
Noisy,train__3584_512_y256_x256,3584_512,test,roi04,96,0,32,32,0.6779506446182495,0.022283924238271684,20.62549987263587
Noisy,train__3584_512_y256_x256,3584_512,test,roi05,0,160,32,32,0.6455341292457888,0.020834479721319063,20.001186379264954
Noisy,train__3584_9216_y0_x256,3584_9216,test,roi01,64,0,32,32,0.7129848886106629,0.02355354956579709,21.582626005778256
Noisy,train__3584_9216_y0_x256,3584_9216,test,roi02,64,32,32,32,0.7079117651737761,0.0246932982362732,20.294537508776518
Noisy,train__3584_9216_y0_x256,3584_9216,test,roi03,128,0,32,32,0.6963016648951452,0.025185344532452192,19.250719715627596
Noisy,train__3584_9216_y0_x256,3584_9216,test,roi04,32,0,32,32,0.7030900385871064,0.025939657041815372,19.05713716891235
Noisy,train__3584_9216_y0_x256,3584_9216,test,roi05,96,0,32,32,0.7048624130839016,0.027652759156905626,17.96677932062302
Noisy,train__3584_9216_y256_x0,3584_9216,test,roi01,224,64,32,32,0.6907625158200972,0.022847107836310845,20.884606344080552
Noisy,train__3584_9216_y256_x0,3584_9216,test,roi02,224,96,32,32,0.6847145524807274,0.0245392698851027,19.10545915074281
Noisy,train__3584_9216_y256_x0,3584_9216,test,roi03,64,224,32,32,0.6969507611356676,0.025513319407363396,19.038697226806047
Noisy,train__3584_9216_y256_x0,3584_9216,test,roi04,192,224,32,32,0.6704920111806132,0.023770970961892526,18.912123437352086
Noisy,train__3584_9216_y256_x0,3584_9216,test,roi05,224,32,32,32,0.674452512874268,0.025070990189793963,18.143926054727277
Noisy,train__3584_9216_y256_x256,3584_9216,test,roi01,32,32,32,32,0.6710858943115454,0.025020359793734175,17.99959238222901
Noisy,train__3584_9216_y256_x256,3584_9216,test,roi02,32,128,32,32,0.6522445086447988,0.02367955740388121,17.965829842223563
Noisy,train__3584_9216_y256_x256,3584_9216,test,roi03,0,224,32,32,0.6667916428123135,0.02485966523932244,17.884838377512356
Noisy,train__3584_9216_y256_x256,3584_9216,test,roi04,64,32,32,32,0.6869767039024737,0.026760887344557827,17.635326722478112
Noisy,train__3584_9216_y256_x256,3584_9216,test,roi05,160,192,32,32,0.6447298900457099,0.02468326540485854,16.84042302751942
Noisy,train__4096_14336_y0_x0,4096_14336,test,roi01,96,96,32,32,0.7002967055013869,0.02464243339665339,19.90126006803768
Noisy,train__4096_14336_y0_x0,4096_14336,test,roi02,0,64,32,32,0.717785005515907,0.025926260865244403,19.872333955959895
Noisy,train__4096_14336_y0_x0,4096_14336,test,roi03,64,96,32,32,0.7088144969602581,0.025461237032512272,19.732662260654113
Noisy,train__4096_14336_y0_x0,4096_14336,test,roi04,32,160,32,32,0.7141143900807947,0.025858372171622984,19.721247676993976
Noisy,train__4096_14336_y0_x0,4096_14336,test,roi05,0,0,32,32,0.7116942435386591,0.026190339938581338,19.339523559979437
Noisy,train__4096_14336_y256_x0,4096_14336,test,roi01,0,0,32,32,0.6685862538870424,0.027034708997110114,16.534580747086707
Noisy,train__4096_14336_y256_x0,4096_14336,test,roi02,96,224,32,32,0.6535011093947105,0.025840738660428957,16.526760538548327
Noisy,train__4096_14336_y256_x0,4096_14336,test,roi03,0,32,32,32,0.6427709401468746,0.027999705869827633,14.755672199489448
Noisy,train__4096_14336_y256_x0,4096_14336,test,roi04,32,224,32,32,0.6533352935803123,0.028955618595140308,14.741422443978164
Noisy,train__4096_14336_y256_x0,4096_14336,test,roi05,0,192,32,32,0.6434265378047712,0.02977114324745567,13.906006434160574
Noisy,train__4096_14336_y256_x256,4096_14336,test,roi01,224,32,32,32,0.654189241991844,0.02809107518005712,15.234858815289863
Noisy,train__4096_14336_y256_x256,4096_14336,test,roi02,128,32,32,32,0.6428145380923524,0.02797515553008678,14.770624954648914
Noisy,train__4096_14336_y256_x256,4096_14336,test,roi03,160,96,32,32,0.6585953631438315,0.029615253709195606,14.646096117011334
Noisy,train__4096_14336_y256_x256,4096_14336,test,roi04,128,128,32,32,0.6572937836172059,0.02953237508191857,14.629203265345875
Noisy,train__4096_14336_y256_x256,4096_14336,test,roi05,192,0,32,32,0.6328519401140511,0.02745326603952855,14.5884856661301
Noisy,train__4096_14848_y0_x256,4096_14848,test,roi01,128,96,32,32,0.6685749587486498,0.027006525924861247,16.551276410353594
Noisy,train__4096_14848_y0_x256,4096_14848,test,roi02,32,224,32,32,0.6858992090565152,0.029572770947907584,15.908476274105805
Noisy,train__4096_14848_y0_x256,4096_14848,test,roi03,160,96,32,32,0.6708714380511083,0.028874360711879432,15.587132504291105
Noisy,train__4096_14848_y0_x256,4096_14848,test,roi04,96,96,32,32,0.6849493858462665,0.030539145493370147,15.362435771918648
Noisy,train__4096_14848_y0_x256,4096_14848,test,roi05,32,160,32,32,0.6803062986000441,0.030225313697421652,15.31222023195652
Noisy,train__4096_14848_y256_x0,4096_14848,test,roi01,224,192,32,32,0.6512064182606991,0.02557617417016561,16.580658090708596
Noisy,train__4096_14848_y256_x0,4096_14848,test,roi02,128,224,32,32,0.6312969542632345,0.025627951745713945,15.550827019513491
Noisy,train__4096_14848_y256_x0,4096_14848,test,roi03,128,96,32,32,0.6448115822277032,0.026783919453590384,15.523567314165383
Noisy,train__4096_14848_y256_x0,4096_14848,test,roi04,192,64,32,32,0.6626369098667055,0.028685740909125505,15.306827029801902
Noisy,train__4096_14848_y256_x0,4096_14848,test,roi05,224,64,32,32,0.6565772205940448,0.028440020424608907,15.15799356564383
Noisy,train__4096_14848_y256_x256,4096_14848,test,roi01,160,192,32,32,0.6745541274431162,0.02660512646318479,17.102841870727
Noisy,train__4096_14848_y256_x256,4096_14848,test,roi02,32,128,32,32,0.6309742207231466,0.025333425114035087,15.715540453967794
Noisy,train__4096_14848_y256_x256,4096_14848,test,roi03,0,0,32,32,0.6720598147658166,0.02892640496833985,15.614259536137087
Noisy,train__4096_14848_y256_x256,4096_14848,test,roi04,96,224,32,32,0.6742508834868204,0.02963865415970341,15.338559282521318
Noisy,train__4096_14848_y256_x256,4096_14848,test,roi05,32,0,32,32,0.6629534466192126,0.029151154145215984,15.07683950333133
Noisy,train__4096_17408_y0_x0,4096_17408,test,roi01,32,160,32,32,0.6777379859704524,0.027430190042601676,16.745373506851546
Noisy,train__4096_17408_y0_x0,4096_17408,test,roi02,0,128,32,32,0.678699297044659,0.028366581863105714,16.238570372415044
Noisy,train__4096_17408_y0_x0,4096_17408,test,roi03,32,224,32,32,0.6670497132145101,0.027930717610415188,15.930679838087626
Noisy,train__4096_17408_y0_x0,4096_17408,test,roi04,64,160,32,32,0.6748133945075097,0.028599776029767973,15.922261661517012
Noisy,train__4096_17408_y0_x0,4096_17408,test,roi05,128,32,32,32,0.6683895716414554,0.028640270441607128,15.598477688605914
Noisy,train__4096_17408_y0_x256,4096_17408,test,roi01,64,64,32,32,0.6813002448325278,0.028218538816527635,16.44911618658998
Noisy,train__4096_17408_y0_x256,4096_17408,test,roi02,32,96,32,32,0.6662324617936974,0.028273560015538043,15.698967264955645
Noisy,train__4096_17408_y0_x256,4096_17408,test,roi03,128,0,32,32,0.6675433659547707,0.029052681344997725,15.338141775576613
Noisy,train__4096_17408_y0_x256,4096_17408,test,roi04,160,0,32,32,0.651683932999731,0.028117113779143367,15.104393426220891
Noisy,train__4096_17408_y0_x256,4096_17408,test,roi05,192,64,32,32,0.6644152834778652,0.029571406378743875,14.928193244007748
Noisy,train__4096_17408_y256_x0,4096_17408,test,roi01,32,192,32,32,0.6755436126986751,0.025344647198155143,18.00613632890484
Noisy,train__4096_17408_y256_x0,4096_17408,test,roi02,32,128,32,32,0.6656299423484597,0.025026169344148124,17.703996726707015
Noisy,train__4096_17408_y256_x0,4096_17408,test,roi03,160,96,32,32,0.6674381965858629,0.02703889792095881,16.475292283140227
Noisy,train__4096_17408_y256_x0,4096_17408,test,roi04,0,192,32,32,0.6868431217444595,0.029567763668003073,15.954993390257146
Noisy,train__4096_17408_y256_x0,4096_17408,test,roi05,32,32,32,32,0.6803578414401272,0.029875162096415275,15.494034506497663
Noisy,train__4096_17408_y256_x256,4096_17408,test,roi01,128,160,32,32,0.6575528972462052,0.0287627489131766,15.032492686357994
Noisy,train__4096_17408_y256_x256,4096_17408,test,roi02,96,192,32,32,0.654134468670236,0.028564904154538634,14.97963727753327
Noisy,train__4096_17408_y256_x256,4096_17408,test,roi03,160,96,32,32,0.6289406487921951,0.02650972471422803,14.921555918339772
Noisy,train__4096_17408_y256_x256,4096_17408,test,roi04,160,32,32,32,0.6556656893953914,0.029029439969286506,14.80901790407154
Noisy,train__4096_17408_y256_x256,4096_17408,test,roi05,128,224,32,32,0.6375646478263661,0.02928797936910781,13.8790278098431
Noisy,train__4096_23040_y0_x0,4096_23040,test,roi01,160,128,32,32,0.7368561104813125,0.01438602467729879,37.74197109577023
Noisy,train__4096_23040_y0_x0,4096_23040,test,roi02,224,224,32,32,0.7694829784159083,0.015986705405252186,37.03727810467381
Noisy,train__4096_23040_y0_x0,4096_23040,test,roi03,96,96,32,32,0.7567803945275955,0.0175084497574558,32.710866665819886
Noisy,train__4096_23040_y0_x0,4096_23040,test,roi04,160,96,32,32,0.736060320676188,0.016929356643814755,32.00268073222246
Noisy,train__4096_23040_y0_x0,4096_23040,test,roi05,224,160,32,32,0.6811285628646147,0.014519311823102548,31.953037774959743
Noisy,train__4096_23040_y0_x256,4096_23040,test,roi01,0,224,32,32,0.756928294635145,0.014655881618733716,39.0928678413255
Noisy,train__4096_23040_y0_x256,4096_23040,test,roi02,64,192,32,32,0.7531216742063407,0.014571446941512183,38.92490968371189
Noisy,train__4096_23040_y0_x256,4096_23040,test,roi03,32,160,32,32,0.7551033710478805,0.015923623218209008,35.80724645103752
Noisy,train__4096_23040_y0_x256,4096_23040,test,roi04,64,160,32,32,0.7438241082709283,0.015486404210171181,35.72645376785796
Noisy,train__4096_23040_y0_x256,4096_23040,test,roi05,64,224,32,32,0.7095565959170926,0.01501724187701943,33.526167250452474
Noisy,train__4096_23040_y256_x0,4096_23040,test,roi01,160,224,32,32,0.7557444003177807,0.01354379211266311,42.17058220183926
Noisy,train__4096_23040_y256_x0,4096_23040,test,roi02,64,224,32,32,0.7099986565299332,0.014597064491519724,34.53421011924485
Noisy,train__4096_23040_y256_x0,4096_23040,test,roi03,160,96,32,32,0.6982245733088348,0.014422197983692528,33.80327709573467
Noisy,train__4096_23040_y256_x0,4096_23040,test,roi04,64,64,32,32,0.68161277587933,0.01390627651932607,33.40908514196877
Noisy,train__4096_23040_y256_x0,4096_23040,test,roi05,160,192,32,32,0.7207933592653717,0.015994449932270925,32.48270924983873
Noisy,train__4608_24576_y0_x0,4608_24576,test,roi01,192,96,32,32,0.7503427886840655,0.013790188603989026,40.827164638438624
Noisy,train__4608_24576_y0_x0,4608_24576,test,roi02,160,0,32,32,0.7598668506543618,0.014368535910413639,40.18486186229367
Noisy,train__4608_24576_y0_x0,4608_24576,test,roi03,224,96,32,32,0.7060625276935752,0.013452415207637384,37.05834865474654
Noisy,train__4608_24576_y0_x0,4608_24576,test,roi04,0,224,32,32,0.658815489456174,0.0122757806902976,35.35725019024071
Noisy,train__4608_24576_y0_x0,4608_24576,test,roi05,192,64,32,32,0.7475627662497573,0.016314509929796973,34.2547886444508
Noisy,train__4608_24576_y0_x256,4608_24576,test,roi01,224,128,32,32,0.7200715419021435,0.0101121001495596,51.275503385902695
Noisy,train__4608_24576_y0_x256,4608_24576,test,roi02,0,96,32,32,0.7168597626732662,0.010771819708821642,47.70669517603606
Noisy,train__4608_24576_y0_x256,4608_24576,test,roi03,192,160,32,32,0.714539027569117,0.010709527516696377,47.67400066188133
Noisy,train__4608_24576_y0_x256,4608_24576,test,roi04,128,128,32,32,0.7393842732126359,0.011658971133235396,46.889995457298134
Noisy,train__4608_24576_y0_x256,4608_24576,test,roi05,192,96,32,32,0.7045147668977734,0.010709847062859412,46.344364570646476
Noisy,train__4608_24576_y256_x0,4608_24576,test,roi01,128,192,32,32,0.6911510254140012,0.012280533555912253,38.8981258636641
Noisy,train__4608_24576_y256_x0,4608_24576,test,roi02,192,160,32,32,0.704868889064528,0.012986894281992352,38.257041289693205
Noisy,train__4608_24576_y256_x0,4608_24576,test,roi03,0,96,32,32,0.7815000700065866,0.016407306874443504,37.22380303446447
Noisy,train__4608_24576_y256_x0,4608_24576,test,roi04,0,160,32,32,0.713178702048026,0.014082751359096826,36.11679622010502
Noisy,train__4608_24576_y256_x0,4608_24576,test,roi05,0,32,32,32,0.7289956023450941,0.014955197859573242,35.53510914590142
Noisy,train__4608_24576_y256_x256,4608_24576,test,roi01,0,160,32,32,0.6410694828955457,0.011820062683159601,34.768858077671936
Noisy,train__4608_24576_y256_x256,4608_24576,test,roi02,0,192,32,32,0.6841234200255712,0.016245735123103087,28.809090526282507
Noisy,train__4608_24576_y256_x256,4608_24576,test,roi03,32,192,32,32,0.6129460783704417,0.01726831266029375,21.756780895772394
Noisy,train__4608_24576_y256_x256,4608_24576,test,roi04,192,96,32,32,0.3347660387153155,0.006286161737336895,17.82777875591559
Noisy,train__4608_24576_y256_x256,4608_24576,test,roi05,224,192,32,32,0.3230318511414225,0.00627837229945373,16.620482487305416
Noisy,train__4608_7168_y0_x0,4608_7168,test,roi01,64,0,32,32,0.6506755787850125,0.023896171848977788,17.71742819322426
Noisy,train__4608_7168_y0_x0,4608_7168,test,roi02,96,0,32,32,0.6477015898053651,0.02724379681659794,15.398637431505573
Noisy,train__4608_7168_y0_x0,4608_7168,test,roi03,160,0,32,32,0.5824808627730818,0.022039543796945116,15.394327515250183
Noisy,train__4608_7168_y0_x0,4608_7168,test,roi04,192,64,32,32,0.611068669539236,0.02564813979030408,14.558752484404835
Noisy,train__4608_7168_y0_x0,4608_7168,test,roi05,192,32,32,32,0.6241873126564315,0.026789969038347655,14.543122491988067
Noisy,train__4608_7168_y0_x256,4608_7168,test,roi01,192,192,32,32,0.6243826426652959,0.025819449030624497,15.099225548898907
Noisy,train__4608_7168_y0_x256,4608_7168,test,roi02,224,64,32,32,0.6445312904907041,0.0282581412557747,14.70091683177212
Noisy,train__4608_7168_y0_x256,4608_7168,test,roi03,160,32,32,32,0.6221566655585775,0.027131688435899456,14.26667261838382
Noisy,train__4608_7168_y0_x256,4608_7168,test,roi04,224,224,32,32,0.6348313888956909,0.028638989676844535,14.072105785668763
Noisy,train__4608_7168_y0_x256,4608_7168,test,roi05,224,128,32,32,0.5650712338247104,0.023495708452993664,13.589949838498987
Noisy,train__4608_7168_y256_x0,4608_7168,test,roi01,0,128,32,32,0.6648997909942409,0.026621243235944163,16.60672749750734
Noisy,train__4608_7168_y256_x0,4608_7168,test,roi02,64,128,32,32,0.6248257149272831,0.025409435671245553,15.36465347304791
Noisy,train__4608_7168_y256_x0,4608_7168,test,roi03,32,128,32,32,0.6550899987778394,0.02832802833769646,15.149056665115086
Noisy,train__4608_7168_y256_x0,4608_7168,test,roi04,64,0,32,32,0.6535145435918821,0.02996387755801936,14.253203973989821
Noisy,train__4608_7168_y256_x0,4608_7168,test,roi05,96,192,32,32,0.6336681630637031,0.028341918591093876,14.167542666173127
Noisy,train__4608_7168_y256_x256,4608_7168,test,roi01,0,192,32,32,0.7257927121536341,0.017938543731463204,29.36554209199233
Noisy,train__4608_7168_y256_x256,4608_7168,test,roi02,192,224,32,32,0.6509319541655714,0.029384821274942536,14.419431208694261
Noisy,train__4608_7168_y256_x256,4608_7168,test,roi03,0,32,32,32,0.6429618698675768,0.0307323295424302,13.451631303538356
Noisy,train__4608_7168_y256_x256,4608_7168,test,roi04,224,224,32,32,0.6092175450976356,0.0287216168620709,12.922183978608688
Noisy,train__4608_7168_y256_x256,4608_7168,test,roi05,192,192,32,32,0.5828581488240161,0.026667819431931233,12.739085117839977
Noisy,train__512_12800_y0_x0,512_12800,test,roi01,224,224,32,32,0.6622004598611966,0.028098391953109404,15.606211550189945
Noisy,train__512_12800_y0_x0,512_12800,test,roi02,160,224,32,32,0.6870487905980553,0.030358088740423013,15.548938034222017
Noisy,train__512_12800_y0_x0,512_12800,test,roi03,160,192,32,32,0.6754085947177373,0.02936378093032039,15.535355303906067
Noisy,train__512_12800_y0_x0,512_12800,test,roi04,192,96,32,32,0.6390731687424704,0.028203405074325248,14.481035673892407
Noisy,train__512_12800_y0_x0,512_12800,test,roi05,224,160,32,32,0.6566266596782953,0.029967920954830307,14.387336740848568
Noisy,train__512_12800_y0_x256,512_12800,test,roi01,224,192,32,32,0.6248424497316591,0.026123046110994988,14.945733561383289
Noisy,train__512_12800_y0_x256,512_12800,test,roi02,32,96,32,32,0.6387709449627437,0.0277705481294841,14.692843591927206
Noisy,train__512_12800_y0_x256,512_12800,test,roi03,64,160,32,32,0.6614791012252681,0.02996679734004584,14.601313460116295
Noisy,train__512_12800_y0_x256,512_12800,test,roi04,0,128,32,32,0.6568049043999054,0.030836377963412105,13.989732612423667
Noisy,train__512_12800_y0_x256,512_12800,test,roi05,224,224,32,32,0.6513209439290222,0.03073312272497393,13.80331493798609
Noisy,train__512_12800_y256_x0,512_12800,test,roi01,32,32,32,32,0.664911772008054,0.025256225079276887,17.504898818693466
Noisy,train__512_12800_y256_x0,512_12800,test,roi02,160,32,32,32,0.6934721656434704,0.031035598221778114,15.495227160944106
Noisy,train__512_12800_y256_x0,512_12800,test,roi03,96,192,32,32,0.6749607802194078,0.029936994745351487,15.21769498607175
Noisy,train__512_12800_y256_x0,512_12800,test,roi04,160,0,32,32,0.6757465546834283,0.030261733222260567,15.089466383591784
Noisy,train__512_12800_y256_x0,512_12800,test,roi05,96,160,32,32,0.6747330079087988,0.03093746280703812,14.71564215854458
Noisy,train__512_16896_y0_x0,512_16896,test,roi01,32,224,32,32,0.6808173939352855,0.02560187269266266,18.104625761133228
Noisy,train__512_16896_y0_x0,512_16896,test,roi02,128,64,32,32,0.6751552586792968,0.025266014973288925,18.041413487810157
Noisy,train__512_16896_y0_x0,512_16896,test,roi03,160,192,32,32,0.6783222097728867,0.027470886614334854,16.749405533604868
Noisy,train__512_16896_y0_x0,512_16896,test,roi04,160,32,32,32,0.6631382491905242,0.026326473578443227,16.703807147933173
Noisy,train__512_16896_y0_x0,512_16896,test,roi05,128,160,32,32,0.6701501578500029,0.026886813502396183,16.703401242633657
Noisy,train__512_16896_y256_x0,512_16896,test,roi01,32,0,32,32,0.6701197313668672,0.024457465098204654,18.360874790747076
Noisy,train__512_16896_y256_x0,512_16896,test,roi02,32,32,32,32,0.6861974189814646,0.026950194125253374,17.471744197033562
Noisy,train__512_16896_y256_x0,512_16896,test,roi03,128,64,32,32,0.6722876538115088,0.02617153976724665,17.269549040176027
Noisy,train__512_16896_y256_x0,512_16896,test,roi04,0,0,32,32,0.671570698992582,0.026187183780646224,17.222440088372714
Noisy,train__512_16896_y256_x0,512_16896,test,roi05,96,96,32,32,0.6727374879992567,0.026657954896850876,16.977136074793687
Noisy,train__512_16896_y256_x256,512_16896,test,roi01,128,64,32,32,0.671727471111808,0.02376496726871412,18.986678598976226
Noisy,train__512_16896_y256_x256,512_16896,test,roi02,0,0,32,32,0.6700965415802784,0.02672889314329014,16.799400283081734
Noisy,train__512_16896_y256_x256,512_16896,test,roi03,128,0,32,32,0.6647877851210069,0.027755033788770214,15.922978246378705
Noisy,train__512_16896_y256_x256,512_16896,test,roi04,64,0,32,32,0.6712679870252032,0.028431915906227442,15.848411759904414
Noisy,train__512_16896_y256_x256,512_16896,test,roi05,160,96,32,32,0.6590260143566411,0.0276849378392129,15.687782653556702
Noisy,train__6144_12800_y0_x0,6144_12800,test,roi01,224,160,32,32,0.5939960967734805,0.017084413995474,20.652236774149937
Noisy,train__6144_12800_y0_x0,6144_12800,test,roi02,224,224,32,32,0.6022298082825728,0.018758470753448026,19.334238209018153
Noisy,train__6144_12800_y0_x0,6144_12800,test,roi03,192,64,32,32,0.6134506242451607,0.019546257595336576,19.25287572576357
Noisy,train__6144_12800_y0_x0,6144_12800,test,roi04,192,32,32,32,0.6030884200008586,0.01953631908502871,18.617408978432312
Noisy,train__6144_12800_y0_x0,6144_12800,test,roi05,64,160,32,32,0.662175870333158,0.023608081100769146,18.573169135596952
Noisy,train__6144_12800_y0_x256,6144_12800,test,roi01,0,160,32,32,0.7142167275596876,0.017805847338277087,28.64820326913054
Noisy,train__6144_12800_y0_x256,6144_12800,test,roi02,32,192,32,32,0.7181458772101905,0.018635399181315203,27.674937141732634
Noisy,train__6144_12800_y0_x256,6144_12800,test,roi03,32,160,32,32,0.702533303599921,0.01902020297999319,25.94888409898534
Noisy,train__6144_12800_y0_x256,6144_12800,test,roi04,0,192,32,32,0.73644698766293,0.022318689977993945,24.300448017897143
Noisy,train__6144_12800_y0_x256,6144_12800,test,roi05,32,128,32,32,0.7041625900892541,0.021360862694285422,23.21277751641829
Noisy,train__6144_12800_y256_x0,6144_12800,test,roi01,128,160,32,32,0.7241901173256338,0.0183831506535742,28.528914108101876
Noisy,train__6144_12800_y256_x0,6144_12800,test,roi02,160,128,32,32,0.7092056261899415,0.017962444451007014,28.001345896508496
Noisy,train__6144_12800_y256_x0,6144_12800,test,roi03,160,96,32,32,0.7058663437783252,0.019410180007510693,25.66938045325628
Noisy,train__6144_12800_y256_x0,6144_12800,test,roi04,32,192,32,32,0.6929212091054069,0.02083676437811991,23.042915556135004
Noisy,train__6144_12800_y256_x0,6144_12800,test,roi05,224,160,32,32,0.6584075372084044,0.020887947518489394,20.753618069420874
Noisy,train__6144_12800_y256_x256,6144_12800,test,roi01,32,0,32,32,0.7165468086022884,0.014496467713354114,35.418236985079155
Noisy,train__6144_12800_y256_x256,6144_12800,test,roi02,32,32,32,32,0.7538468349084724,0.017878284052985353,31.786330769625966
Noisy,train__6144_12800_y256_x256,6144_12800,test,roi03,160,160,32,32,0.6898199317147373,0.020876982465044745,22.79311864095609
Noisy,train__6144_12800_y256_x256,6144_12800,test,roi04,64,160,32,32,0.6710448049707338,0.02068886570823987,21.765385141383863
Noisy,train__6144_12800_y256_x256,6144_12800,test,roi05,64,192,32,32,0.6554752083684434,0.02028511851532958,21.18044064967957
Noisy,train__6144_17408_y0_x0,6144_17408,test,roi01,0,160,32,32,0.7015984610479791,0.015236021068718136,32.30767392121404
Noisy,train__6144_17408_y0_x0,6144_17408,test,roi02,32,96,32,32,0.6432465131802019,0.017037510516701417,24.285594794666967
Noisy,train__6144_17408_y0_x0,6144_17408,test,roi03,128,0,32,32,0.7020127112627961,0.02101491543914941,23.451050669299725
Noisy,train__6144_17408_y0_x0,6144_17408,test,roi04,32,64,32,32,0.6367505055532092,0.017387690163544314,23.318290267924823
Noisy,train__6144_17408_y0_x0,6144_17408,test,roi05,64,0,32,32,0.6412271623848937,0.018141105750949592,22.665226663962322
Noisy,train__6144_17408_y0_x256,6144_17408,test,roi01,192,32,32,32,0.6628591499174945,0.01414226524433038,31.068732274378135
Noisy,train__6144_17408_y0_x256,6144_17408,test,roi02,0,64,32,32,0.7431540924299043,0.018617906332444603,29.663808337722926
Noisy,train__6144_17408_y0_x256,6144_17408,test,roi03,224,160,32,32,0.6761048200860387,0.015728774883055713,29.06251320540027
Noisy,train__6144_17408_y0_x256,6144_17408,test,roi04,224,96,32,32,0.697449805404176,0.01850366446338498,26.2886430966624
Noisy,train__6144_17408_y0_x256,6144_17408,test,roi05,192,128,32,32,0.6918395264438004,0.01879619084752117,25.464836691265297
Noisy,train__6144_17408_y256_x0,6144_17408,test,roi01,192,192,32,32,0.7358230249083135,0.019815246345851165,27.324188381770185
Noisy,train__6144_17408_y256_x0,6144_17408,test,roi02,32,160,32,32,0.6117797370170592,0.01716225862032664,21.8079947927937
Noisy,train__6144_17408_y256_x0,6144_17408,test,roi03,0,224,32,32,0.6250509225064889,0.018865187351195974,20.709503089108985
Noisy,train__6144_17408_y256_x0,6144_17408,test,roi04,224,224,32,32,0.719647305777471,0.025279437632822123,20.486699594944945
Noisy,train__6144_17408_y256_x0,6144_17408,test,roi05,0,96,32,32,0.6673026941716671,0.02305128606434192,19.317485558325956
Noisy,train__6144_17408_y256_x256,6144_17408,test,roi01,224,160,32,32,0.6781438441248611,0.01611906157799394,28.530139369420844
Noisy,train__6144_17408_y256_x256,6144_17408,test,roi02,224,192,32,32,0.6729151512554381,0.016550320362205995,27.359881312217293
Noisy,train__6144_17408_y256_x256,6144_17408,test,roi03,224,224,32,32,0.648395414405968,0.017597050327407555,23.891311646014024
Noisy,train__6144_17408_y256_x256,6144_17408,test,roi04,192,128,32,32,0.6063822951182374,0.015455463255008394,23.79090692824797
Noisy,train__6144_17408_y256_x256,6144_17408,test,roi05,192,192,32,32,0.6594146967399865,0.01936895543082437,22.449725997339524
Noisy,train__6144_19968_y0_x0,6144_19968,test,roi01,32,64,32,32,0.7206303500279319,0.021720629820890607,23.908519488781863
Noisy,train__6144_19968_y0_x0,6144_19968,test,roi02,224,192,32,32,0.6944452382886084,0.021403005705200984,22.532077766279954
Noisy,train__6144_19968_y0_x0,6144_19968,test,roi03,64,64,32,32,0.6577518216072349,0.02158207702051128,20.046145624281838
Noisy,train__6144_19968_y0_x0,6144_19968,test,roi04,32,128,32,32,0.5780020329912077,0.01692560412246499,19.7385185027779
Noisy,train__6144_19968_y0_x0,6144_19968,test,roi05,160,0,32,32,0.683476231773966,0.023913880030570954,19.534252024462752
Noisy,train__6144_19968_y0_x256,6144_19968,test,roi01,128,224,32,32,0.6687700680777198,0.018088457362471208,24.72590088774575
Noisy,train__6144_19968_y0_x256,6144_19968,test,roi02,128,0,32,32,0.6884202458313666,0.02120130752080554,22.353453172897172
Noisy,train__6144_19968_y0_x256,6144_19968,test,roi03,224,64,32,32,0.654656577964488,0.02141034480830574,20.017203782066883
Noisy,train__6144_19968_y0_x256,6144_19968,test,roi04,64,160,32,32,0.6469253551695147,0.02141916100519158,19.53916005672508
Noisy,train__6144_19968_y0_x256,6144_19968,test,roi05,0,32,32,32,0.6228312923340127,0.020120453958003832,19.279824377727017
Noisy,train__6144_19968_y256_x0,6144_19968,test,roi01,32,192,32,32,0.7646258712120471,0.023837475145934053,24.526621185654633
Noisy,train__6144_19968_y256_x0,6144_19968,test,roi02,64,128,32,32,0.688320890214527,0.019594702530163485,24.179272289354117
Noisy,train__6144_19968_y256_x0,6144_19968,test,roi03,192,0,32,32,0.7233244350063615,0.0220972209234664,23.67710582653656
Noisy,train__6144_19968_y256_x0,6144_19968,test,roi04,96,128,32,32,0.6908485880558146,0.020283547238058655,23.529995321685778
Noisy,train__6144_19968_y256_x0,6144_19968,test,roi05,32,128,32,32,0.6822383036924293,0.0208659121842764,22.306674106290195
Noisy,train__6144_19968_y256_x256,6144_19968,test,roi01,32,0,32,32,0.6987320953776361,0.018026081702943633,27.08445180469227
Noisy,train__6144_19968_y256_x256,6144_19968,test,roi02,96,128,32,32,0.7459058751774137,0.02089084047658977,26.63251271520917
Noisy,train__6144_19968_y256_x256,6144_19968,test,roi03,0,32,32,32,0.6966518638801062,0.01876594586556839,25.861942847127914
Noisy,train__6144_19968_y256_x256,6144_19968,test,roi04,128,32,32,32,0.6186876815045252,0.01494865285036527,25.60594931710464
Noisy,train__6144_19968_y256_x256,6144_19968,test,roi05,32,32,32,32,0.7111698254739167,0.021024130978588823,24.056286615588277
Noisy,train__6144_2048_y0_x0,6144_2048,test,roi01,96,0,32,32,0.6944248352083378,0.01813480169284577,26.591184172935648
Noisy,train__6144_2048_y0_x0,6144_2048,test,roi02,0,160,32,32,0.6907286215719068,0.020319388613462067,23.480333869028552
Noisy,train__6144_2048_y0_x0,6144_2048,test,roi03,96,96,32,32,0.7015606524000759,0.021212633156705143,23.202557898402336
Noisy,train__6144_2048_y0_x0,6144_2048,test,roi04,160,128,32,32,0.6688507831349852,0.020378766061709012,21.952328651579126
Noisy,train__6144_2048_y0_x0,6144_2048,test,roi05,0,128,32,32,0.7064492509816773,0.023035272097174892,21.665493774383513
Noisy,train__6144_2048_y0_x256,6144_2048,test,roi01,128,64,32,32,0.7025419790443266,0.017637484564323267,27.98387890968831
Noisy,train__6144_2048_y0_x256,6144_2048,test,roi02,128,32,32,32,0.7093660827667918,0.018794603291322952,26.773655797897003
Noisy,train__6144_2048_y0_x256,6144_2048,test,roi03,96,192,32,32,0.6513639444019645,0.018019033931097155,23.545934243160175
Noisy,train__6144_2048_y0_x256,6144_2048,test,roi04,96,160,32,32,0.6406454945390578,0.020542576333535296,19.979317248692983
Noisy,train__6144_2048_y0_x256,6144_2048,test,roi05,224,32,32,32,0.6624030970560852,0.022531385361305153,19.474073873106793
Noisy,train__6144_2048_y256_x256,6144_2048,test,roi01,0,32,32,32,0.6253954619605793,0.017755014804591206,22.028676863718985
Noisy,train__6144_2048_y256_x256,6144_2048,test,roi02,192,64,32,32,0.6596556990116369,0.02016551723637054,21.578699724780794
Noisy,train__6144_2048_y256_x256,6144_2048,test,roi03,224,64,32,32,0.7184570036042714,0.024474489240401905,21.09055110232616
Noisy,train__6144_2048_y256_x256,6144_2048,test,roi04,128,64,32,32,0.6589329630878638,0.022455733218349178,19.335491993152182
Noisy,train__6144_2048_y256_x256,6144_2048,test,roi05,32,32,32,32,0.6459394598059589,0.023053173145178525,18.09893081125266
Noisy,train__6144_22016_y0_x0,6144_22016,test,roi01,192,128,32,32,0.7566186903859489,0.015240670320513683,37.562117059300924
Noisy,train__6144_22016_y0_x0,6144_22016,test,roi02,64,192,32,32,0.747139247978339,0.015233956670610014,36.64294627715291
Noisy,train__6144_22016_y0_x0,6144_22016,test,roi03,192,96,32,32,0.7683335318579338,0.016219454719359688,36.39681027455601
Noisy,train__6144_22016_y0_x0,6144_22016,test,roi04,32,224,32,32,0.7299564541026484,0.014966005285782789,35.60311617638468
Noisy,train__6144_22016_y0_x0,6144_22016,test,roi05,160,128,32,32,0.6503167185146594,0.012407789510070277,34.08438175361015
Noisy,train__6144_22016_y0_x256,6144_22016,test,roi01,160,224,32,32,0.7042243266478181,0.012869446059730418,38.53560595699496
Noisy,train__6144_22016_y0_x256,6144_22016,test,roi02,160,160,32,32,0.732930720972945,0.015718909732858402,34.17459931225371
Noisy,train__6144_22016_y0_x256,6144_22016,test,roi03,32,192,32,32,0.728709587623598,0.01688917880825471,31.44129558478092
Noisy,train__6144_22016_y0_x256,6144_22016,test,roi04,192,160,32,32,0.6892411206208635,0.016925353624290776,28.06755669039145
Noisy,train__6144_22016_y0_x256,6144_22016,test,roi05,32,128,32,32,0.697733625973342,0.017417983427327345,27.94997565849723
Noisy,train__6144_22016_y256_x256,6144_22016,test,roi01,64,32,32,32,0.7521067894413136,0.016520178111003918,34.24083075393341
Noisy,train__6144_22016_y256_x256,6144_22016,test,roi02,96,64,32,32,0.6802075117011555,0.014015364392057875,33.01250299541744
Noisy,train__6144_22016_y256_x256,6144_22016,test,roi03,160,0,32,32,0.6877947445755126,0.014347490949396396,32.97173089944319
Noisy,train__6144_22016_y256_x256,6144_22016,test,roi04,160,32,32,32,0.6714055475604255,0.013824948731762111,32.60666046878411
Noisy,train__6144_22016_y256_x256,6144_22016,test,roi05,128,32,32,32,0.687152307247743,0.015660743035779263,30.150440006399194
Noisy,train__6144_5120_y0_x0,6144_5120,test,roi01,96,192,32,32,0.6053525806200923,0.014422135542562317,25.408979535793456
Noisy,train__6144_5120_y0_x0,6144_5120,test,roi02,128,64,32,32,0.7101533368986566,0.021256578315494497,23.725255985375874
Noisy,train__6144_5120_y0_x0,6144_5120,test,roi03,128,192,32,32,0.6570289660376147,0.021094694609847052,20.46424801101148
Noisy,train__6144_5120_y0_x0,6144_5120,test,roi04,224,128,32,32,0.6568873438081937,0.021150243919666935,20.401702415079246
Noisy,train__6144_5120_y0_x0,6144_5120,test,roi05,0,192,32,32,0.573942378978245,0.016481818474103266,19.986256668509373
Noisy,train__6144_5120_y0_x256,6144_5120,test,roi01,32,128,32,32,0.6492855622200295,0.017547809133046852,24.024180916890433
Noisy,train__6144_5120_y0_x256,6144_5120,test,roi02,64,128,32,32,0.7004420440644026,0.02053406272529832,23.89293651512359
Noisy,train__6144_5120_y0_x256,6144_5120,test,roi03,0,64,32,32,0.706771356628451,0.021286638227328163,23.466634102378883
Noisy,train__6144_5120_y0_x256,6144_5120,test,roi04,0,160,32,32,0.6931560750381323,0.021057516831627862,22.816809227981807
Noisy,train__6144_5120_y0_x256,6144_5120,test,roi05,0,128,32,32,0.6826822723523946,0.02107073188271158,22.118599751469706
Noisy,train__6144_5120_y256_x0,6144_5120,test,roi01,0,192,32,32,0.7231214293715311,0.015350546337081012,34.064233945419254
Noisy,train__6144_5120_y256_x0,6144_5120,test,roi02,96,64,32,32,0.7054179943806957,0.017053232302001075,29.180072022926222
Noisy,train__6144_5120_y256_x0,6144_5120,test,roi03,96,96,32,32,0.7096588668937329,0.018395629384759554,27.376921812641722
Noisy,train__6144_5120_y256_x0,6144_5120,test,roi04,160,160,32,32,0.6771774603257654,0.016755567527889755,27.36817550405033
Noisy,train__6144_5120_y256_x0,6144_5120,test,roi05,96,160,32,32,0.7037663857190637,0.018331575029381063,27.0182526528271
Noisy,train__6144_5120_y256_x256,6144_5120,test,roi01,160,32,32,32,0.7262390865071211,0.01593713538636022,33.09397818268472
Noisy,train__6144_5120_y256_x256,6144_5120,test,roi02,128,32,32,32,0.7071235802141018,0.017356159893946906,28.809584651798264
Noisy,train__6144_5120_y256_x256,6144_5120,test,roi03,224,96,32,32,0.7178502687602304,0.018614456038355216,27.68326978222394
Noisy,train__6144_5120_y256_x256,6144_5120,test,roi04,192,64,32,32,0.704439774810453,0.020109945241158084,24.676118725543812
Noisy,train__6144_5120_y256_x256,6144_5120,test,roi05,32,128,32,32,0.6199924666725565,0.01615467518043352,23.79439106248905
Noisy,train__6656_11776_y0_x0,6656_11776,test,roi01,224,224,32,32,0.7042157768446486,0.017923656419373907,27.668453844097677
Noisy,train__6656_11776_y0_x0,6656_11776,test,roi02,64,224,32,32,0.7147427920717746,0.019321485884035157,26.439853636757004
Noisy,train__6656_11776_y0_x0,6656_11776,test,roi03,224,192,32,32,0.7142094576120144,0.023078387170999817,22.102720851456667
Noisy,train__6656_11776_y0_x0,6656_11776,test,roi04,32,160,32,32,0.6834794621972833,0.022054453444568873,21.18139886892216
Noisy,train__6656_11776_y0_x0,6656_11776,test,roi05,192,224,32,32,0.6825348790371208,0.022042684682282154,21.134170715451422
Noisy,train__6656_11776_y0_x256,6656_11776,test,roi01,0,32,32,32,0.7471205978217768,0.02074074282266217,26.91269027643837
Noisy,train__6656_11776_y0_x256,6656_11776,test,roi02,192,224,32,32,0.6847738614378613,0.01747207161682042,26.83798759484783
Noisy,train__6656_11776_y0_x256,6656_11776,test,roi03,32,224,32,32,0.7047981463110773,0.019778279006736708,25.115452505970577
Noisy,train__6656_11776_y0_x256,6656_11776,test,roi04,0,192,32,32,0.6963942951115314,0.02009535815720096,24.133185906423098
Noisy,train__6656_11776_y0_x256,6656_11776,test,roi05,128,128,32,32,0.7020020947093144,0.02049206688327493,24.048669359872182
Noisy,train__6656_11776_y256_x0,6656_11776,test,roi01,128,160,32,32,0.6585512426900095,0.015315943994275,28.31622650296098
Noisy,train__6656_11776_y256_x0,6656_11776,test,roi02,32,192,32,32,0.7130584165715845,0.017985908609054097,28.26948120861799
Noisy,train__6656_11776_y256_x0,6656_11776,test,roi03,64,160,32,32,0.7019643515232019,0.018071099836973692,27.267513059786697
Noisy,train__6656_11776_y256_x0,6656_11776,test,roi04,224,160,32,32,0.6810426942101913,0.017655755064886036,26.27013965885406
Noisy,train__6656_11776_y256_x0,6656_11776,test,roi05,160,128,32,32,0.6753385753545444,0.018101049417142728,25.196450263815635
Noisy,train__6656_11776_y256_x256,6656_11776,test,roi01,0,0,32,32,0.7364188538485905,0.018772742558496796,28.88830583031746
Noisy,train__6656_11776_y256_x256,6656_11776,test,roi02,64,128,32,32,0.6582407660607714,0.01673685204891301,25.887837500028034
Noisy,train__6656_11776_y256_x256,6656_11776,test,roi03,64,160,32,32,0.6991750916495221,0.019156089318859433,25.519081721019234
Noisy,train__6656_11776_y256_x256,6656_11776,test,roi04,32,0,32,32,0.6906520937918685,0.019034251559179184,25.060103528423774
Noisy,train__6656_11776_y256_x256,6656_11776,test,roi05,224,192,32,32,0.6260726373147918,0.017514586057994656,22.379458235347943
Noisy,train__6656_13312_y256_x256,6656_13312,test,roi01,96,224,32,32,0.688104528337135,0.018393667820499636,25.741893707049094
Noisy,train__6656_13312_y256_x256,6656_13312,test,roi02,160,192,32,32,0.6575983156362781,0.017798830310240828,24.295728269225744
Noisy,train__6656_13312_y256_x256,6656_13312,test,roi03,192,192,32,32,0.6671370707917958,0.018606514652706935,23.920217167587975
Noisy,train__6656_13312_y256_x256,6656_13312,test,roi04,128,160,32,32,0.6821621308044996,0.020064983222358432,23.19190440115597
Noisy,train__6656_13312_y256_x256,6656_13312,test,roi05,96,192,32,32,0.6894033887801925,0.020504218348380468,23.17947577353775
Noisy,train__6656_16384_y0_x256,6656_16384,test,roi01,96,128,32,32,0.6869448414072394,0.015977896779370372,29.534125902308705
Noisy,train__6656_16384_y0_x256,6656_16384,test,roi02,128,64,32,32,0.661485829128651,0.015242507261081404,28.70679309139953
Noisy,train__6656_16384_y0_x256,6656_16384,test,roi03,160,32,32,32,0.6811745346494718,0.016268200334920102,28.52182399419679
Noisy,train__6656_16384_y0_x256,6656_16384,test,roi04,128,32,32,32,0.6870472098235041,0.016572921737486344,28.482236023511
Noisy,train__6656_16384_y0_x256,6656_16384,test,roi05,64,32,32,32,0.68279459488258,0.01694260157534194,27.51693455858519
Noisy,train__6656_16384_y256_x256,6656_16384,test,roi01,160,0,32,32,0.705986762761313,0.018457707538676014,27.003207638317058
Noisy,train__6656_16384_y256_x256,6656_16384,test,roi02,0,96,32,32,0.6941024695261149,0.018684019417684473,25.785577901200792
Noisy,train__6656_16384_y256_x256,6656_16384,test,roi03,224,192,32,32,0.685309240638162,0.021510119131228647,21.833851892629113
Noisy,train__6656_16384_y256_x256,6656_16384,test,roi04,224,160,32,32,0.6415266286785481,0.01947876158378062,21.12846925783796
Noisy,train__6656_16384_y256_x256,6656_16384,test,roi05,224,32,32,32,0.6096220200197422,0.02045085804563058,18.172294114199932
Noisy,train__6656_20480_y0_x0,6656_20480,test,roi01,96,96,32,32,0.7158856597234262,0.018349708561042923,27.929178062570667
Noisy,train__6656_20480_y0_x0,6656_20480,test,roi02,96,128,32,32,0.6985176425077952,0.01825353948867324,26.7305361350558
Noisy,train__6656_20480_y0_x0,6656_20480,test,roi03,96,160,32,32,0.6741336365012103,0.018828838760278112,24.13617566374196
Noisy,train__6656_20480_y0_x0,6656_20480,test,roi04,32,160,32,32,0.6591917740151985,0.01848418465650373,23.50841018981122
Noisy,train__6656_20480_y0_x0,6656_20480,test,roi05,32,128,32,32,0.664659048547037,0.018838099512708102,23.450967042478734
Noisy,train__6656_20480_y0_x256,6656_20480,test,roi01,32,32,32,32,0.6849904664122732,0.019403753421350395,24.181503902199612
Noisy,train__6656_20480_y0_x256,6656_20480,test,roi02,32,0,32,32,0.688237544207368,0.01968043443360355,24.068112868881332
Noisy,train__6656_20480_y0_x256,6656_20480,test,roi03,64,0,32,32,0.6364347029157216,0.017033223303522003,23.77994604178469
Noisy,train__6656_20480_y0_x256,6656_20480,test,roi04,128,32,32,32,0.623043606072315,0.01846799461675168,21.019246708870405
Noisy,train__6656_20480_y0_x256,6656_20480,test,roi05,32,64,32,32,0.6743239721035934,0.024378043286171987,18.652556073337337
Noisy,train__6656_20480_y256_x0,6656_20480,test,roi01,96,0,32,32,0.7000994684640318,0.019606298235956027,24.999072228981632
Noisy,train__6656_20480_y256_x0,6656_20480,test,roi02,160,224,32,32,0.7494553803553572,0.02250836361712808,24.954429237857685
Noisy,train__6656_20480_y256_x0,6656_20480,test,roi03,64,192,32,32,0.6625648600893328,0.01927648246679063,22.773459555263226
Noisy,train__6656_20480_y256_x0,6656_20480,test,roi04,96,32,32,32,0.6471514807199128,0.018795294974064118,22.28244034349503
Noisy,train__6656_20480_y256_x0,6656_20480,test,roi05,160,0,32,32,0.6583810859301593,0.02066266535845894,20.97820618931538
Noisy,train__6656_20480_y256_x256,6656_20480,test,roi01,128,96,32,32,0.6719939894246636,0.020344563175704895,22.196393106249566
Noisy,train__6656_20480_y256_x256,6656_20480,test,roi02,192,128,32,32,0.6811213032488013,0.020930364875758577,22.165224184728
Noisy,train__6656_20480_y256_x256,6656_20480,test,roi03,96,128,32,32,0.6880666568758897,0.02194232783513209,21.576367277966767
Noisy,train__6656_20480_y256_x256,6656_20480,test,roi04,160,128,32,32,0.6594386179058347,0.02214520575633479,19.636723883731037
Noisy,train__6656_20480_y256_x256,6656_20480,test,roi05,96,64,32,32,0.6338266657330678,0.021523338333793822,18.665145525475083
Noisy,train__6656_3584_y0_x0,6656_3584,test,roi01,32,160,32,32,0.6035229778353823,0.013913598943460115,26.17870374555342
Noisy,train__6656_3584_y0_x0,6656_3584,test,roi02,96,192,32,32,0.5977658362535294,0.014803482307252456,24.137833759346123
Noisy,train__6656_3584_y0_x0,6656_3584,test,roi03,64,192,32,32,0.595379694015719,0.015959377357336865,22.211203614612856
Noisy,train__6656_3584_y0_x0,6656_3584,test,roi04,128,192,32,32,0.6489387561014155,0.01921290641580562,21.918677999910212
Noisy,train__6656_3584_y0_x0,6656_3584,test,roi05,0,224,32,32,0.5557488002814353,0.01433305866337492,21.548556820148388
Noisy,train__6656_3584_y256_x0,6656_3584,test,roi01,96,64,32,32,0.5819364646595204,0.013941416138846559,24.290936123540707
Noisy,train__6656_3584_y256_x0,6656_3584,test,roi02,128,32,32,32,0.5832313549763057,0.014838329005460234,22.92433422269619
Noisy,train__6656_3584_y256_x0,6656_3584,test,roi03,32,32,32,32,0.5660298779548611,0.01425194716694707,22.480424533192135
Noisy,train__6656_3584_y256_x0,6656_3584,test,roi04,32,0,32,32,0.5489405228945543,0.01452272662997426,20.74925083653391
Noisy,train__6656_3584_y256_x0,6656_3584,test,roi05,64,0,32,32,0.5655608433226007,0.01565446383216977,20.43245114805299
Noisy,train__6656_3584_y256_x256,6656_3584,test,roi01,224,192,32,32,0.6868055200611707,0.023205762317347403,20.326926387325607
Noisy,train__6656_3584_y256_x256,6656_3584,test,roi02,224,224,32,32,0.6867215764796128,0.028280094159329153,16.675564124565543
Noisy,train__6656_3584_y256_x256,6656_3584,test,roi03,224,32,32,32,0.584870852464519,0.020549943651881217,16.64597820107689
Noisy,train__6656_3584_y256_x256,6656_3584,test,roi04,160,64,32,32,0.6099640389584238,0.023570777703418186,15.784635259129303
Noisy,train__6656_3584_y256_x256,6656_3584,test,roi05,224,0,32,32,0.5839668104963494,0.021716188593851982,15.70336499369985
Noisy,train__7168_13312_y0_x0,7168_13312,test,roi01,224,32,32,32,0.6790493539883755,0.015625688190770166,29.50961388212002
Noisy,train__7168_13312_y0_x0,7168_13312,test,roi02,160,96,32,32,0.660500561396475,0.015367456451621749,28.38862716015827
Noisy,train__7168_13312_y0_x0,7168_13312,test,roi03,160,64,32,32,0.6698394570994424,0.01638713731028911,27.380309921828548
Noisy,train__7168_13312_y0_x0,7168_13312,test,roi04,96,96,32,32,0.6859782945684856,0.01855842177365239,25.355939549081505
Noisy,train__7168_13312_y0_x0,7168_13312,test,roi05,160,128,32,32,0.678656714844692,0.01894895547257227,24.306085750766073
Noisy,train__7168_13312_y256_x0,7168_13312,test,roi01,160,128,32,32,0.6961057125008665,0.01882943882898809,25.73433905158924
Noisy,train__7168_13312_y256_x0,7168_13312,test,roi02,96,96,32,32,0.69571083507617,0.018966850175960843,25.518921779423092
Noisy,train__7168_13312_y256_x0,7168_13312,test,roi03,96,32,32,32,0.7089035610988503,0.01984692286052916,25.321016384765276
Noisy,train__7168_13312_y256_x0,7168_13312,test,roi04,192,128,32,32,0.7414846237952588,0.022650076084262526,24.27362474542865
Noisy,train__7168_13312_y256_x0,7168_13312,test,roi05,128,64,32,32,0.6971727106720209,0.020253476959197325,23.998338136457743
Noisy,train__7168_13312_y256_x256,7168_13312,test,roi01,96,224,32,32,0.6882077618211042,0.016826395153737222,28.1480328438393
Noisy,train__7168_13312_y256_x256,7168_13312,test,roi02,96,96,32,32,0.7297459909459576,0.019989558526566753,26.64036880023886
Noisy,train__7168_13312_y256_x256,7168_13312,test,roi03,96,192,32,32,0.6819417142251041,0.018537828775837602,25.086244307446474
Noisy,train__7168_13312_y256_x256,7168_13312,test,roi04,128,128,32,32,0.6911461560957832,0.020173623567490168,23.678592370275208
Noisy,train__7168_13312_y256_x256,7168_13312,test,roi05,64,160,32,32,0.6733453318884131,0.01919889912950374,23.615621547756767
Noisy,train__7168_19456_y0_x256,7168_19456,test,roi01,128,96,32,32,0.7416652951797005,0.013340735691809488,41.23216461080965
Noisy,train__7168_19456_y0_x256,7168_19456,test,roi02,192,128,32,32,0.7152703256288078,0.014326362868452491,35.71120202823706
Noisy,train__7168_19456_y0_x256,7168_19456,test,roi03,160,32,32,32,0.6989062787324656,0.013912332890862068,35.110573495010385
Noisy,train__7168_19456_y0_x256,7168_19456,test,roi04,160,64,32,32,0.7257400644302834,0.015131828141266027,34.8073369722533
Noisy,train__7168_19456_y0_x256,7168_19456,test,roi05,192,64,32,32,0.7170833103591576,0.014858259287873182,34.60758518431078
Noisy,train__7168_19456_y256_x0,7168_19456,test,roi01,0,160,32,32,0.7060637700778898,0.015270233696991323,32.646916694852365
Noisy,train__7168_19456_y256_x0,7168_19456,test,roi02,128,0,32,32,0.7217193300020881,0.016379871219561082,31.799932021237257
Noisy,train__7168_19456_y256_x0,7168_19456,test,roi03,160,192,32,32,0.6877330534043722,0.015596848489321243,30.32514889586418
Noisy,train__7168_19456_y256_x0,7168_19456,test,roi04,192,224,32,32,0.7132694823667407,0.017924842291491,28.382584694607083
Noisy,train__7168_19456_y256_x0,7168_19456,test,roi05,224,32,32,32,0.6854983291268582,0.017471372299573934,26.895881512820473
Noisy,train__7168_2048_y0_x256,7168_2048,test,roi01,64,96,32,32,0.6468997216288699,0.018687579051956203,22.393443724306454
Noisy,train__7168_2048_y0_x256,7168_2048,test,roi02,96,224,32,32,0.6522645094955806,0.02140303969927522,19.877970434354587
Noisy,train__7168_2048_y0_x256,7168_2048,test,roi03,96,32,32,32,0.6892024221742759,0.02498279574743488,19.01308338477929
Noisy,train__7168_2048_y0_x256,7168_2048,test,roi04,64,128,32,32,0.6439508260446019,0.02200013743483132,18.848639813813257
Noisy,train__7168_2048_y0_x256,7168_2048,test,roi05,96,0,32,32,0.6708537196391262,0.02390980155856121,18.822603443670452
Noisy,train__7168_2048_y256_x0,7168_2048,test,roi01,160,128,32,32,0.6279673742174054,0.02074200423201033,19.01180901664887
Noisy,train__7168_2048_y256_x0,7168_2048,test,roi02,64,128,32,32,0.6209399153522099,0.020821498815821862,18.51770527607864
Noisy,train__7168_2048_y256_x0,7168_2048,test,roi03,96,160,32,32,0.6386932248205994,0.02230419703698949,18.289339659043694
Noisy,train__7168_2048_y256_x0,7168_2048,test,roi04,64,32,32,32,0.6187233121017925,0.02220215410139105,17.242405182397466
Noisy,train__7168_2048_y256_x0,7168_2048,test,roi05,128,224,32,32,0.6611953261308372,0.028009168377221373,15.608434117337195
Noisy,train__7168_2048_y256_x256,7168_2048,test,roi01,0,0,32,32,0.687730220175581,0.02301175678200297,20.553530972161834
Noisy,train__7168_2048_y256_x256,7168_2048,test,roi02,64,160,32,32,0.673076102611958,0.023266823354633183,19.47113419834727
Noisy,train__7168_2048_y256_x256,7168_2048,test,roi03,32,0,32,32,0.6900174202019116,0.028908137013593085,16.470242961634643
Noisy,train__7168_2048_y256_x256,7168_2048,test,roi04,128,128,32,32,0.641888831894903,0.02531788996417838,16.273918288386636
Noisy,train__7168_2048_y256_x256,7168_2048,test,roi05,64,32,32,32,0.589096038187563,0.02166990981078762,16.014563292530344
Noisy,train__7168_24576_y0_x0,7168_24576,test,roi01,224,0,32,32,0.6897030315521988,0.018129746158921253,26.238109875477573
Noisy,train__7168_24576_y0_x0,7168_24576,test,roi02,128,0,32,32,0.6863891973916907,0.02068457858267692,22.77687835954149
Noisy,train__7168_24576_y0_x0,7168_24576,test,roi03,160,128,32,32,0.7078823821429978,0.022712706870824318,22.062428304929675
Noisy,train__7168_24576_y0_x0,7168_24576,test,roi04,160,0,32,32,0.6621524725487689,0.020038962537036166,21.879670471568026
Noisy,train__7168_24576_y0_x0,7168_24576,test,roi05,224,32,32,32,0.6714615702076117,0.02093826687542747,21.532853838766766
Noisy,train__7168_24576_y0_x256,7168_24576,test,roi01,128,224,32,32,0.6965134045385639,0.01808198238109157,26.829520816766486
Noisy,train__7168_24576_y0_x256,7168_24576,test,roi02,96,192,32,32,0.6769483313400997,0.01915323207077797,23.92593801457196
Noisy,train__7168_24576_y0_x256,7168_24576,test,roi03,0,0,32,32,0.6756188671279233,0.01960212892825281,23.286289733627623
Noisy,train__7168_24576_y0_x256,7168_24576,test,roi04,224,0,32,32,0.6681933701911476,0.02070208339622151,21.56702643990386
Noisy,train__7168_24576_y0_x256,7168_24576,test,roi05,224,32,32,32,0.6579961282550357,0.020248042997602134,21.38275313075394
Noisy,train__7168_24576_y256_x0,7168_24576,test,roi01,128,128,32,32,0.7534553250879981,0.019286162521443058,29.435349114800673
Noisy,train__7168_24576_y256_x0,7168_24576,test,roi02,224,224,32,32,0.6571390235039871,0.016142070799898316,26.751939175889007
Noisy,train__7168_24576_y256_x0,7168_24576,test,roi03,160,224,32,32,0.6721930505445926,0.017018269188310356,26.550496539966062
Noisy,train__7168_24576_y256_x0,7168_24576,test,roi04,128,224,32,32,0.6878193948505213,0.018704279629214823,25.293437080228106
Noisy,train__7168_24576_y256_x0,7168_24576,test,roi05,128,192,32,32,0.7103457613702631,0.02015836214693621,25.031354086144823
Noisy,train__7168_3072_y0_x0,7168_3072,test,roi01,32,160,32,32,0.6485081499558873,0.022218203629116026,18.92874993764472
Noisy,train__7168_3072_y0_x0,7168_3072,test,roi02,128,64,32,32,0.6515539929096121,0.022690873095349652,18.708958614883006
Noisy,train__7168_3072_y0_x0,7168_3072,test,roi03,192,128,32,32,0.5845052815493545,0.018875798887034285,18.099706730493185
Noisy,train__7168_3072_y0_x0,7168_3072,test,roi04,64,64,32,32,0.6079099948401563,0.020463642600708383,18.05908014703922
Noisy,train__7168_3072_y0_x0,7168_3072,test,roi05,32,64,32,32,0.6401697713008616,0.0228899229889558,17.903832017483456
Noisy,train__7168_3072_y0_x256,7168_3072,test,roi01,192,32,32,32,0.5907624408428092,0.012237791538713239,28.518238802035498
Noisy,train__7168_3072_y0_x256,7168_3072,test,roi02,224,64,32,32,0.6711381242057541,0.018039184942104356,24.969331109361857
Noisy,train__7168_3072_y0_x256,7168_3072,test,roi03,128,96,32,32,0.585769114040886,0.014670926386626943,23.388124643377346
Noisy,train__7168_3072_y0_x256,7168_3072,test,roi04,160,128,32,32,0.5966460858981009,0.015396372605252086,23.121456004259606
Noisy,train__7168_3072_y0_x256,7168_3072,test,roi05,224,32,32,32,0.6189255991193932,0.01798540915068255,21.298870325158113
Noisy,train__7168_3072_y256_x0,7168_3072,test,roi01,192,0,32,32,0.6346986886492232,0.018871394848396027,21.346722306924924
Noisy,train__7168_3072_y256_x0,7168_3072,test,roi02,224,224,32,32,0.6016586783225648,0.019235974877833517,18.818550528364256
Noisy,train__7168_3072_y256_x0,7168_3072,test,roi03,224,128,32,32,0.5871565388588351,0.01870385183052611,18.432182004458777
Noisy,train__7168_3072_y256_x0,7168_3072,test,roi04,96,64,32,32,0.6305361751146847,0.02267784933323562,17.531462630611422
Noisy,train__7168_3072_y256_x0,7168_3072,test,roi05,32,64,32,32,0.6480882280739024,0.023981005113456723,17.51462665475523
Noisy,train__7168_8192_y256_x0,7168_8192,test,roi01,192,0,32,32,0.7146103088161908,0.015843971263590356,32.231054006004975
Noisy,train__7168_8192_y256_x0,7168_8192,test,roi02,32,128,32,32,0.6632602587633301,0.014616252533863233,30.09760332449083
Noisy,train__7168_8192_y256_x0,7168_8192,test,roi03,32,96,32,32,0.626408120529959,0.01343400531234798,29.208499203525673
Noisy,train__7168_8192_y256_x0,7168_8192,test,roi04,64,128,32,32,0.6799816791026387,0.015933860707160005,29.018396257692405
Noisy,train__7168_8192_y256_x0,7168_8192,test,roi05,160,0,32,32,0.6902756621420849,0.016988426350065592,28.04735882696128
Noisy,train__7168_8192_y256_x256,7168_8192,test,roi01,224,32,32,32,0.6836287104524672,0.013327217087336623,35.067202004158275
Noisy,train__7168_8192_y256_x256,7168_8192,test,roi02,192,32,32,32,0.6490126251301263,0.012453867815406638,33.8222144173725
Noisy,train__7168_8192_y256_x256,7168_8192,test,roi03,160,32,32,32,0.6587029068614356,0.013789464498151242,31.465291459713818
Noisy,train__7168_8192_y256_x256,7168_8192,test,roi04,224,64,32,32,0.6574082124279812,0.014227512550281929,30.376747603655396
Noisy,train__7168_8192_y256_x256,7168_8192,test,roi05,192,160,32,32,0.6490456896135584,0.014245231301152565,29.57202296686161
Noisy,train__7168_8704_y0_x0,7168_8704,test,roi01,128,128,32,32,0.6809542043192778,0.015601357244228321,29.72168517913047
Noisy,train__7168_8704_y0_x0,7168_8704,test,roi02,160,64,32,32,0.7090339266433148,0.018995850489599803,26.46520667271417
Noisy,train__7168_8704_y0_x0,7168_8704,test,roi03,96,128,32,32,0.6915585393435322,0.01892102424401824,25.276285637134915
Noisy,train__7168_8704_y0_x0,7168_8704,test,roi04,96,224,32,32,0.6792899093852611,0.01867119619277212,24.71372354660727
Noisy,train__7168_8704_y0_x0,7168_8704,test,roi05,160,128,32,32,0.7014055486069992,0.020211271322692417,24.34135566050817
Noisy,train__7168_8704_y0_x256,7168_8704,test,roi01,128,224,32,32,0.7088827755360398,0.016422041104416033,30.600020195817727
Noisy,train__7168_8704_y0_x256,7168_8704,test,roi02,128,0,32,32,0.6743000417482108,0.015562490336358512,29.21643878803719
Noisy,train__7168_8704_y0_x256,7168_8704,test,roi03,64,128,32,32,0.6957620330358623,0.01718589596627084,28.167562957687192
Noisy,train__7168_8704_y0_x256,7168_8704,test,roi04,160,160,32,32,0.6968588937015738,0.017628584237740882,27.546869968794105
Noisy,train__7168_8704_y0_x256,7168_8704,test,roi05,96,96,32,32,0.6990547179157147,0.017900802610811256,27.29919486096567
Noisy,train__7168_8704_y256_x0,7168_8704,test,roi01,128,32,32,32,0.6795362885604845,0.017202053458117324,26.843863065235258
Noisy,train__7168_8704_y256_x0,7168_8704,test,roi02,64,0,32,32,0.7080638792394893,0.018758522727037773,26.72675585274325
Noisy,train__7168_8704_y256_x0,7168_8704,test,roi03,96,0,32,32,0.6825800556252943,0.01799949730111018,25.88491914764158
Noisy,train__7168_8704_y256_x0,7168_8704,test,roi04,64,64,32,32,0.6512648125644773,0.016974041702957417,24.98791174825169
Noisy,train__7168_8704_y256_x0,7168_8704,test,roi05,160,64,32,32,0.6651117638684809,0.017961240684258972,24.62934861865824
Noisy,train__7168_8704_y256_x256,7168_8704,test,roi01,128,224,32,32,0.7005467515409691,0.016821532429069933,29.174853906086067
Noisy,train__7168_8704_y256_x256,7168_8704,test,roi02,32,64,32,32,0.690566226709052,0.016346989362178092,29.1724489999691
Noisy,train__7168_8704_y256_x256,7168_8704,test,roi03,224,0,32,32,0.6805013663251884,0.016564153739474865,27.956883089466512
Noisy,train__7168_8704_y256_x256,7168_8704,test,roi04,224,64,32,32,0.6767759283829946,0.017154819133437672,26.69953286455198
Noisy,train__7168_8704_y256_x256,7168_8704,test,roi05,224,128,32,32,0.674397738679545,0.017036738725032315,26.69597258469556
Noisy,train__7680_13824_y0_x0,7680_13824,test,roi01,224,64,32,32,0.7295880935853347,0.014514015138517064,36.67481267047028
Noisy,train__7680_13824_y0_x0,7680_13824,test,roi02,128,0,32,32,0.6957389483577572,0.018709063956052027,25.872629726372605
Noisy,train__7680_13824_y0_x0,7680_13824,test,roi03,32,96,32,32,0.7063428961700993,0.020200435986875327,24.698491027328483
Noisy,train__7680_13824_y0_x0,7680_13824,test,roi04,224,0,32,32,0.7247199021076085,0.02278813033801868,23.04791699539344
Noisy,train__7680_13824_y0_x0,7680_13824,test,roi05,32,224,32,32,0.6583847027068259,0.019499081309724216,22.230299462476896
Noisy,train__7680_13824_y0_x256,7680_13824,test,roi01,64,64,32,32,0.6971754576807143,0.01728660325371706,28.11735837622117
Noisy,train__7680_13824_y0_x256,7680_13824,test,roi02,32,64,32,32,0.7181260255310917,0.01834407811355304,28.11288664127892
Noisy,train__7680_13824_y0_x256,7680_13824,test,roi03,0,64,32,32,0.7017763120966265,0.018289518129471927,26.927444929581714
Noisy,train__7680_13824_y0_x256,7680_13824,test,roi04,64,32,32,32,0.694850313506322,0.0179730019033673,26.86345668774322
Noisy,train__7680_13824_y0_x256,7680_13824,test,roi05,32,32,32,32,0.6912249388260534,0.01931571877741054,24.73591180121405
Noisy,train__7680_13824_y256_x256,7680_13824,test,roi01,96,96,32,32,0.7223290416586678,0.018074556564476686,28.867056437167758
Noisy,train__7680_13824_y256_x256,7680_13824,test,roi02,96,64,32,32,0.6810144378396217,0.017869914920571557,25.953154595723294
Noisy,train__7680_13824_y256_x256,7680_13824,test,roi03,96,224,32,32,0.682604651155998,0.019825425763477227,23.502602937193004
Noisy,train__7680_13824_y256_x256,7680_13824,test,roi04,0,32,32,32,0.6835125569268712,0.019959770630013418,23.406552316498
Noisy,train__7680_13824_y256_x256,7680_13824,test,roi05,128,192,32,32,0.6595980969432276,0.01987785565463323,21.887152067618484
Noisy,train__7680_15360_y0_x0,7680_15360,test,roi01,160,224,32,32,0.7553064407402417,0.013826070011199308,41.2617482018816
Noisy,train__7680_15360_y0_x0,7680_15360,test,roi02,160,160,32,32,0.7180531471676659,0.014235761184874521,36.21866898871655
Noisy,train__7680_15360_y0_x0,7680_15360,test,roi03,32,32,32,32,0.7368477748241276,0.015493337404596465,35.04375003814161
Noisy,train__7680_15360_y0_x0,7680_15360,test,roi04,192,128,32,32,0.7224292325263377,0.015726611467635716,33.18604246583162
Noisy,train__7680_15360_y0_x0,7680_15360,test,roi05,128,128,32,32,0.7150698450423079,0.01542574206727852,33.1475063603887
Noisy,train__7680_15360_y0_x256,7680_15360,test,roi01,32,96,32,32,0.6761807229486294,0.015489801723185558,29.517509536803896
Noisy,train__7680_15360_y0_x256,7680_15360,test,roi02,128,192,32,32,0.7455297498236177,0.01939867745387893,28.652190810097014
Noisy,train__7680_15360_y0_x256,7680_15360,test,roi03,0,0,32,32,0.6473784104164224,0.014914326807651963,28.100417248351466
Noisy,train__7680_15360_y0_x256,7680_15360,test,roi04,32,128,32,32,0.6821445492532803,0.016783156227368264,27.72548737389231
Noisy,train__7680_15360_y0_x256,7680_15360,test,roi05,0,64,32,32,0.6800781509082299,0.01708774797158058,27.066544527223396
Noisy,train__7680_20480_y0_x0,7680_20480,test,roi01,32,96,32,32,0.7305477291520219,0.012447396167330009,42.87643595452909
Noisy,train__7680_20480_y0_x0,7680_20480,test,roi02,64,96,32,32,0.7302995907957666,0.012618403767992462,42.26663705827159
Noisy,train__7680_20480_y0_x0,7680_20480,test,roi03,0,96,32,32,0.7242730621073861,0.012588981815015225,41.66909414935676
Noisy,train__7680_20480_y0_x0,7680_20480,test,roi04,96,0,32,32,0.7151921533950372,0.015384388915938841,33.247977483713775
Noisy,train__7680_20480_y0_x0,7680_20480,test,roi05,128,128,32,32,0.6730450335162459,0.013813652314838054,32.79289262654322
Noisy,train__7680_20480_y0_x256,7680_20480,test,roi01,224,192,32,32,0.7203658645739779,0.01212516962441211,42.79750262616016
Noisy,train__7680_20480_y0_x256,7680_20480,test,roi02,128,0,32,32,0.7974467092572013,0.014928942357977164,42.59653757490327
Noisy,train__7680_20480_y0_x256,7680_20480,test,roi03,128,224,32,32,0.7642891079303809,0.014137551453122298,41.318176095621546
Noisy,train__7680_20480_y0_x256,7680_20480,test,roi04,160,224,32,32,0.7124173235497437,0.012752372400443938,39.79953117398859
Noisy,train__7680_20480_y0_x256,7680_20480,test,roi05,224,224,32,32,0.7210967319842894,0.013209875544620032,39.363012552392576
Noisy,train__7680_20480_y256_x0,7680_20480,test,roi01,128,64,32,32,0.7403928528074175,0.011388749857609664,48.133604069109104
Noisy,train__7680_20480_y256_x0,7680_20480,test,roi02,96,0,32,32,0.7351141865656245,0.011524529437932488,46.89066657345334
Noisy,train__7680_20480_y256_x0,7680_20480,test,roi03,224,32,32,32,0.7286053868592717,0.011981683750637863,44.306444804311205
Noisy,train__7680_20480_y256_x0,7680_20480,test,roi04,192,32,32,32,0.7261529855604749,0.012440928669572093,42.38414771463582
Noisy,train__7680_20480_y256_x0,7680_20480,test,roi05,128,0,32,32,0.731281165004475,0.012645406306529577,42.2898346899433
Noisy,train__7680_20480_y256_x256,7680_20480,test,roi01,96,192,32,32,0.8195932637900114,0.01041814062787187,64.47725578332678
Noisy,train__7680_20480_y256_x256,7680_20480,test,roi02,192,0,32,32,0.7328603546775412,0.010894932589889317,49.2967069806852
Noisy,train__7680_20480_y256_x256,7680_20480,test,roi03,64,32,32,32,0.7357306605845224,0.011632650540143747,46.53278313967547
Noisy,train__7680_20480_y256_x256,7680_20480,test,roi04,0,32,32,32,0.7411640961945523,0.012505606141592084,43.9262368627542
Noisy,train__7680_20480_y256_x256,7680_20480,test,roi05,96,224,32,32,0.7836660255270544,0.014244052306091597,43.115008732643496
Noisy,train__7680_6656_y0_x0,7680_6656,test,roi01,0,128,32,32,0.6794856817796244,0.020984163342091237,22.002344540342722
Noisy,train__7680_6656_y0_x0,7680_6656,test,roi02,32,64,32,32,0.6162157903818297,0.017779489055206314,21.357301052738084
Noisy,train__7680_6656_y0_x0,7680_6656,test,roi03,160,0,32,32,0.5959628236305434,0.017207252926846914,20.6408128397734
Noisy,train__7680_6656_y0_x0,7680_6656,test,roi04,192,64,32,32,0.5778553721902426,0.01640596676982963,20.35337727144448
Noisy,train__7680_6656_y0_x0,7680_6656,test,roi05,96,64,32,32,0.5764881691429764,0.017301100820314733,19.209101930184303
Noisy,train__7680_6656_y0_x256,7680_6656,test,roi01,96,0,32,32,0.6450584311241983,0.016916509762221622,24.59729491562485
Noisy,train__7680_6656_y0_x256,7680_6656,test,roi02,192,96,32,32,0.643850887339795,0.017678518236106243,23.449022117791827
Noisy,train__7680_6656_y0_x256,7680_6656,test,roi03,64,0,32,32,0.6199707267951453,0.01684659953535556,22.815506552301297
Noisy,train__7680_6656_y0_x256,7680_6656,test,roi04,96,32,32,32,0.6256641868676525,0.01747098916449306,22.406039580422306
Noisy,train__7680_6656_y0_x256,7680_6656,test,roi05,128,0,32,32,0.648081680170435,0.019711406886259907,21.307959730936677
Noisy,train__7680_6656_y256_x0,7680_6656,test,roi01,32,128,32,32,0.6824608884635381,0.014462856798873118,32.20337937099199
Noisy,train__7680_6656_y256_x0,7680_6656,test,roi02,32,192,32,32,0.6792453876987565,0.01507179186415358,30.611774689335817
Noisy,train__7680_6656_y256_x0,7680_6656,test,roi03,0,128,32,32,0.677752111281734,0.017093104712025936,26.873287918471092
Noisy,train__7680_6656_y256_x0,7680_6656,test,roi04,32,96,32,32,0.6893541852768976,0.018744179790842322,25.352359935799594
Noisy,train__7680_6656_y256_x0,7680_6656,test,roi05,160,128,32,32,0.6641653704791679,0.017433551208041,25.302684122112282
Noisy,train__7680_6656_y256_x256,7680_6656,test,roi01,96,192,32,32,0.6371200233188574,0.018407103864779707,22.052460131466717
Noisy,train__7680_6656_y256_x256,7680_6656,test,roi02,128,192,32,32,0.6231680210621562,0.01761811407045811,22.041995012717404
Noisy,train__7680_6656_y256_x256,7680_6656,test,roi03,96,224,32,32,0.6490721426671371,0.0196308834386678,21.460809326424208
Noisy,train__7680_6656_y256_x256,7680_6656,test,roi04,64,160,32,32,0.5906312530278228,0.0164295520645151,21.232792938199427
Noisy,train__7680_6656_y256_x256,7680_6656,test,roi05,160,224,32,32,0.6096750406577485,0.017858735884296442,20.81354792462517
Noisy,train__8192_15360_y0_x0,8192_15360,test,roi01,96,224,32,32,0.6945622967177769,0.014056396376683784,34.32008966551966
Noisy,train__8192_15360_y0_x0,8192_15360,test,roi02,64,160,32,32,0.73508713953197,0.01643058572693689,32.88702616483232
Noisy,train__8192_15360_y0_x0,8192_15360,test,roi03,96,160,32,32,0.7309994392853696,0.017410074258900846,30.692584781040484
Noisy,train__8192_15360_y0_x0,8192_15360,test,roi04,128,96,32,32,0.7417620854103006,0.018446952202479834,29.826661082705737
Noisy,train__8192_15360_y0_x0,8192_15360,test,roi05,192,64,32,32,0.7303764917596709,0.01892378807681179,28.18937823388679
Noisy,train__8192_15360_y0_x256,8192_15360,test,roi01,32,192,32,32,0.6953511398169212,0.013544665097304046,35.69768644489636
Noisy,train__8192_15360_y0_x256,8192_15360,test,roi02,32,32,32,32,0.7331379716924857,0.016145011759216874,33.29147686935122
Noisy,train__8192_15360_y0_x256,8192_15360,test,roi03,64,0,32,32,0.7487836593209067,0.017466692282064475,32.09977936359101
Noisy,train__8192_15360_y0_x256,8192_15360,test,roi04,64,192,32,32,0.693937370844651,0.015347074806587088,31.377254670583998
Noisy,train__8192_15360_y0_x256,8192_15360,test,roi05,32,0,32,32,0.7075874505972024,0.01644405536062743,30.447477174118728
Noisy,train__8192_15360_y256_x0,8192_15360,test,roi01,64,64,32,32,0.7039576286624651,0.016243269979322947,30.50841016512717
Noisy,train__8192_15360_y256_x0,8192_15360,test,roi02,224,224,32,32,0.69709537345625,0.01775280720520997,27.372682758110376
Noisy,train__8192_15360_y256_x0,8192_15360,test,roi03,224,128,32,32,0.6240939372219145,0.015518950489830069,25.097911275146796
Noisy,train__8192_15360_y256_x0,8192_15360,test,roi04,96,96,32,32,0.6649255074880784,0.01877425116587713,23.549590692163438
Noisy,train__8192_15360_y256_x0,8192_15360,test,roi05,224,96,32,32,0.6278192770696478,0.01741739946865358,22.630074332831775
Noisy,train__8192_15360_y256_x256,8192_15360,test,roi01,0,128,32,32,0.6141107232833747,0.012466698394389146,30.251151389157243
Noisy,train__8192_15360_y256_x256,8192_15360,test,roi02,0,64,32,32,0.7090301866555819,0.017858649446054135,28.150158112876003
Noisy,train__8192_15360_y256_x256,8192_15360,test,roi03,192,128,32,32,0.6485703824728262,0.015257882166002004,27.568933646521174
Noisy,train__8192_15360_y256_x256,8192_15360,test,roi04,192,160,32,32,0.6891816814604681,0.017408935677429207,27.283195185589747
Noisy,train__8192_15360_y256_x256,8192_15360,test,roi05,192,192,32,32,0.6874685448565288,0.017385011486513294,27.18508414755954
Noisy,train__8192_16384_y256_x0,8192_16384,test,roi01,224,0,32,32,0.7331449851335492,0.017159366924531544,31.324090893938738
Noisy,train__8192_16384_y256_x0,8192_16384,test,roi02,160,0,32,32,0.7154528091778047,0.016646896666329104,30.748837601410305
Noisy,train__8192_16384_y256_x0,8192_16384,test,roi03,224,32,32,32,0.7147404107672628,0.01785841859495774,28.605772233830002
Noisy,train__8192_16384_y256_x0,8192_16384,test,roi04,160,32,32,32,0.7085700658790302,0.017825097191246902,28.166552634919583
Noisy,train__8192_16384_y256_x0,8192_16384,test,roi05,192,32,32,32,0.7123892336821882,0.019021569734953746,26.680154547588362
Noisy,train__8192_16384_y256_x256,8192_16384,test,roi01,96,0,32,32,0.7241790232947096,0.01777616529032699,29.502159167334828
Noisy,train__8192_16384_y256_x256,8192_16384,test,roi02,64,128,32,32,0.6866413640091196,0.017489149730346463,26.95822095628912
Noisy,train__8192_16384_y256_x256,8192_16384,test,roi03,32,224,32,32,0.6971480901702307,0.02076069404449185,23.410366656645948
Noisy,train__8192_16384_y256_x256,8192_16384,test,roi04,64,160,32,32,0.6892893478070619,0.02070821971364253,22.943536990158393
Noisy,train__8192_16384_y256_x256,8192_16384,test,roi05,64,0,32,32,0.6766863078664755,0.020398685408941637,22.44773866914203
Noisy,train__8192_22528_y0_x256,8192_22528,test,roi01,192,32,32,32,0.6567033039755188,0.01640617340228725,26.286399569093852
Noisy,train__8192_22528_y0_x256,8192_22528,test,roi02,192,64,32,32,0.6705504541168921,0.017779384075747213,25.28984747732175
Noisy,train__8192_22528_y0_x256,8192_22528,test,roi03,224,32,32,32,0.6776758763444377,0.01851471844700428,24.804297980210894
Noisy,train__8192_22528_y0_x256,8192_22528,test,roi04,160,224,32,32,0.7054203551379032,0.020537531477640925,24.22968300667677
Noisy,train__8192_22528_y0_x256,8192_22528,test,roi05,96,192,32,32,0.6371895235351985,0.01758713052715402,23.085658474879963
Noisy,train__8192_22528_y256_x0,8192_22528,test,roi01,128,128,32,32,0.6967317878443282,0.01291929858760308,37.57442255097046
Noisy,train__8192_22528_y256_x0,8192_22528,test,roi02,192,192,32,32,0.7037264914833941,0.014764493976160354,33.54202152916025
Noisy,train__8192_22528_y256_x0,8192_22528,test,roi03,128,160,32,32,0.7047421511160792,0.015212050334424295,32.64921484224861
Noisy,train__8192_22528_y256_x0,8192_22528,test,roi04,160,160,32,32,0.7046002386050532,0.015511157879634127,32.00673348146001
Noisy,train__8192_22528_y256_x0,8192_22528,test,roi05,128,192,32,32,0.7042087156587513,0.015753301888507067,31.47974429230882
Noisy,train__8192_22528_y256_x256,8192_22528,test,roi01,128,192,32,32,0.6677638866240159,0.01571786829094566,28.36953459751784
Noisy,train__8192_22528_y256_x256,8192_22528,test,roi02,192,0,32,32,0.6839728622726398,0.01674861167587066,27.931800281655782
Noisy,train__8192_22528_y256_x256,8192_22528,test,roi03,192,32,32,32,0.6816020030601067,0.016991716454499428,27.34163389670547
Noisy,train__8192_22528_y256_x256,8192_22528,test,roi04,128,160,32,32,0.6786511078753392,0.017437536183580307,26.412408345515516
Noisy,train__8192_22528_y256_x256,8192_22528,test,roi05,160,224,32,32,0.6433697187312646,0.016001318226096982,25.86815593138231
Noisy,train__8192_23040_y0_x0,8192_23040,test,roi01,0,224,32,32,0.6870504997641547,0.021808534770061803,21.64466316527495
Noisy,train__8192_23040_y0_x0,8192_23040,test,roi02,224,128,32,32,0.6334819397088722,0.019599025369184418,20.47547571259737
Noisy,train__8192_23040_y0_x0,8192_23040,test,roi03,224,96,32,32,0.6140492196645937,0.018908877126587807,19.94071047405119
Noisy,train__8192_23040_y0_x0,8192_23040,test,roi04,0,192,32,32,0.6676847317721695,0.02243486809843661,19.870983822398316
Noisy,train__8192_23040_y0_x0,8192_23040,test,roi05,192,192,32,32,0.5881559949557413,0.018705899577102465,18.49296116321619
Noisy,train__8192_23040_y0_x256,8192_23040,test,roi01,0,160,32,32,0.6801222207286628,0.01916585074678089,24.13491794548076
Noisy,train__8192_23040_y0_x256,8192_23040,test,roi02,128,64,32,32,0.6840955383522669,0.0196388988397505,23.829579724003676
Noisy,train__8192_23040_y0_x256,8192_23040,test,roi03,32,160,32,32,0.6727216578728985,0.02068224690649385,21.881299020232042
Noisy,train__8192_23040_y0_x256,8192_23040,test,roi04,128,32,32,32,0.664045027559041,0.02340986541488553,18.836323524760587
Noisy,train__8192_23040_y0_x256,8192_23040,test,roi05,32,0,32,32,0.6558616364054615,0.02348947991084056,18.312644117332304
Noisy,train__8192_23040_y256_x0,8192_23040,test,roi01,96,96,32,32,0.6696666971838567,0.016526797380233667,27.134929714422068
Noisy,train__8192_23040_y256_x0,8192_23040,test,roi02,96,64,32,32,0.6933177260798402,0.01838854900207832,26.14069599739444
Noisy,train__8192_23040_y256_x0,8192_23040,test,roi03,160,128,32,32,0.6976039866858628,0.01881191159017748,25.86931795353064
Noisy,train__8192_23040_y256_x0,8192_23040,test,roi04,192,160,32,32,0.6819669246906415,0.019821905675045465,23.462874558903597
Noisy,train__8192_23040_y256_x0,8192_23040,test,roi05,128,96,32,32,0.6537306334939785,0.018406262128208416,23.21838829587701
Noisy,train__8192_23040_y256_x256,8192_23040,test,roi01,192,64,32,32,0.6804480780265294,0.01686498072281991,27.453905492076974
Noisy,train__8192_23040_y256_x256,8192_23040,test,roi02,224,160,32,32,0.6552683694826555,0.016318243559934664,26.31267479661133
Noisy,train__8192_23040_y256_x256,8192_23040,test,roi03,96,64,32,32,0.6976848078265903,0.01953229659916214,24.920986049992013
Noisy,train__8192_23040_y256_x256,8192_23040,test,roi04,192,160,32,32,0.647068786638556,0.01715612549370878,24.40516157307379
Noisy,train__8192_23040_y256_x256,8192_23040,test,roi05,192,128,32,32,0.6519726476399228,0.019424626693250173,21.882960222773143
Noisy,train__8192_4096_y0_x0,8192_4096,test,roi01,224,160,32,32,0.6431554388545919,0.018077873372677574,22.881503260965466
Noisy,train__8192_4096_y0_x0,8192_4096,test,roi02,128,224,32,32,0.6103294253480271,0.018802757263341213,19.81103102213107
Noisy,train__8192_4096_y0_x0,8192_4096,test,roi03,128,192,32,32,0.5958756217296468,0.019017913663540817,18.67017396615868
Noisy,train__8192_4096_y0_x0,8192_4096,test,roi04,96,192,32,32,0.5938629711381509,0.019152944561969067,18.413525259678128
Noisy,train__8192_4096_y0_x0,8192_4096,test,roi05,32,128,32,32,0.5397393680323148,0.016437429306086358,17.722879896800823
Noisy,train__8192_4096_y0_x256,8192_4096,test,roi01,224,64,32,32,0.7699773108761292,0.017228006233016062,34.41286538008432
Noisy,train__8192_4096_y0_x256,8192_4096,test,roi02,96,224,32,32,0.697209675272461,0.015636379122712936,31.08784504894962
Noisy,train__8192_4096_y0_x256,8192_4096,test,roi03,128,64,32,32,0.6568977831411758,0.015411047092759806,28.000349028750886
Noisy,train__8192_4096_y0_x256,8192_4096,test,roi04,224,224,32,32,0.6473394198983442,0.015019345891356648,27.900570876091162
Noisy,train__8192_4096_y0_x256,8192_4096,test,roi05,160,192,32,32,0.6815979103412246,0.018908892624442026,24.569165450810374
Noisy,train__8192_4096_y256_x0,8192_4096,test,roi01,64,96,32,32,0.7396737864473835,0.014473150029166425,37.802227521642045
Noisy,train__8192_4096_y256_x0,8192_4096,test,roi02,96,32,32,32,0.7247599693073425,0.016375293533329643,32.0774105234359
Noisy,train__8192_4096_y256_x0,8192_4096,test,roi03,128,32,32,32,0.7046872422361048,0.018179218302269328,27.31603202698422
Noisy,train__8192_4096_y256_x0,8192_4096,test,roi04,64,224,32,32,0.6580127021152293,0.017051837885905866,25.392026304851523
Noisy,train__8192_4096_y256_x0,8192_4096,test,roi05,64,64,32,32,0.684185619087657,0.019304829528883828,24.24833436969623
Noisy,train__8192_4608_y0_x0,8192_4608,test,roi01,0,32,32,32,0.7255544342187932,0.01995986606120599,26.37438725291455
Noisy,train__8192_4608_y0_x0,8192_4608,test,roi02,0,224,32,32,0.6385339202024625,0.015468985110872174,26.35761585694204
Noisy,train__8192_4608_y0_x0,8192_4608,test,roi03,0,64,32,32,0.709857917347108,0.01928199878849402,26.133092753903732
Noisy,train__8192_4608_y0_x0,8192_4608,test,roi04,160,64,32,32,0.6605901739021647,0.017441127409198273,25.020135890180477
Noisy,train__8192_4608_y0_x0,8192_4608,test,roi05,128,192,32,32,0.6740842158033047,0.018614472442008888,24.41055105970643
Noisy,train__8192_4608_y256_x0,8192_4608,test,roi01,96,224,32,32,0.6499080930952914,0.014314402633660947,29.50738080243122
Noisy,train__8192_4608_y256_x0,8192_4608,test,roi02,32,64,32,32,0.6704840851598419,0.016771597458629738,26.804179480310456
Noisy,train__8192_4608_y256_x0,8192_4608,test,roi03,0,64,32,32,0.6489553080900805,0.01572819878216622,26.776301452637664
Noisy,train__8192_4608_y256_x0,8192_4608,test,roi04,224,96,32,32,0.6470099488651613,0.016086589001446168,26.023035330414977
Noisy,train__8192_4608_y256_x0,8192_4608,test,roi05,0,192,32,32,0.6279496857241611,0.016664331192358654,23.66256426671876
Noisy,train__8192_4608_y256_x256,8192_4608,test,roi01,0,160,32,32,0.6584181041253032,0.01509459690190999,28.71983946686937
Noisy,train__8192_4608_y256_x256,8192_4608,test,roi02,64,224,32,32,0.7053750356135424,0.017389848516652665,28.61174669752554
Noisy,train__8192_4608_y256_x256,8192_4608,test,roi03,224,0,32,32,0.6680506165721454,0.01634652127823252,27.301932852020194
Noisy,train__8192_4608_y256_x256,8192_4608,test,roi04,0,128,32,32,0.6240800153682358,0.01572135430836465,24.773684120508257
Noisy,train__8192_4608_y256_x256,8192_4608,test,roi05,224,32,32,32,0.639868026766635,0.016640747741848746,24.604128253718745
Noisy,train__8192_5120_y0_x0,8192_5120,test,roi01,128,96,32,32,0.6333622367237695,0.013396044873830218,29.94523582788204
Noisy,train__8192_5120_y0_x0,8192_5120,test,roi02,96,160,32,32,0.6087731091538444,0.016810257181632045,22.04634315968615
Noisy,train__8192_5120_y0_x0,8192_5120,test,roi03,32,224,32,32,0.6200904099823674,0.019401607484990164,19.818570025683385
Noisy,train__8192_5120_y0_x0,8192_5120,test,roi04,64,160,32,32,0.5593428382271668,0.016596934197604184,18.85073513885386
Noisy,train__8192_5120_y0_x0,8192_5120,test,roi05,192,128,32,32,0.6515800347260665,0.023218390007238476,18.285356629863827
Noisy,train__8192_5120_y0_x256,8192_5120,test,roi01,192,0,32,32,0.6414038210496074,0.014910383312557916,27.59143430675896
Noisy,train__8192_5120_y0_x256,8192_5120,test,roi02,160,0,32,32,0.6351210227439879,0.015318949824032129,26.332008275042124
Noisy,train__8192_5120_y0_x256,8192_5120,test,roi03,64,224,32,32,0.6825659745227313,0.02053460936852399,22.688345379011903
Noisy,train__8192_5120_y0_x256,8192_5120,test,roi04,192,64,32,32,0.6106347634631675,0.017563280471155733,21.230362685495614
Noisy,train__8192_5120_y0_x256,8192_5120,test,roi05,32,192,32,32,0.5993280674883863,0.017207628159597387,20.87412217116202
Noisy,train__8192_5120_y256_x0,8192_5120,test,roi01,96,128,32,32,0.6903471810510382,0.013491603694128818,35.324135009428815
Noisy,train__8192_5120_y256_x0,8192_5120,test,roi02,0,0,32,32,0.7018901875708252,0.015377599187670897,32.03684979663105
Noisy,train__8192_5120_y256_x0,8192_5120,test,roi03,0,32,32,32,0.6871431779582053,0.015965978094159863,29.573242818566417
Noisy,train__8192_5120_y256_x0,8192_5120,test,roi04,64,0,32,32,0.6756510682462249,0.01674062275696841,27.269258297588806
Noisy,train__8192_5120_y256_x0,8192_5120,test,roi05,0,128,32,32,0.6498322152910987,0.01593299042591994,26.503619015747642
Noisy,train__8192_5120_y256_x256,8192_5120,test,roi01,192,96,32,32,0.6532748097306467,0.018166043527309286,23.492621075527307
Noisy,train__8192_5120_y256_x256,8192_5120,test,roi02,224,96,32,32,0.6138447230187012,0.019188408984920878,19.637133244033766
Noisy,train__8192_5120_y256_x256,8192_5120,test,roi03,0,224,32,32,0.5013520515785785,0.014042162258955208,17.899941261663745
Noisy,train__8192_5120_y256_x256,8192_5120,test,roi04,192,64,32,32,0.6072068148860126,0.022023004768090656,16.741589984043845
Noisy,train__8192_5120_y256_x256,8192_5120,test,roi05,0,192,32,32,0.5116174129070714,0.016437100504715533,15.924486019577017
Noisy,train__8192_7168_y0_x0,8192_7168,test,roi01,224,96,32,32,0.592445109054097,0.013738841225113716,25.547366149084798
Noisy,train__8192_7168_y0_x0,8192_7168,test,roi02,192,32,32,32,0.5940965948684607,0.014346772101597493,24.60140591450528
Noisy,train__8192_7168_y0_x0,8192_7168,test,roi03,192,0,32,32,0.5839879583509173,0.013982089200317361,24.391343139988827
Noisy,train__8192_7168_y0_x0,8192_7168,test,roi04,32,128,32,32,0.580097846177523,0.013824849308288074,24.34120644903228
Noisy,train__8192_7168_y0_x0,8192_7168,test,roi05,0,96,32,32,0.5871606152213644,0.014223119267349118,24.239239057677295
Noisy,train__8192_7168_y0_x256,8192_7168,test,roi01,0,0,32,32,0.6030573963289498,0.012399205338529756,29.330768653128494
Noisy,train__8192_7168_y0_x256,8192_7168,test,roi02,160,224,32,32,0.5597589678800432,0.011140812157866335,28.124529673619378
Noisy,train__8192_7168_y0_x256,8192_7168,test,roi03,160,0,32,32,0.5603677670078469,0.013081384383421487,24.004495632688492
Noisy,train__8192_7168_y0_x256,8192_7168,test,roi04,224,32,32,32,0.6088100900669815,0.01572975017639892,23.563611730051047
Noisy,train__8192_7168_y0_x256,8192_7168,test,roi05,32,32,32,32,0.6106630642170785,0.016308088596568265,22.866528826527446
Noisy,train__8192_7168_y256_x0,8192_7168,test,roi01,32,128,32,32,0.6129996531817596,0.01487476478252587,25.262152396681376
Noisy,train__8192_7168_y256_x0,8192_7168,test,roi02,32,96,32,32,0.6166476246871753,0.017124116704326814,22.20577560863359
Noisy,train__8192_7168_y256_x0,8192_7168,test,roi03,224,64,32,32,0.5378582476114389,0.013089851174536399,22.100441835916723
Noisy,train__8192_7168_y256_x0,8192_7168,test,roi04,0,224,32,32,0.6022601708245929,0.01858220349276849,19.519607214656972
Noisy,train__8192_7168_y256_x0,8192_7168,test,roi05,96,224,32,32,0.5939161419373704,0.018389459056991957,19.1814442480653
Noisy,train__8192_7168_y256_x256,8192_7168,test,roi01,192,160,32,32,0.6285370383848203,0.014088786514584981,28.040655468275332
Noisy,train__8192_7168_y256_x256,8192_7168,test,roi02,192,192,32,32,0.6078734375478234,0.01326570489210376,27.854540643079865
Noisy,train__8192_7168_y256_x256,8192_7168,test,roi03,160,160,32,32,0.6365476275823312,0.015879777816593832,25.51628157903326
Noisy,train__8192_7168_y256_x256,8192_7168,test,roi04,128,160,32,32,0.673237577007967,0.02030603753592581,22.320890242306618
Noisy,train__8192_7168_y256_x256,8192_7168,test,roi05,192,96,32,32,0.6222388537862571,0.01737243434483132,22.287100556890575
Noisy,train__8704_12288_y0_x0,8704_12288,test,roi01,128,160,32,32,0.7333258609578479,0.017473460911475485,30.77620518762811
Noisy,train__8704_12288_y0_x0,8704_12288,test,roi02,192,96,32,32,0.7273999957978958,0.019649816296383255,26.927007657784923
Noisy,train__8704_12288_y0_x0,8704_12288,test,roi03,32,224,32,32,0.7018085877061822,0.024496207309071,20.106593954067293
Noisy,train__8704_12288_y0_x0,8704_12288,test,roi04,160,160,32,32,0.6733670705434633,0.022611090174914958,20.05313358111849
Noisy,train__8704_12288_y0_x0,8704_12288,test,roi05,32,192,32,32,0.6912400902947411,0.023833173950236403,20.04822620052007
Noisy,train__8704_12288_y256_x0,8704_12288,test,roi01,96,192,32,32,0.6759328999614809,0.016114916934067174,28.351699677984378
Noisy,train__8704_12288_y256_x0,8704_12288,test,roi02,96,160,32,32,0.6742510392941767,0.01665986486000763,27.288004303119493
Noisy,train__8704_12288_y256_x0,8704_12288,test,roi03,160,224,32,32,0.6642081715690438,0.0167186270774982,26.388081577157234
Noisy,train__8704_12288_y256_x0,8704_12288,test,roi04,128,224,32,32,0.6891243648133241,0.018431365490872258,25.765448057255863
Noisy,train__8704_12288_y256_x0,8704_12288,test,roi05,128,64,32,32,0.6865752878220519,0.01937081762572294,24.334833715122585
Noisy,train__8704_13824_y0_x0,8704_13824,test,roi01,160,160,32,32,0.7145998242485803,0.01924638846777306,26.532401633229004
Noisy,train__8704_13824_y0_x0,8704_13824,test,roi02,192,128,32,32,0.7214922372222645,0.0209718800123682,24.821382158633018
Noisy,train__8704_13824_y0_x0,8704_13824,test,roi03,160,64,32,32,0.6650460356177064,0.017985431486384134,24.591360503397443
Noisy,train__8704_13824_y0_x0,8704_13824,test,roi04,64,96,32,32,0.7017305662302533,0.020979751602604416,23.471478447852665
Noisy,train__8704_13824_y0_x0,8704_13824,test,roi05,160,96,32,32,0.698913517218898,0.020854310941712872,23.423459346922424
Noisy,train__8704_13824_y0_x256,8704_13824,test,roi01,96,0,32,32,0.695088082778966,0.016497441266406537,29.286204752561463
Noisy,train__8704_13824_y0_x256,8704_13824,test,roi02,192,96,32,32,0.6827718405984342,0.016396678867955733,28.431207933530423
Noisy,train__8704_13824_y0_x256,8704_13824,test,roi03,160,64,32,32,0.6773731892171782,0.016669061709240124,27.526110675798048
Noisy,train__8704_13824_y0_x256,8704_13824,test,roi04,128,32,32,32,0.6810373771586455,0.01718951233586325,26.982261045268608
Noisy,train__8704_13824_y0_x256,8704_13824,test,roi05,128,224,32,32,0.688261239156418,0.01876932539793422,25.238175761887774
Noisy,train__8704_13824_y256_x0,8704_13824,test,roi01,192,0,32,32,0.7316559856408276,0.019969442361797023,26.806981969018693
Noisy,train__8704_13824_y256_x0,8704_13824,test,roi02,192,32,32,32,0.7155460723588476,0.020169649933656955,25.384981065724496
Noisy,train__8704_13824_y256_x0,8704_13824,test,roi03,224,192,32,32,0.6836184677813435,0.01859441147012147,25.133046573840222
Noisy,train__8704_13824_y256_x0,8704_13824,test,roi04,32,64,32,32,0.7339887216076022,0.022581070913115356,23.858011230736444
Noisy,train__8704_13824_y256_x0,8704_13824,test,roi05,160,64,32,32,0.7066403419303242,0.021065777846236623,23.703875379688963
Noisy,train__8704_19456_y0_x0,8704_19456,test,roi01,128,128,32,32,0.7388551051990362,0.018423329723049123,29.631281352778686
Noisy,train__8704_19456_y0_x0,8704_19456,test,roi02,32,128,32,32,0.7072699522250332,0.023152079077885558,21.606300826702515
Noisy,train__8704_19456_y0_x0,8704_19456,test,roi03,32,0,32,32,0.6644280506006908,0.02102307013179119,20.999056353688754
Noisy,train__8704_19456_y0_x0,8704_19456,test,roi04,128,224,32,32,0.6634991238679504,0.021006891301323632,20.956508083887645
Noisy,train__8704_19456_y0_x0,8704_19456,test,roi05,32,160,32,32,0.6521728700608946,0.02040644890016456,20.842894053949514
Noisy,train__8704_19456_y0_x256,8704_19456,test,roi01,96,32,32,32,0.7512395806843415,0.01987614141961898,28.393886704273807
Noisy,train__8704_19456_y0_x256,8704_19456,test,roi02,64,64,32,32,0.7169375043158652,0.018978376842535012,27.08342179941688
Noisy,train__8704_19456_y0_x256,8704_19456,test,roi03,64,96,32,32,0.7288709876884241,0.0208463488897199,25.48421881953051
Noisy,train__8704_19456_y0_x256,8704_19456,test,roi04,160,192,32,32,0.6807963537939941,0.01969622694326504,23.53159702486478
Noisy,train__8704_19456_y0_x256,8704_19456,test,roi05,64,32,32,32,0.6861478685459588,0.020753492567625913,22.68528518638726
Noisy,train__8704_19456_y256_x0,8704_19456,test,roi01,96,96,32,32,0.6481066110281972,0.017020756007367466,24.678232804502862
Noisy,train__8704_19456_y256_x0,8704_19456,test,roi02,64,224,32,32,0.6883871102108969,0.021267687997325466,22.28153871563765
Noisy,train__8704_19456_y256_x0,8704_19456,test,roi03,128,0,32,32,0.6585007736211992,0.020881209122954356,20.766195401158217
Noisy,train__8704_19456_y256_x0,8704_19456,test,roi04,160,0,32,32,0.6694874159438768,0.02292678577317321,19.549770497339715
Noisy,train__8704_19456_y256_x0,8704_19456,test,roi05,224,128,32,32,0.6614124096086016,0.023430146569723836,18.67109001142765
Noisy,train__8704_19456_y256_x256,8704_19456,test,roi01,64,224,32,32,0.6771254820487229,0.01654751869742465,27.708016339094584
Noisy,train__8704_19456_y256_x256,8704_19456,test,roi02,32,224,32,32,0.6969281159545062,0.01949498064991708,24.91455659946826
Noisy,train__8704_19456_y256_x256,8704_19456,test,roi03,192,96,32,32,0.6972647594666341,0.020958271862857397,23.197434787344097
Noisy,train__8704_19456_y256_x256,8704_19456,test,roi04,0,224,32,32,0.6911854331701761,0.021538809860608642,22.180301795613886
Noisy,train__8704_19456_y256_x256,8704_19456,test,roi05,224,96,32,32,0.6793599657539744,0.02228504922360143,20.710295877670696
Noisy,train__8704_25088_y0_x0,8704_25088,test,roi01,96,224,32,32,0.7284346446685959,0.013159905671633457,40.32073213846991
Noisy,train__8704_25088_y0_x0,8704_25088,test,roi02,160,224,32,32,0.7074139464821201,0.012671649488907796,39.49245061706182
Noisy,train__8704_25088_y0_x0,8704_25088,test,roi03,128,224,32,32,0.7344855640549213,0.013730039631012826,39.29114979293623
Noisy,train__8704_25088_y0_x0,8704_25088,test,roi04,64,64,32,32,0.7336687903152779,0.014215288198395758,37.86556321407741
Noisy,train__8704_25088_y0_x0,8704_25088,test,roi05,96,128,32,32,0.7053622202656697,0.013273672837365615,37.482908300824114
Noisy,train__8704_25088_y0_x256,8704_25088,test,roi01,224,32,32,32,0.7205656688020099,0.011247133362754349,46.16419725007471
Noisy,train__8704_25088_y0_x256,8704_25088,test,roi02,160,32,32,32,0.7103382521308959,0.012640740688581974,39.91699892207658
Noisy,train__8704_25088_y0_x256,8704_25088,test,roi03,192,32,32,32,0.7323404829076026,0.01356965918499933,39.52365903914683
Noisy,train__8704_25088_y0_x256,8704_25088,test,roi04,192,64,32,32,0.7062952012638561,0.012852367677638064,38.814086543470836
Noisy,train__8704_25088_y0_x256,8704_25088,test,roi05,224,96,32,32,0.7307790190679953,0.013894405327233272,38.43546824298107
Noisy,train__8704_25088_y256_x0,8704_25088,test,roi01,192,128,32,32,0.7532660168071743,0.012789660565454792,44.36471860786788
Noisy,train__8704_25088_y256_x0,8704_25088,test,roi02,0,160,32,32,0.6938946159207262,0.011431866820751665,42.118207424333285
Noisy,train__8704_25088_y256_x0,8704_25088,test,roi03,160,160,32,32,0.7293903816607781,0.012871135448768388,41.33359725541249
Noisy,train__8704_25088_y256_x0,8704_25088,test,roi04,128,32,32,32,0.735592037497554,0.013302252396479317,40.67699435420528
Noisy,train__8704_25088_y256_x0,8704_25088,test,roi05,192,32,32,32,0.701952610630542,0.012199224743039262,40.39088367907836
Noisy,train__8704_25088_y256_x256,8704_25088,test,roi01,32,128,32,32,0.6931186015135609,0.01141715353593741,42.0782110227328
Noisy,train__8704_25088_y256_x256,8704_25088,test,roi02,64,160,32,32,0.7033499597455375,0.011899050119901737,41.574845125380016
Noisy,train__8704_25088_y256_x256,8704_25088,test,roi03,64,128,32,32,0.7098175075370818,0.012161258627389114,41.429995812392676
Noisy,train__8704_25088_y256_x256,8704_25088,test,roi04,0,128,32,32,0.7184727343847044,0.01252807182502963,41.20371253163797
Noisy,train__8704_25088_y256_x256,8704_25088,test,roi05,96,64,32,32,0.7668246324174106,0.014667215017642154,40.0907749818087
Noisy,train__9216_10240_y0_x0,9216_10240,test,roi01,224,160,32,32,0.7206413559324574,0.02389347660515131,21.734968605121583
Noisy,train__9216_10240_y0_x0,9216_10240,test,roi02,128,0,32,32,0.6498902965176967,0.020510664437041255,20.592087535940717
Noisy,train__9216_10240_y0_x0,9216_10240,test,roi03,32,96,32,32,0.6234875509690028,0.019775744149102742,19.657248965317063
Noisy,train__9216_10240_y0_x0,9216_10240,test,roi04,192,64,32,32,0.7201283738977509,0.02678585368557378,19.360401239401835
Noisy,train__9216_10240_y0_x0,9216_10240,test,roi05,32,64,32,32,0.6420002243467025,0.02128995325813603,19.359567541732684
Noisy,train__9216_10240_y0_x256,9216_10240,test,roi01,224,32,32,32,0.7646906779555138,0.017508212082450077,33.39871771020002
Noisy,train__9216_10240_y0_x256,9216_10240,test,roi02,0,160,32,32,0.7640606011264026,0.01900521630098566,30.717282715870112
Noisy,train__9216_10240_y0_x256,9216_10240,test,roi03,160,224,32,32,0.7311758923970046,0.01852258560222197,28.86304304936905
Noisy,train__9216_10240_y0_x256,9216_10240,test,roi04,32,128,32,32,0.7061329042626312,0.02007658407438844,24.83608150843096
Noisy,train__9216_10240_y0_x256,9216_10240,test,roi05,32,96,32,32,0.7165380647929851,0.02086206983462989,24.610539719554378
Noisy,train__9216_10240_y256_x256,9216_10240,test,roi01,96,224,32,32,0.717127790878294,0.015734284291995002,32.68482117814689
Noisy,train__9216_10240_y256_x256,9216_10240,test,roi02,0,64,32,32,0.7318408564024139,0.019424005416400568,27.573666070314975
Noisy,train__9216_10240_y256_x256,9216_10240,test,roi03,224,224,32,32,0.751469842660299,0.020490572753524134,27.55935284096789
Noisy,train__9216_10240_y256_x256,9216_10240,test,roi04,32,192,32,32,0.684934156757663,0.017156933350939787,27.343744333402892
Noisy,train__9216_10240_y256_x256,9216_10240,test,roi05,32,32,32,32,0.7094988859171281,0.020309653295818096,24.785685003362282
Noisy,train__9216_11776_y0_x0,9216_11776,test,roi01,160,192,32,32,0.7377794095809804,0.01268981906762049,42.89410702399613
Noisy,train__9216_11776_y0_x0,9216_11776,test,roi02,192,96,32,32,0.7440755548886955,0.012912924688404836,42.875525471008814
Noisy,train__9216_11776_y0_x0,9216_11776,test,roi03,224,0,32,32,0.7479015822755173,0.013069698402374652,42.7979865754662
Noisy,train__9216_11776_y0_x0,9216_11776,test,roi04,160,224,32,32,0.7461583178082947,0.013163900495459527,42.293865365097396
Noisy,train__9216_11776_y0_x0,9216_11776,test,roi05,224,128,32,32,0.738228767819237,0.012893982148557026,42.26636173037498
Noisy,train__9216_11776_y0_x256,9216_11776,test,roi01,96,192,32,32,0.6859035365632735,0.01183183951188186,39.76251207578951
Noisy,train__9216_11776_y0_x256,9216_11776,test,roi02,32,64,32,32,0.755944368429482,0.014474129259073857,39.480916463558884
Noisy,train__9216_11776_y0_x256,9216_11776,test,roi03,96,160,32,32,0.688634636142524,0.013018095605299557,36.42757562036158
Noisy,train__9216_11776_y0_x256,9216_11776,test,roi04,64,160,32,32,0.7154025162453763,0.014147082788465094,36.17712343264971
Noisy,train__9216_11776_y0_x256,9216_11776,test,roi05,160,192,32,32,0.7096201892418321,0.014074761378860589,35.7775737310851
Noisy,train__9216_11776_y256_x0,9216_11776,test,roi01,192,0,32,32,0.736907646729378,0.012010781303897265,45.21211951732284
Noisy,train__9216_11776_y256_x0,9216_11776,test,roi02,224,32,32,32,0.7390010520757642,0.012517155918295468,43.62992348532277
Noisy,train__9216_11776_y256_x0,9216_11776,test,roi03,192,32,32,32,0.7372071825520834,0.013131732947269444,41.38634498498453
Noisy,train__9216_11776_y256_x0,9216_11776,test,roi04,160,0,32,32,0.7160137456667144,0.012496655695560648,41.025030734086954
Noisy,train__9216_11776_y256_x0,9216_11776,test,roi05,160,128,32,32,0.7378726291062776,0.013327764495931692,40.8512633120435
Noisy,train__9216_11776_y256_x256,9216_11776,test,roi01,192,192,32,32,0.7356504468771163,0.012259370237394394,44.14432140565841
Noisy,train__9216_11776_y256_x256,9216_11776,test,roi02,224,96,32,32,0.7588351267622784,0.013369621420077183,43.07008639329137
Noisy,train__9216_11776_y256_x256,9216_11776,test,roi03,160,224,32,32,0.7596619657997508,0.013705291247464783,42.10682515699852
Noisy,train__9216_11776_y256_x256,9216_11776,test,roi04,224,64,32,32,0.7310662632517051,0.01277328126958153,41.84186271209551
Noisy,train__9216_11776_y256_x256,9216_11776,test,roi05,160,0,32,32,0.728439113649074,0.01268988292527792,41.81469170506374
Noisy,train__9216_16384_y0_x0,9216_16384,test,roi01,0,32,32,32,0.7094794092408847,0.020682856668040078,24.337113591983016
Noisy,train__9216_16384_y0_x0,9216_16384,test,roi02,192,224,32,32,0.6488971506769303,0.019209016799333137,21.920305268891045
Noisy,train__9216_16384_y0_x0,9216_16384,test,roi03,192,192,32,32,0.6257540378137492,0.019392389963339456,20.191844150228775
Noisy,train__9216_16384_y0_x0,9216_16384,test,roi04,128,0,32,32,0.6214855491853086,0.01996106032253533,19.349888312802126
Noisy,train__9216_16384_y0_x0,9216_16384,test,roi05,0,96,32,32,0.6442917501408374,0.02153287746171669,19.27804865083966
Noisy,train__9216_16384_y0_x256,9216_16384,test,roi01,128,224,32,32,0.6774785355228232,0.018938508103676005,24.235127898224505
Noisy,train__9216_16384_y0_x256,9216_16384,test,roi02,0,64,32,32,0.6865982772869756,0.019787386984332803,23.82412567898429
Noisy,train__9216_16384_y0_x256,9216_16384,test,roi03,224,64,32,32,0.6601052891637664,0.018528548632430964,23.517168096981717
Noisy,train__9216_16384_y0_x256,9216_16384,test,roi04,224,32,32,32,0.6192393482051557,0.016748182710103192,22.895461376488853
Noisy,train__9216_16384_y0_x256,9216_16384,test,roi05,192,128,32,32,0.6795618981705047,0.020572849796202657,22.44727288731479
Noisy,train__9216_16384_y256_x256,9216_16384,test,roi01,64,64,32,32,0.6093027110764524,0.020766675602616934,17.877189437019542
Noisy,train__9216_16384_y256_x256,9216_16384,test,roi02,0,0,32,32,0.6399411991951638,0.024164777164148846,16.947176282466206
Noisy,train__9216_16384_y256_x256,9216_16384,test,roi03,160,128,32,32,0.6862474095687503,0.03126657107904264,15.061949260418864
Noisy,train__9216_16384_y256_x256,9216_16384,test,roi04,224,128,32,32,0.6597036336315796,0.029194480383194266,14.907231727173892
Noisy,train__9216_16384_y256_x256,9216_16384,test,roi05,32,64,32,32,0.5641548149578739,0.023175193034375735,13.733247216886713
Noisy,train__9216_18432_y0_x256,9216_18432,test,roi01,0,0,32,32,0.661766113829799,0.016409747166679842,26.687455020795486
Noisy,train__9216_18432_y0_x256,9216_18432,test,roi02,0,96,32,32,0.7283664288697764,0.0200402252609395,26.472639294057515
Noisy,train__9216_18432_y0_x256,9216_18432,test,roi03,128,0,32,32,0.6666658031172119,0.01752824282530998,25.355838430316666
Noisy,train__9216_18432_y0_x256,9216_18432,test,roi04,128,224,32,32,0.6858815810410306,0.019596610898825723,24.005862321812664
Noisy,train__9216_18432_y0_x256,9216_18432,test,roi05,128,192,32,32,0.6874599804577883,0.02032031904539378,23.257569119622275
Noisy,train__9216_18432_y256_x256,9216_18432,test,roi01,224,160,32,32,0.7084063359216088,0.016319447254414816,30.751013128714835
Noisy,train__9216_18432_y256_x256,9216_18432,test,roi02,0,192,32,32,0.7193155203203787,0.018143573397433093,28.51780112108344
Noisy,train__9216_18432_y256_x256,9216_18432,test,roi03,64,160,32,32,0.664960188238183,0.017648493440013666,25.054379482570575
Noisy,train__9216_18432_y256_x256,9216_18432,test,roi04,64,128,32,32,0.6420167336909799,0.01649356438601577,24.9906858634335
Noisy,train__9216_18432_y256_x256,9216_18432,test,roi05,192,160,32,32,0.6978165442124009,0.02174541773753537,22.393128301968805
Noisy,train__9728_12800_y0_x256,9728_12800,test,roi01,0,128,32,32,0.6728542190685403,0.0159597681894589,28.367128816905744
Noisy,train__9728_12800_y0_x256,9728_12800,test,roi02,32,192,32,32,0.7243617435306078,0.018613496511861193,28.189219320311167
Noisy,train__9728_12800_y0_x256,9728_12800,test,roi03,96,64,32,32,0.722281268594088,0.019548804608069174,26.686554058990733
Noisy,train__9728_12800_y0_x256,9728_12800,test,roi04,192,96,32,32,0.7329974967578892,0.020178683518948602,26.6263817334168
Noisy,train__9728_12800_y0_x256,9728_12800,test,roi05,0,0,32,32,0.6954129013465717,0.019126345563965964,25.284448706728245
Noisy,train__9728_12800_y256_x0,9728_12800,test,roi01,32,0,32,32,0.7337116444541607,0.017005778993523728,31.655872830797154
Noisy,train__9728_12800_y256_x0,9728_12800,test,roi02,224,0,32,32,0.6549666008795612,0.01627381722760338,26.36021053131256
Noisy,train__9728_12800_y256_x0,9728_12800,test,roi03,0,0,32,32,0.7227307235880289,0.02141414126022568,24.392278563523917
Noisy,train__9728_12800_y256_x0,9728_12800,test,roi04,224,32,32,32,0.6288135734648677,0.016275228062520634,24.29499043913353
Noisy,train__9728_12800_y256_x0,9728_12800,test,roi05,224,224,32,32,0.7005637398397084,0.02198874685513472,22.320032915545234
Noisy,train__9728_12800_y256_x256,9728_12800,test,roi01,224,128,32,32,0.7296082492830465,0.015612738206699752,34.09576144647317
Noisy,train__9728_12800_y256_x256,9728_12800,test,roi02,64,128,32,32,0.7132956558198202,0.017755224813244524,28.65582936645751
Noisy,train__9728_12800_y256_x256,9728_12800,test,roi03,96,64,32,32,0.7147561620513443,0.017967341925302617,28.433608783885994
Noisy,train__9728_12800_y256_x256,9728_12800,test,roi04,192,128,32,32,0.7312767034600256,0.01939851067254978,27.567354321695024
Noisy,train__9728_12800_y256_x256,9728_12800,test,roi05,96,128,32,32,0.6838738603400998,0.01930210356239101,24.229662603599508
Noisy,train__9728_14336_y0_x0,9728_14336,test,roi01,0,192,32,32,0.7622017971007153,0.0128341525209768,45.26606478721698
Noisy,train__9728_14336_y0_x0,9728_14336,test,roi02,64,0,32,32,0.7125794806925114,0.01352431342334298,37.5449385421369
Noisy,train__9728_14336_y0_x0,9728_14336,test,roi03,128,0,32,32,0.5870934336853679,0.009551483004411535,36.08640665719439
Noisy,train__9728_14336_y0_x0,9728_14336,test,roi04,32,160,32,32,0.7590586110309232,0.016323596554375333,35.29675418409917
Noisy,train__9728_14336_y0_x0,9728_14336,test,roi05,0,32,32,32,0.6869119821931235,0.013682133888249483,34.48643867501688
Noisy,train__9728_14336_y256_x0,9728_14336,test,roi01,64,64,32,32,0.6930297997605521,0.011557782954082711,41.55557387297116
Noisy,train__9728_14336_y256_x0,9728_14336,test,roi02,64,32,32,32,0.6981504286522977,0.013425586516711958,36.30485866823485
Noisy,train__9728_14336_y256_x0,9728_14336,test,roi03,128,0,32,32,0.7220864703704137,0.014658443039094136,35.570549293768956
Noisy,train__9728_14336_y256_x0,9728_14336,test,roi04,192,32,32,32,0.7102015895361546,0.01510327192147889,33.39582975145772
Noisy,train__9728_14336_y256_x0,9728_14336,test,roi05,192,192,32,32,0.668778568826383,0.014208645180616673,31.478354792870775
Noisy,train__9728_14336_y256_x256,9728_14336,test,roi01,224,32,32,32,0.7502171610249206,0.015102710104957442,37.26654254666154
Noisy,train__9728_14336_y256_x256,9728_14336,test,roi02,64,224,32,32,0.6906120092899073,0.01281305763099191,37.22335145217955
Noisy,train__9728_14336_y256_x256,9728_14336,test,roi03,32,32,32,32,0.7141395552898757,0.013841161226331923,36.84628017043744
Noisy,train__9728_14336_y256_x256,9728_14336,test,roi04,128,192,32,32,0.7210156619839836,0.014179147357562163,36.66395247306202
Noisy,train__9728_14336_y256_x256,9728_14336,test,roi05,224,0,32,32,0.7542933969234582,0.016383509310612582,34.727512760271765
Noisy,train__9728_15360_y0_x0,9728_15360,test,roi01,0,0,32,32,0.7562540521321353,0.014857898553500146,38.492670367004514
Noisy,train__9728_15360_y0_x0,9728_15360,test,roi02,0,32,32,32,0.7496418562514009,0.017280811115163986,32.51947544006896
Noisy,train__9728_15360_y0_x0,9728_15360,test,roi03,160,160,32,32,0.6745508358435472,0.014102019219882439,32.26621826579963
Noisy,train__9728_15360_y0_x0,9728_15360,test,roi04,32,192,32,32,0.7193798723164946,0.01774156452129134,29.169208841364835
Noisy,train__9728_15360_y0_x0,9728_15360,test,roi05,0,64,32,32,0.723953261927818,0.01911383925935914,27.420358534159842
Noisy,train__9728_15360_y256_x256,9728_15360,test,roi01,32,32,32,32,0.7163327885937179,0.01659686836365378,30.91743892710411
Noisy,train__9728_15360_y256_x256,9728_15360,test,roi02,192,192,32,32,0.6681116368708899,0.01537402376883588,29.034244127235354
Noisy,train__9728_15360_y256_x256,9728_15360,test,roi03,128,0,32,32,0.6655310182977701,0.017010862189333453,26.038159111899926
Noisy,train__9728_15360_y256_x256,9728_15360,test,roi04,224,192,32,32,0.6392897948680911,0.01601435421226189,25.520319858390458
Noisy,train__9728_15360_y256_x256,9728_15360,test,roi05,0,32,32,32,0.7171413647301961,0.02101903757060221,24.467901314682
Noisy,train__9728_17408_y0_x0,9728_17408,test,roi01,192,128,32,32,0.7290583325957414,0.014681857296331717,36.20291640214247
Noisy,train__9728_17408_y0_x0,9728_17408,test,roi02,64,0,32,32,0.7281346185191069,0.017114485077834446,30.978438455774494
Noisy,train__9728_17408_y0_x0,9728_17408,test,roi03,224,128,32,32,0.7198735908750677,0.017467806088635525,29.66703341048162
Noisy,train__9728_17408_y0_x0,9728_17408,test,roi04,192,64,32,32,0.7131500715768198,0.017660372774519116,28.797977884352537
Noisy,train__9728_17408_y0_x0,9728_17408,test,roi05,96,0,32,32,0.6867082411627052,0.01799907832279913,26.199575335113057
Noisy,train__9728_17408_y0_x256,9728_17408,test,roi01,32,0,32,32,0.7174618803983321,0.017234310839877053,29.86783484452824
Noisy,train__9728_17408_y0_x256,9728_17408,test,roi02,0,96,32,32,0.687253350042738,0.01941643725359843,24.32563507795088
Noisy,train__9728_17408_y0_x256,9728_17408,test,roi03,32,32,32,32,0.6723821664054412,0.019678190823904613,22.97456009781532
Noisy,train__9728_17408_y0_x256,9728_17408,test,roi04,32,96,32,32,0.6615730671474012,0.020150081953498773,21.720950028137384
Noisy,train__9728_17408_y0_x256,9728_17408,test,roi05,160,32,32,32,0.676419226147118,0.022128025475966734,20.677080745338248
Noisy,train__9728_17408_y256_x0,9728_17408,test,roi01,224,192,32,32,0.7362463783065323,0.017319021115023973,31.298462307390928
Noisy,train__9728_17408_y256_x0,9728_17408,test,roi02,0,64,32,32,0.6960469095647568,0.020009510296635953,24.212551588336517
Noisy,train__9728_17408_y256_x0,9728_17408,test,roi03,192,192,32,32,0.6991283986862982,0.02294510650722851,21.30216818543355
Noisy,train__9728_17408_y256_x0,9728_17408,test,roi04,64,64,32,32,0.689908155152807,0.023284000351817605,20.442074186328295
Noisy,train__9728_17408_y256_x0,9728_17408,test,roi05,0,224,32,32,0.6977576315257465,0.02846356859529449,17.10487252230582
Noisy,train__9728_17408_y256_x256,9728_17408,test,roi01,64,64,32,32,0.7314655385853257,0.01710797896520606,31.274403319414894
Noisy,train__9728_17408_y256_x256,9728_17408,test,roi02,160,192,32,32,0.7275496477377601,0.018777528650789188,28.189465172302747
Noisy,train__9728_17408_y256_x256,9728_17408,test,roi03,64,96,32,32,0.7213645053561777,0.01927343480632861,26.999170351145487
Noisy,train__9728_17408_y256_x256,9728_17408,test,roi04,160,224,32,32,0.6886940174154006,0.022578298807135213,21.006872735419535
Noisy,train__9728_17408_y256_x256,9728_17408,test,roi05,192,96,32,32,0.6029653033765499,0.01757418274763255,20.687571211523426
Noisy,train__9728_18432_y0_x0,9728_18432,test,roi01,96,32,32,32,0.7039855762559455,0.015791029043846723,31.38463555480154
Noisy,train__9728_18432_y0_x0,9728_18432,test,roi02,32,160,32,32,0.7185406116186641,0.01739079771017092,29.688149971600676
Noisy,train__9728_18432_y0_x0,9728_18432,test,roi03,64,192,32,32,0.6716759188711876,0.01704807704224113,26.463309549435643
Noisy,train__9728_18432_y0_x0,9728_18432,test,roi04,32,192,32,32,0.6895380716741784,0.018144018829698405,26.204930492570902
Noisy,train__9728_18432_y0_x0,9728_18432,test,roi05,96,0,32,32,0.653859941085102,0.018040095102081044,23.699033743258614
Noisy,train__9728_18432_y0_x256,9728_18432,test,roi01,0,160,32,32,0.7171820617368212,0.016821766026490794,30.57646318864992
Noisy,train__9728_18432_y0_x256,9728_18432,test,roi02,32,224,32,32,0.7049542657623533,0.019784274471363196,25.1189659512592
Noisy,train__9728_18432_y0_x256,9728_18432,test,roi03,96,224,32,32,0.6766396701423218,0.018304590182120932,25.012373325763285
Noisy,train__9728_18432_y0_x256,9728_18432,test,roi04,32,192,32,32,0.7039515554643003,0.02078684461439646,23.839490871904804
Noisy,train__9728_18432_y0_x256,9728_18432,test,roi05,0,192,32,32,0.6751195279066451,0.01966284220286043,23.180086187875034
Noisy,train__9728_18432_y256_x0,9728_18432,test,roi01,192,128,32,32,0.7256529684527777,0.019554071583656643,26.929032573678352
Noisy,train__9728_18432_y256_x0,9728_18432,test,roi02,160,160,32,32,0.7218477474234533,0.019847288763185294,26.25367004418431
Noisy,train__9728_18432_y256_x0,9728_18432,test,roi03,64,32,32,32,0.6801345855637919,0.01776851021224558,26.033868284648378
Noisy,train__9728_18432_y256_x0,9728_18432,test,roi04,128,160,32,32,0.7048270961095113,0.01931251544745402,25.723279640180547
Noisy,train__9728_18432_y256_x0,9728_18432,test,roi05,0,192,32,32,0.6873782040347578,0.01840313161506297,25.674369192432277
Noisy,train__9728_22528_y0_x256,9728_22528,test,roi01,128,192,32,32,0.7464841793698724,0.010193319006231709,54.66704512130375
Noisy,train__9728_22528_y0_x256,9728_22528,test,roi02,160,224,32,32,0.7313870493671857,0.010486210055623713,51.01242614295704
Noisy,train__9728_22528_y0_x256,9728_22528,test,roi03,192,32,32,32,0.7255940128234215,0.010493724098479363,50.171575553571905
Noisy,train__9728_22528_y0_x256,9728_22528,test,roi04,160,64,32,32,0.7202398661756888,0.010440856417256311,49.6841872062725
Noisy,train__9728_22528_y0_x256,9728_22528,test,roi05,192,224,32,32,0.7285909413185436,0.010803482368061926,49.136448941756505
Noisy,train__9728_22528_y256_x0,9728_22528,test,roi01,0,224,32,32,0.7158799128083047,0.01165362862807733,43.97634984932396
Noisy,train__9728_22528_y256_x0,9728_22528,test,roi02,192,64,32,32,0.7116154835675843,0.011820285382277853,42.84131728429899
Noisy,train__9728_22528_y256_x0,9728_22528,test,roi03,160,128,32,32,0.7161659924313426,0.012767140407415794,40.1729527794067
Noisy,train__9728_22528_y256_x0,9728_22528,test,roi04,64,128,32,32,0.7450654287240468,0.014004621015040958,39.63852306203405
Noisy,train__9728_22528_y256_x0,9728_22528,test,roi05,0,32,32,32,0.705132448405493,0.012707401212574182,39.127730483737786
Noisy,train__9728_22528_y256_x256,9728_22528,test,roi01,160,0,32,32,0.7315753401780967,0.011451414391745188,46.73680124112017
Noisy,train__9728_22528_y256_x256,9728_22528,test,roi02,96,192,32,32,0.7496761031798087,0.012136930029020682,46.306129996220434
Noisy,train__9728_22528_y256_x256,9728_22528,test,roi03,224,0,32,32,0.7479607361601666,0.012255307042323214,45.64922452821756
Noisy,train__9728_22528_y256_x256,9728_22528,test,roi04,192,0,32,32,0.7202726047398755,0.012506509127723085,41.48180917957045
Noisy,train__9728_22528_y256_x256,9728_22528,test,roi05,32,160,32,32,0.7095511135703418,0.013335320604097655,37.75408163896779
Noisy,train__9728_24576_y0_x0,9728_24576,test,roi01,64,224,32,32,0.7332437637378462,0.019249637817402136,27.93020950110537
Noisy,train__9728_24576_y0_x0,9728_24576,test,roi02,224,0,32,32,0.70317901528324,0.01838485341392751,26.89500516550905
Noisy,train__9728_24576_y0_x0,9728_24576,test,roi03,160,64,32,32,0.6760430779249873,0.019603408060441307,23.314019776620505
Noisy,train__9728_24576_y0_x0,9728_24576,test,roi04,192,0,32,32,0.6861059186339844,0.02200208445006795,21.395306097151618
Noisy,train__9728_24576_y0_x0,9728_24576,test,roi05,64,160,32,32,0.695861515821889,0.023747030228522193,20.39089707395681
Noisy,train__9728_24576_y0_x256,9728_24576,test,roi01,128,32,32,32,0.7186083323758794,0.021560323640731134,23.951307223629914
Noisy,train__9728_24576_y0_x256,9728_24576,test,roi02,0,32,32,32,0.664616047477466,0.01922304121836711,22.978387527074688
Noisy,train__9728_24576_y0_x256,9728_24576,test,roi03,192,32,32,32,0.66907981444092,0.01991035685768583,22.484167475857493
Noisy,train__9728_24576_y0_x256,9728_24576,test,roi04,96,0,32,32,0.6970230177394114,0.021655934776262757,22.43454703193372
Noisy,train__9728_24576_y0_x256,9728_24576,test,roi05,192,0,32,32,0.6864078743674327,0.021212046009681976,22.211707903073755
Noisy,train__9728_24576_y256_x0,9728_24576,test,roi01,64,0,32,32,0.7441218747844687,0.020561504135035963,26.929808291079283
Noisy,train__9728_24576_y256_x0,9728_24576,test,roi02,160,160,32,32,0.6748824833630351,0.020923386125302937,21.768291404776768
Noisy,train__9728_24576_y256_x0,9728_24576,test,roi03,128,32,32,32,0.6421780682721874,0.019112770857156514,21.576812407363917
Noisy,train__9728_24576_y256_x0,9728_24576,test,roi04,192,0,32,32,0.6721544298197841,0.020984893664955713,21.529371782371268
Noisy,train__9728_24576_y256_x0,9728_24576,test,roi05,224,32,32,32,0.6579409154655878,0.021117687908908715,20.498752046670702
Noisy,train__9728_24576_y256_x256,9728_24576,test,roi01,96,96,32,32,0.6446434234385379,0.020905741190271318,19.87803922378725
Noisy,train__9728_24576_y256_x256,9728_24576,test,roi02,0,64,32,32,0.6919463800877566,0.024583131074673137,19.47635520724311
Noisy,train__9728_24576_y256_x256,9728_24576,test,roi03,128,128,32,32,0.6415986888605403,0.02205006942923788,18.668824552621476
Noisy,train__9728_24576_y256_x256,9728_24576,test,roi04,96,64,32,32,0.6179371298640035,0.020692799852412996,18.453099589615714
Noisy,train__9728_24576_y256_x256,9728_24576,test,roi05,224,192,32,32,0.6678530245117145,0.024179696400391873,18.446371491339985
Noisy,train__9728_3584_y0_x0,9728_3584,test,roi01,0,160,32,32,0.6967796416138299,0.01336883772215464,36.315937036391034
Noisy,train__9728_3584_y0_x0,9728_3584,test,roi02,0,128,32,32,0.6975614047551062,0.01646273791127937,29.557168195609243
Noisy,train__9728_3584_y0_x0,9728_3584,test,roi03,96,192,32,32,0.5900440485420404,0.012310661838709906,28.280524945063902
Noisy,train__9728_3584_y0_x0,9728_3584,test,roi04,64,192,32,32,0.6174410068051657,0.013793075739908383,27.63947679787836
Noisy,train__9728_3584_y0_x0,9728_3584,test,roi05,64,224,32,32,0.6274859213008313,0.014705214772930974,26.775439020145292
Noisy,train__9728_3584_y0_x256,9728_3584,test,roi01,32,224,32,32,0.6233431175496662,0.013477016445684671,28.831057954296142
Noisy,train__9728_3584_y0_x256,9728_3584,test,roi02,0,96,32,32,0.6011375053349184,0.013342120041188477,27.08462367335286
Noisy,train__9728_3584_y0_x256,9728_3584,test,roi03,96,128,32,32,0.5850946141435998,0.01375322897328534,24.89129703030542
Noisy,train__9728_3584_y0_x256,9728_3584,test,roi04,160,32,32,32,0.6558307339000748,0.018128238515645663,23.726185594739327
Noisy,train__9728_3584_y0_x256,9728_3584,test,roi05,96,96,32,32,0.6144419996562647,0.01600183250582595,23.59348348410313
Noisy,train__9728_3584_y256_x0,9728_3584,test,roi01,64,64,32,32,0.6451320154010318,0.010719855551430013,38.82471319680024
Noisy,train__9728_3584_y256_x0,9728_3584,test,roi02,96,0,32,32,0.6618848361686105,0.012228738390391864,35.824753328123975
Noisy,train__9728_3584_y256_x0,9728_3584,test,roi03,64,32,32,32,0.6502567835123045,0.013777491166644805,30.6901945636841
Noisy,train__9728_3584_y256_x0,9728_3584,test,roi04,0,224,32,32,0.7169111719413195,0.017505902011769228,29.359334246743725
Noisy,train__9728_3584_y256_x0,9728_3584,test,roi05,64,0,32,32,0.6511341557852575,0.0144777326322156,29.28467458272828
Noisy,train__9728_3584_y256_x256,9728_3584,test,roi01,0,64,32,32,0.6105960183776915,0.013085936479868967,28.490700549573766
Noisy,train__9728_3584_y256_x256,9728_3584,test,roi02,0,128,32,32,0.6035183695203159,0.01419974553821041,25.65077109081526
Noisy,train__9728_3584_y256_x256,9728_3584,test,roi03,160,0,32,32,0.6044110795191955,0.01574101045519531,23.207706651702782
Noisy,train__9728_3584_y256_x256,9728_3584,test,roi04,160,160,32,32,0.5709904923423892,0.014577269446918645,22.365652465477375
Noisy,train__9728_3584_y256_x256,9728_3584,test,roi05,32,192,32,32,0.629060578692588,0.017938001323410183,22.0602733008286
Noisy,train__9728_4096_y256_x0,9728_4096,test,roi01,224,0,32,32,0.6441832273849286,0.016137859340653034,25.714193046577293
Noisy,train__9728_4096_y256_x0,9728_4096,test,roi02,96,32,32,32,0.7023033700243104,0.019741279200346844,24.984704311301048
Noisy,train__9728_4096_y256_x0,9728_4096,test,roi03,32,96,32,32,0.6353181426093215,0.016239662368574867,24.85452795555744
Noisy,train__9728_4096_y256_x0,9728_4096,test,roi04,96,64,32,32,0.7255720442335587,0.021534766761919254,24.44673755669438
Noisy,train__9728_4096_y256_x0,9728_4096,test,roi05,224,192,32,32,0.6721656557638198,0.019390049218357096,23.300955232267697
Noisy,train__9728_5120_y0_x0,9728_5120,test,roi01,64,160,32,32,0.6141661492729327,0.01718543471060365,21.948822666673927
Noisy,train__9728_5120_y0_x0,9728_5120,test,roi02,96,0,32,32,0.6369554873090237,0.018771731589505708,21.612939162196863
Noisy,train__9728_5120_y0_x0,9728_5120,test,roi03,64,128,32,32,0.6074997836185503,0.017439271128062803,21.16235159064134
Noisy,train__9728_5120_y0_x0,9728_5120,test,roi04,32,64,32,32,0.6057134887741995,0.017619290107478352,20.82313352268884
Noisy,train__9728_5120_y0_x0,9728_5120,test,roi05,96,96,32,32,0.6325622784643201,0.019315561140761196,20.715682719233875
Noisy,train__9728_5120_y0_x256,9728_5120,test,roi01,96,96,32,32,0.6094393861858407,0.014699926560190037,25.266545646590817
Noisy,train__9728_5120_y0_x256,9728_5120,test,roi02,64,96,32,32,0.6217928927217145,0.017247780524760482,22.416008882082323
Noisy,train__9728_5120_y0_x256,9728_5120,test,roi03,160,64,32,32,0.6099993565367186,0.017456910549288093,21.315295964003504
Noisy,train__9728_5120_y0_x256,9728_5120,test,roi04,32,128,32,32,0.6100143831645255,0.021947284769643957,16.955060800153515
Noisy,train__9728_5120_y0_x256,9728_5120,test,roi05,128,128,32,32,0.549840483283333,0.018444643290656603,16.390913735393084
Noisy,train__9728_5120_y256_x0,9728_5120,test,roi01,128,192,32,32,0.6274263227969641,0.013144938223092005,29.947937666756186
Noisy,train__9728_5120_y256_x0,9728_5120,test,roi02,64,192,32,32,0.7202267800312256,0.018450780267040456,28.11407469855216
Noisy,train__9728_5120_y256_x0,9728_5120,test,roi03,96,0,32,32,0.6350971787614981,0.016636609724931216,24.244628751876423
Noisy,train__9728_5120_y256_x0,9728_5120,test,roi04,0,32,32,32,0.671921588240366,0.019219644193106598,23.49047756593669
Noisy,train__9728_5120_y256_x0,9728_5120,test,roi05,160,192,32,32,0.6822238103632117,0.01989794263097531,23.3908266828532
Noisy,train__9728_5120_y256_x256,9728_5120,test,roi01,160,160,32,32,0.6770990054210415,0.017438677496561507,26.290013289858802
Noisy,train__9728_5120_y256_x256,9728_5120,test,roi02,64,32,32,32,0.6577988112985622,0.01650975707759078,26.20870035290331
Noisy,train__9728_5120_y256_x256,9728_5120,test,roi03,0,224,32,32,0.7001881045871414,0.01923502357091554,25.48805724088844
Noisy,train__9728_5120_y256_x256,9728_5120,test,roi04,32,192,32,32,0.6294305272458587,0.015581630034151271,25.426273615832237
Noisy,train__9728_5120_y256_x256,9728_5120,test,roi05,64,64,32,32,0.6051702121912967,0.01461867190992061,25.052274788048653
Noisy,train__9728_6144_y0_x0,9728_6144,test,roi01,32,0,32,32,0.5822748103091726,0.018847176513421295,17.989111232610668
Noisy,train__9728_6144_y0_x0,9728_6144,test,roi02,224,224,32,32,0.3292616220569471,0.006385722661529272,16.977438812478702
Noisy,train__9728_6144_y0_x0,9728_6144,test,roi03,192,160,32,32,0.3130208946095081,0.0064044191164107835,15.29913621846921
Noisy,train__9728_6144_y0_x0,9728_6144,test,roi04,224,128,32,32,0.3188212269451469,0.006645774380340679,15.294978272433948
Noisy,train__9728_6144_y0_x0,9728_6144,test,roi05,32,192,32,32,0.31300696192192845,0.006408913737156964,15.287045859827282
Noisy,train__9728_6144_y0_x256,9728_6144,test,roi01,224,128,32,32,0.7040248551929835,0.018350625320030865,27.010033068925836
Noisy,train__9728_6144_y0_x256,9728_6144,test,roi02,160,96,32,32,0.713326305267401,0.0193548401874879,26.289776244981955
Noisy,train__9728_6144_y0_x256,9728_6144,test,roi03,96,0,32,32,0.712898110068636,0.019885219944675583,25.557862410041576
Noisy,train__9728_6144_y0_x256,9728_6144,test,roi04,160,128,32,32,0.6961861076124478,0.01994138119567955,24.304991298074142
Noisy,train__9728_6144_y0_x256,9728_6144,test,roi05,224,0,32,32,0.5829086827725405,0.01456168794893605,23.334007269153467
Noisy,train__9728_6144_y256_x0,9728_6144,test,roi01,224,0,32,32,0.33921351592289284,0.006243545123679373,18.42956318972857
Noisy,train__9728_6144_y256_x0,9728_6144,test,roi02,192,32,32,32,0.33185821927327197,0.006224796344458189,17.692125429496738
Noisy,train__9728_6144_y256_x0,9728_6144,test,roi03,224,32,32,32,0.3304011801519664,0.006246992609589311,17.47479894217273
Noisy,train__9728_6144_y256_x0,9728_6144,test,roi04,224,96,32,32,0.321905299773789,0.006035223975691999,17.169706118582212
Noisy,train__9728_6144_y256_x0,9728_6144,test,roi05,192,96,32,32,0.32830847246805206,0.006382581362361261,16.88759562548368
Noisy,train__9728_6656_y0_x0,9728_6656,test,roi01,128,32,32,32,0.6778375013091136,0.012887683234892693,35.651378902377886
Noisy,train__9728_6656_y0_x0,9728_6656,test,roi02,192,0,32,32,0.6137686145375483,0.0113943596109017,33.061262331137726
Noisy,train__9728_6656_y0_x0,9728_6656,test,roi03,128,128,32,32,0.5933916917565512,0.010712417532922326,32.86967659387395
Noisy,train__9728_6656_y0_x0,9728_6656,test,roi04,192,32,32,32,0.6373433777480386,0.013635762991961821,29.78979477706783
Noisy,train__9728_6656_y0_x0,9728_6656,test,roi05,0,32,32,32,0.6113057149923407,0.01283848932351785,29.107371417737912
Noisy,train__9728_6656_y256_x0,9728_6656,test,roi01,192,128,32,32,0.6268451690557413,0.010336847223266854,38.013028293973164
Noisy,train__9728_6656_y256_x0,9728_6656,test,roi02,224,96,32,32,0.6635528674087254,0.011823944335419737,37.23820032942597
Noisy,train__9728_6656_y256_x0,9728_6656,test,roi03,64,192,32,32,0.6118464678293094,0.011143058642202922,33.59545275813015
Noisy,train__9728_6656_y256_x0,9728_6656,test,roi04,160,160,32,32,0.6158418558479752,0.011598016439003028,32.700521973641884
Noisy,train__9728_6656_y256_x0,9728_6656,test,roi05,128,160,32,32,0.607774903983227,0.01164138312210665,31.73079435985224
Noisy,train__9728_6656_y256_x256,9728_6656,test,roi01,0,96,32,32,0.6718689091358101,0.011597692502864949,38.922210685602614
Noisy,train__9728_6656_y256_x256,9728_6656,test,roi02,0,192,32,32,0.6830442422069609,0.012403663959653732,37.613840420835295
Noisy,train__9728_6656_y256_x256,9728_6656,test,roi03,96,128,32,32,0.6026914019166725,0.01104281035062894,32.89352206647251
Noisy,train__9728_6656_y256_x256,9728_6656,test,roi04,64,128,32,32,0.603745725529734,0.011591396551104933,31.446504266190313
Noisy,train__9728_6656_y256_x256,9728_6656,test,roi05,96,96,32,32,0.5701330578740453,0.01054113461909166,30.836500569121803
Noisy,train__9728_7680_y0_x0,9728_7680,test,roi01,0,32,32,32,0.7025615210295655,0.014977488572047507,32.95563795338618
Noisy,train__9728_7680_y0_x0,9728_7680,test,roi02,64,128,32,32,0.6956259598664474,0.01502132584856251,32.213899153677126
Noisy,train__9728_7680_y0_x0,9728_7680,test,roi03,96,192,32,32,0.7278670978266746,0.017376336004822423,30.489195878325212
Noisy,train__9728_7680_y0_x0,9728_7680,test,roi04,64,64,32,32,0.7019342420244357,0.016374842899702688,30.089551584972153
Noisy,train__9728_7680_y0_x0,9728_7680,test,roi05,224,224,32,32,0.6860525332740508,0.015755458582317174,29.873334117991813
Noisy,train__9728_7680_y0_x256,9728_7680,test,roi01,0,32,32,32,0.6600107176054735,0.012145372541090528,35.86667645478238
Noisy,train__9728_7680_y0_x256,9728_7680,test,roi02,0,64,32,32,0.6774574645969551,0.013337214712308813,34.41112902790525
Noisy,train__9728_7680_y0_x256,9728_7680,test,roi03,128,224,32,32,0.6854017038131133,0.014537769003740373,32.314139498918415
Noisy,train__9728_7680_y0_x256,9728_7680,test,roi04,192,224,32,32,0.7160977011080831,0.01591165299310982,32.22769612650152
Noisy,train__9728_7680_y0_x256,9728_7680,test,roi05,32,64,32,32,0.6831061490665888,0.014822528315672923,31.48140458596251
Noisy,train__9728_7680_y256_x0,9728_7680,test,roi01,224,224,32,32,0.761722904688213,0.014959384434091661,38.78647454265251
Noisy,train__9728_7680_y256_x0,9728_7680,test,roi02,160,128,32,32,0.682044656277867,0.014144514509554618,32.888008481518504
Noisy,train__9728_7680_y256_x0,9728_7680,test,roi03,128,96,32,32,0.6988891766814049,0.01652091818833632,29.565310820754036
Noisy,train__9728_7680_y256_x0,9728_7680,test,roi04,32,192,32,32,0.7260464912178577,0.01798602821377006,29.308499972561087
Noisy,train__9728_7680_y256_x0,9728_7680,test,roi05,192,224,32,32,0.7023991668538656,0.01740566130177089,28.34506434678288
Noisy,train__9728_7680_y256_x256,9728_7680,test,roi01,224,32,32,32,0.7015668735548388,0.01354543664760812,36.33667122546575
Noisy,train__9728_7680_y256_x256,9728_7680,test,roi02,192,0,32,32,0.7171436500793789,0.014861549966439479,34.60574543103253
Noisy,train__9728_7680_y256_x256,9728_7680,test,roi03,160,0,32,32,0.7039953917701496,0.01462755681175867,33.88190645994963
Noisy,train__9728_7680_y256_x256,9728_7680,test,roi04,224,64,32,32,0.6721115280233789,0.014288453380608574,31.615311613430972
Noisy,train__9728_7680_y256_x256,9728_7680,test,roi05,224,0,32,32,0.6836041776987258,0.015185777522442965,30.773180436530808
Noisy,val__10240_17920_y0_x256,10240_17920,test,roi01,64,224,32,32,0.6775330076779937,0.021101424576919586,21.754501683990153
Noisy,val__10240_17920_y0_x256,10240_17920,test,roi02,192,0,32,32,0.6728540179683478,0.021017195737819662,21.54105310450501
Noisy,val__10240_17920_y0_x256,10240_17920,test,roi03,192,32,32,32,0.6653382332369802,0.020648925600668507,21.43815969740211
Noisy,val__10240_17920_y0_x256,10240_17920,test,roi04,32,192,32,32,0.6816275703458814,0.022021455392896242,21.09833961317139
Noisy,val__10240_17920_y0_x256,10240_17920,test,roi05,96,160,32,32,0.6834690822142875,0.022760528289711774,20.523688220101324
Noisy,val__10240_17920_y256_x0,10240_17920,test,roi01,224,160,32,32,0.7025596175080864,0.024593302632883167,20.07009890136269
Noisy,val__10240_17920_y256_x0,10240_17920,test,roi02,0,0,32,32,0.6783365840819897,0.024819040415167685,18.53981917136555
Noisy,val__10240_17920_y256_x0,10240_17920,test,roi03,224,224,32,32,0.6461795350624016,0.022757906268247828,18.347381635718865
Noisy,val__10240_17920_y256_x0,10240_17920,test,roi04,224,192,32,32,0.6614068429262261,0.024276243706877226,18.020045322980078
Noisy,val__10240_17920_y256_x0,10240_17920,test,roi05,128,192,32,32,0.6599269236394321,0.024326726162227256,17.902266899375164
Noisy,val__10240_8192_y0_x256,10240_8192,test,roi01,224,32,32,32,0.68875611970725,0.01655431274788351,28.65627825563695
Noisy,val__10240_8192_y0_x256,10240_8192,test,roi02,128,32,32,32,0.6900717785320012,0.01716142451264671,27.748224465596987
Noisy,val__10240_8192_y0_x256,10240_8192,test,roi03,0,64,32,32,0.6872031263337703,0.01721765533176063,27.428132794119364
Noisy,val__10240_8192_y0_x256,10240_8192,test,roi04,64,64,32,32,0.6807804171112366,0.017174304580213195,26.985778327007875
Noisy,val__10240_8192_y0_x256,10240_8192,test,roi05,160,128,32,32,0.6711967470037052,0.017123858960574643,26.308618531931536
Noisy,val__1024_17920_y0_x0,1024_17920,test,roi01,96,160,32,32,0.680250541161513,0.02746201964131712,16.850210028046483
Noisy,val__1024_17920_y0_x0,1024_17920,test,roi02,0,64,32,32,0.671871787897544,0.026820356266071085,16.830935983639325
Noisy,val__1024_17920_y0_x0,1024_17920,test,roi03,96,64,32,32,0.677781714242883,0.027318043470878184,16.81628673926601
Noisy,val__1024_17920_y0_x0,1024_17920,test,roi04,96,0,32,32,0.6681019624520559,0.026989013828604566,16.538589926513325
Noisy,val__1024_17920_y0_x0,1024_17920,test,roi05,224,224,32,32,0.6431096224114299,0.025170047678797648,16.431831664211163
Noisy,val__1024_2560_y0_x256,1024_2560,test,roi01,96,224,32,32,0.6595250379759818,0.018728199416314803,23.225579034485264
Noisy,val__1024_2560_y0_x256,1024_2560,test,roi02,32,224,32,32,0.6501437106198864,0.018431172109903936,22.933259042785732
Noisy,val__1024_2560_y0_x256,1024_2560,test,roi03,0,128,32,32,0.6737318993691588,0.020539830722030118,22.09924114616609
Noisy,val__1024_2560_y0_x256,1024_2560,test,roi04,64,224,32,32,0.6780558443279006,0.0220684675741488,20.83333273968641
Noisy,val__1024_2560_y0_x256,1024_2560,test,roi05,64,192,32,32,0.6561460629600333,0.02130673358073525,20.20617821622452
Noisy,val__1024_512_y0_x256,1024_512,test,roi01,192,224,32,32,0.6385373366938438,0.015688515458300935,25.989070249239784
Noisy,val__1024_512_y0_x256,1024_512,test,roi02,224,128,32,32,0.5868378474551719,0.017973668289611736,19.160176634886522
Noisy,val__1024_512_y0_x256,1024_512,test,roi03,224,160,32,32,0.6059292879217537,0.01941124859641133,18.914306317690492
Noisy,val__1024_512_y0_x256,1024_512,test,roi04,160,96,32,32,0.531683485081885,0.01541671388500993,18.336419188766502
Noisy,val__1024_512_y0_x256,1024_512,test,roi05,96,192,32,32,0.6355304375538253,0.022644510594773203,17.836505468596194
Noisy,val__10752_1024_y256_x256,10752_1024,test,roi01,64,96,32,32,0.6991664303059224,0.016767018083008702,29.154480232957983
Noisy,val__10752_1024_y256_x256,10752_1024,test,roi02,32,96,32,32,0.7061694599251496,0.018718060812499347,26.64139790581177
Noisy,val__10752_1024_y256_x256,10752_1024,test,roi03,64,160,32,32,0.6475526493304642,0.016507483576168443,25.402080924089137
Noisy,val__10752_1024_y256_x256,10752_1024,test,roi04,64,32,32,32,0.7108811151483678,0.020086170171450556,25.159199367576214
Noisy,val__10752_1024_y256_x256,10752_1024,test,roi05,32,64,32,32,0.6883150362191373,0.01899056601245467,24.948049930403997
Noisy,val__10752_25088_y0_x0,10752_25088,test,roi01,224,96,32,32,0.6507010545901721,0.014612319433065426,28.976362334828682
Noisy,val__10752_25088_y0_x0,10752_25088,test,roi02,160,0,32,32,0.6920393192558549,0.01752717998918262,27.324328254270494
Noisy,val__10752_25088_y0_x0,10752_25088,test,roi03,224,0,32,32,0.6605233500013128,0.016855443664461678,25.88428430494777
Noisy,val__10752_25088_y0_x0,10752_25088,test,roi04,192,0,32,32,0.6673759891855298,0.01743528689349278,25.54536175183866
Noisy,val__10752_25088_y0_x0,10752_25088,test,roi05,224,32,32,32,0.6664795660763048,0.01746054671294352,25.439925753755308
Noisy,val__10752_5632_y256_x0,10752_5632,test,roi01,0,32,32,32,0.6647727093077265,0.01606124117967115,27.514857046022097
Noisy,val__10752_5632_y256_x0,10752_5632,test,roi02,64,96,32,32,0.6370520580676384,0.016563686957741287,24.501508977054204
Noisy,val__10752_5632_y256_x0,10752_5632,test,roi03,96,192,32,32,0.6375818652086309,0.017927247363113137,22.675574593752057
Noisy,val__10752_5632_y256_x0,10752_5632,test,roi04,0,96,32,32,0.6119522162989597,0.017263724753112424,21.692046206059555
Noisy,val__10752_5632_y256_x0,10752_5632,test,roi05,32,128,32,32,0.6124860993004404,0.017415086420843384,21.541048535210287
Noisy,val__11264_11264_y0_x256,11264_11264,test,roi01,0,192,32,32,0.7154097475213348,0.01620116456445329,31.591007227436997
Noisy,val__11264_11264_y0_x256,11264_11264,test,roi02,32,128,32,32,0.7177993262157543,0.016853053440948562,30.572256506580636
Noisy,val__11264_11264_y0_x256,11264_11264,test,roi03,32,224,32,32,0.7187740321242018,0.017019250057728783,30.35598557537312
Noisy,val__11264_11264_y0_x256,11264_11264,test,roi04,32,192,32,32,0.7199035118246684,0.017177012616674314,30.171781199857577
Noisy,val__11264_11264_y0_x256,11264_11264,test,roi05,128,32,32,32,0.7564874637464527,0.019064807289521875,30.01726029090602
Noisy,val__11264_1536_y0_x0,11264_1536,test,roi01,0,192,32,32,0.6665474793844623,0.015486221388955973,28.68908632486833
Noisy,val__11264_1536_y0_x0,11264_1536,test,roi02,0,224,32,32,0.6631916034093592,0.020894545259698992,21.04966140043255
Noisy,val__11264_1536_y0_x0,11264_1536,test,roi03,32,192,32,32,0.6332299414061708,0.020475586624072097,19.58332945742569
Noisy,val__11264_1536_y0_x0,11264_1536,test,roi04,128,224,32,32,0.5742522295404342,0.01692429275992058,19.484750577766953
Noisy,val__11264_1536_y0_x0,11264_1536,test,roi05,96,128,32,32,0.6764188681117957,0.024695329121396013,18.52749088252598
Noisy,val__11264_5120_y0_x256,11264_5120,test,roi01,0,0,32,32,0.6533032021980034,0.014564150779461757,29.305180951850776
Noisy,val__11264_5120_y0_x256,11264_5120,test,roi02,64,32,32,32,0.6273427859850926,0.01611594191515216,24.420475898930533
Noisy,val__11264_5120_y0_x256,11264_5120,test,roi03,192,64,32,32,0.573018629627768,0.01357148765152709,24.194130984862113
Noisy,val__11264_5120_y0_x256,11264_5120,test,roi04,192,96,32,32,0.5732386575473356,0.013698796956880829,23.987694652384516
Noisy,val__11264_5120_y0_x256,11264_5120,test,roi05,192,128,32,32,0.5925459697682527,0.016993168730609763,20.66187488953393
Noisy,val__11776_1536_y0_x0,11776_1536,test,roi01,0,128,32,32,0.6158998889732175,0.01776265203440216,21.355632734489294
Noisy,val__11776_1536_y0_x0,11776_1536,test,roi02,32,128,32,32,0.5996385705147986,0.021302580757879646,16.879007259063226
Noisy,val__11776_1536_y0_x0,11776_1536,test,roi03,192,224,32,32,0.5655398565504584,0.019402277326731734,16.48442210989613
Noisy,val__11776_1536_y0_x0,11776_1536,test,roi04,224,32,32,32,0.6021091092479764,0.023764841671626267,15.255114443797712
Noisy,val__11776_1536_y0_x0,11776_1536,test,roi05,96,64,32,32,0.5291005564577063,0.018568032481858933,15.076847755267798
Noisy,val__11776_5120_y256_x0,11776_5120,test,roi01,128,0,32,32,0.664400625275448,0.016527773811894058,26.70826669643413
Noisy,val__11776_5120_y256_x0,11776_5120,test,roi02,128,96,32,32,0.61975932988571,0.015230338481682159,25.21950693626089
Noisy,val__11776_5120_y256_x0,11776_5120,test,roi03,192,128,32,32,0.6113835911819478,0.014886304331976985,25.10965026850917
Noisy,val__11776_5120_y256_x0,11776_5120,test,roi04,192,96,32,32,0.6203198221337516,0.015485920516696502,24.848163292403047
Noisy,val__11776_5120_y256_x0,11776_5120,test,roi05,32,64,32,32,0.6116411475086352,0.015158973429521895,24.67877492265511
Noisy,val__11776_9728_y0_x0,11776_9728,test,roi01,0,32,32,32,0.7191500280750915,0.017727468475918627,29.173751660196093
Noisy,val__11776_9728_y0_x0,11776_9728,test,roi02,64,160,32,32,0.687957386020571,0.016854500829852834,28.080651557592848
Noisy,val__11776_9728_y0_x0,11776_9728,test,roi03,0,160,32,32,0.7020372595288791,0.01767795835728414,27.87970781499997
Noisy,val__11776_9728_y0_x0,11776_9728,test,roi04,64,224,32,32,0.6999022167583462,0.017779274663268473,27.552480193991926
Noisy,val__11776_9728_y0_x0,11776_9728,test,roi05,64,192,32,32,0.7056753973301966,0.01811346106449792,27.492137732482217
Noisy,val__12288_21504_y0_x0,12288_21504,test,roi01,64,64,32,32,0.6381015518927597,0.02131953756462861,19.09861268302052
Noisy,val__12288_21504_y0_x0,12288_21504,test,roi02,64,32,32,32,0.6457220980228158,0.02220802883710534,18.775057927623543
Noisy,val__12288_21504_y0_x0,12288_21504,test,roi03,0,64,32,32,0.644941035337979,0.022211455524468703,18.726775406708686
Noisy,val__12288_21504_y0_x0,12288_21504,test,roi04,96,192,32,32,0.6469792786374455,0.022550049336233446,18.56236235872225
Noisy,val__12288_21504_y0_x0,12288_21504,test,roi05,96,64,32,32,0.6261866097629536,0.021299428310603455,18.409398812418747
Noisy,val__13312_10752_y0_x256,13312_10752,test,roi01,192,160,32,32,0.7015208565135254,0.017787972427582344,27.666532210290725
Noisy,val__13312_10752_y0_x256,13312_10752,test,roi02,192,192,32,32,0.6778374753339449,0.02024260499315956,22.697851542445235
Noisy,val__13312_10752_y0_x256,13312_10752,test,roi03,64,0,32,32,0.5701991798705421,0.016054427727897023,20.251553667034845
Noisy,val__13312_10752_y0_x256,13312_10752,test,roi04,160,160,32,32,0.6992141490190988,0.02457080467676112,19.897615589728765
Noisy,val__13312_10752_y0_x256,13312_10752,test,roi05,224,0,32,32,0.6494867761648493,0.02165341113227968,19.48113716753681
Noisy,val__13312_17408_y0_x256,13312_17408,test,roi01,32,192,32,32,0.7396372883231379,0.013968805469358903,39.163214025566354
Noisy,val__13312_17408_y0_x256,13312_17408,test,roi02,96,96,32,32,0.708144460018957,0.012870514611313933,38.96258940685402
Noisy,val__13312_17408_y0_x256,13312_17408,test,roi03,96,128,32,32,0.7013258193328511,0.01354654866474436,36.30872460842976
Noisy,val__13312_17408_y0_x256,13312_17408,test,roi04,64,64,32,32,0.6976538365706801,0.013727978488350993,35.45466479968634
Noisy,val__13312_17408_y0_x256,13312_17408,test,roi05,224,160,32,32,0.7232070687896339,0.01483911267755235,35.24661317104883
Noisy,val__13312_512_y0_x256,13312_512,test,roi01,96,128,32,32,0.7756281371694058,0.0073549915921163125,81.79465600120143
Noisy,val__13312_512_y0_x256,13312_512,test,roi02,0,160,32,32,0.6979264390538447,0.006570564911215149,74.13385620754735
Noisy,val__13312_512_y0_x256,13312_512,test,roi03,64,128,32,32,0.736382787610637,0.007354111399398679,73.73557190520003
Noisy,val__13312_512_y0_x256,13312_512,test,roi04,32,0,32,32,0.7361962244322058,0.00746824831432335,72.57188808636185
Noisy,val__13312_512_y0_x256,13312_512,test,roi05,192,0,32,32,0.7451508875819854,0.008508840892845669,65.255638489031
Noisy,val__13312_6144_y0_x256,13312_6144,test,roi01,0,96,32,32,0.6783544838835951,0.015165365409804366,30.343140001590953
Noisy,val__13312_6144_y0_x256,13312_6144,test,roi02,160,160,32,32,0.6156305927288486,0.015547661467950202,24.37672234406071
Noisy,val__13312_6144_y0_x256,13312_6144,test,roi03,160,0,32,32,0.6687851437309291,0.018785074416075957,23.810050392583495
Noisy,val__13312_6144_y0_x256,13312_6144,test,roi04,224,0,32,32,0.6621015473137959,0.0184435303002316,23.768684835235575
Noisy,val__13312_6144_y0_x256,13312_6144,test,roi05,96,224,32,32,0.6281264043791452,0.01695624283957738,23.26829024631421
Noisy,val__13824_17920_y256_x256,13824_17920,test,roi01,32,64,32,32,0.7133630808093585,0.016607510620573744,30.641972580249277
Noisy,val__13824_17920_y256_x256,13824_17920,test,roi02,0,0,32,32,0.6984947945456952,0.01657891331723514,29.428646417990862
Noisy,val__13824_17920_y256_x256,13824_17920,test,roi03,32,32,32,32,0.7206171033758437,0.0182537289339542,28.448379591736433
Noisy,val__13824_17920_y256_x256,13824_17920,test,roi04,128,0,32,32,0.6493697018886451,0.015251378500675221,27.64871448913806
Noisy,val__13824_17920_y256_x256,13824_17920,test,roi05,0,32,32,32,0.6931494985474274,0.018024013375924353,26.656450886699925
Noisy,val__13824_23552_y0_x0,13824_23552,test,roi01,0,32,32,32,0.7269005155540071,0.01290926088988388,40.93064382382578
Noisy,val__13824_23552_y0_x0,13824_23552,test,roi02,160,32,32,32,0.7142359986901283,0.012510928115616417,40.77499743509241
Noisy,val__13824_23552_y0_x0,13824_23552,test,roi03,0,224,32,32,0.7116734777227975,0.012699408282995768,39.88210533968152
Noisy,val__13824_23552_y0_x0,13824_23552,test,roi04,96,64,32,32,0.69572215504013,0.012647606811072716,38.270427302493715
Noisy,val__13824_23552_y0_x0,13824_23552,test,roi05,128,0,32,32,0.753063708456466,0.015014405074986529,37.77072392558411
Noisy,val__14848_11264_y256_x0,14848_11264,test,roi01,192,128,32,32,0.6492623206868302,0.018881703918617522,22.32539832636634
Noisy,val__14848_11264_y256_x0,14848_11264,test,roi02,160,128,32,32,0.6384548455098411,0.01940306453237424,21.008258209669336
Noisy,val__14848_11264_y256_x0,14848_11264,test,roi03,192,96,32,32,0.656784593462362,0.02114222375728631,20.403057273521522
Noisy,val__14848_11264_y256_x0,14848_11264,test,roi04,192,224,32,32,0.6752752786269411,0.022653844651490285,20.12888800730322
Noisy,val__14848_11264_y256_x0,14848_11264,test,roi05,160,192,32,32,0.6418415902226116,0.02057946441258731,20.01804413760727
Noisy,val__14848_21504_y0_x0,14848_21504,test,roi01,192,224,32,32,0.7296352462144569,0.011493328984592804,46.319703650011924
Noisy,val__14848_21504_y0_x0,14848_21504,test,roi02,32,192,32,32,0.7049850906769279,0.013376520601417217,37.154951790983645
Noisy,val__14848_21504_y0_x0,14848_21504,test,roi03,128,0,32,32,0.7232550292392261,0.014132102606631402,37.01486267686546
Noisy,val__14848_21504_y0_x0,14848_21504,test,roi04,32,96,32,32,0.6817770607885905,0.01271910418407812,36.5450234458646
Noisy,val__14848_21504_y0_x0,14848_21504,test,roi05,32,224,32,32,0.682351684794412,0.012803298029072143,36.365928582193206
Noisy,val__14848_24576_y256_x0,14848_24576,test,roi01,32,0,32,32,0.7679875679314137,0.011631586306775701,50.707176901024326
Noisy,val__14848_24576_y256_x0,14848_24576,test,roi02,224,224,32,32,0.7607867953774985,0.012647502798479267,45.76370191357919
Noisy,val__14848_24576_y256_x0,14848_24576,test,roi03,224,96,32,32,0.7251101832953282,0.012332659355903962,42.63352799628555
Noisy,val__14848_24576_y256_x0,14848_24576,test,roi04,160,224,32,32,0.7173006096563768,0.012281749614298725,41.89306741886289
Noisy,val__14848_24576_y256_x0,14848_24576,test,roi05,192,32,32,32,0.738637964182999,0.013152615627822908,41.48118196188127
Noisy,val__1536_13824_y0_x0,1536_13824,test,roi01,32,0,32,32,0.6617761124507524,0.023081432581458637,18.97402258134684
Noisy,val__1536_13824_y0_x0,1536_13824,test,roi02,96,192,32,32,0.6551738520211075,0.024207920657147573,17.731914378422083
Noisy,val__1536_13824_y0_x0,1536_13824,test,roi03,192,192,32,32,0.6457572264771443,0.02495317456781687,16.711396556543907
Noisy,val__1536_13824_y0_x0,1536_13824,test,roi04,96,64,32,32,0.639090228243731,0.02555416198079019,15.98316235702261
Noisy,val__1536_13824_y0_x0,1536_13824,test,roi05,0,192,32,32,0.6433719633059809,0.02625806983504834,15.763819875888085
Noisy,val__1536_23040_y0_x256,1536_23040,test,roi01,0,192,32,32,0.6895756796875503,0.028782262693142747,16.521099229972503
Noisy,val__1536_23040_y0_x256,1536_23040,test,roi02,224,64,32,32,0.6593680648948066,0.02734313590316454,15.900379771465953
Noisy,val__1536_23040_y0_x256,1536_23040,test,roi03,32,160,32,32,0.6887965494242962,0.029888745410665035,15.873556416641193
Noisy,val__1536_23040_y0_x256,1536_23040,test,roi04,192,192,32,32,0.6738775690610055,0.028701528194626333,15.821839694535552
Noisy,val__1536_23040_y0_x256,1536_23040,test,roi05,224,224,32,32,0.6748595495009795,0.02897214615821487,15.71976784410668
Noisy,val__2048_10240_y0_x0,2048_10240,test,roi01,0,32,32,32,0.6904492052271962,0.024331588107134924,19.592642407877804
Noisy,val__2048_10240_y0_x0,2048_10240,test,roi02,64,32,32,32,0.6844659619382583,0.02629802475840306,17.814784850043406
Noisy,val__2048_10240_y0_x0,2048_10240,test,roi03,32,32,32,32,0.679010418287362,0.026875551342187307,17.155188456321902
Noisy,val__2048_10240_y0_x0,2048_10240,test,roi04,32,192,32,32,0.6850744577095611,0.027542991705407263,17.039797913961195
Noisy,val__2048_10240_y0_x0,2048_10240,test,roi05,0,64,32,32,0.6988829721958609,0.02931600874254768,16.661115539798182
Noisy,val__2048_12800_y256_x256,2048_12800,test,roi01,32,192,32,32,0.6949639703670982,0.026454991159056543,18.256476337663052
Noisy,val__2048_12800_y256_x256,2048_12800,test,roi02,0,160,32,32,0.6566735563683324,0.026665560765379546,16.17142663631119
Noisy,val__2048_12800_y256_x256,2048_12800,test,roi03,0,64,32,32,0.6505667317251209,0.027507534179324812,15.386223631255852
Noisy,val__2048_12800_y256_x256,2048_12800,test,roi04,0,224,32,32,0.6675313113955781,0.029591135419659007,15.058497937779878
Noisy,val__2048_12800_y256_x256,2048_12800,test,roi05,160,160,32,32,0.6450115564512089,0.027838244864200674,14.9449043926842
Noisy,val__2048_15872_y256_x256,2048_15872,test,roi01,224,32,32,32,0.6420497067447286,0.02366371487155534,17.420249870678802
Noisy,val__2048_15872_y256_x256,2048_15872,test,roi02,0,0,32,32,0.6690549033519346,0.026429181548367257,16.93712924405412
Noisy,val__2048_15872_y256_x256,2048_15872,test,roi03,0,160,32,32,0.6563152620801702,0.025477291644989148,16.90720227415075
Noisy,val__2048_15872_y256_x256,2048_15872,test,roi04,160,192,32,32,0.6742964074364863,0.02743028065302466,16.575683305362613
Noisy,val__2048_15872_y256_x256,2048_15872,test,roi05,64,192,32,32,0.6531102580192965,0.025853924117707476,16.49857898507112
Noisy,val__2048_7168_y256_x256,2048_7168,test,roi01,96,128,32,32,0.6891125290421769,0.023531700970454213,20.180269937950815
Noisy,val__2048_7168_y256_x256,2048_7168,test,roi02,96,96,32,32,0.7015523543523159,0.027758907828290838,17.73036997499125
Noisy,val__2048_7168_y256_x256,2048_7168,test,roi03,192,32,32,32,0.6483801681606565,0.024151392162256334,17.40673331125959
Noisy,val__2048_7168_y256_x256,2048_7168,test,roi04,128,96,32,32,0.7021782275114674,0.028663638449314556,17.201384397274126
Noisy,val__2048_7168_y256_x256,2048_7168,test,roi05,160,32,32,32,0.6851398817379959,0.027781032001650066,16.897020151017923
Noisy,val__2560_3072_y0_x256,2560_3072,test,roi01,96,224,32,32,0.6083389488485409,0.021699510187692447,17.05459125506197
Noisy,val__2560_3072_y0_x256,2560_3072,test,roi02,160,96,32,32,0.6118520310483291,0.022579949224307908,16.579439757772082
Noisy,val__2560_3072_y0_x256,2560_3072,test,roi03,128,224,32,32,0.6180499876936665,0.023594832719752993,16.18938315118261
Noisy,val__2560_3072_y0_x256,2560_3072,test,roi04,0,224,32,32,0.6183718988031615,0.02516827834613798,15.193085517035508
Noisy,val__2560_3072_y0_x256,2560_3072,test,roi05,32,96,32,32,0.6715132111421553,0.030744563057164352,14.666983293924858
Noisy,val__3072_2560_y256_x0,3072_2560,test,roi01,64,0,32,32,0.6308360606490169,0.015080892962271332,26.38796896249798
Noisy,val__3072_2560_y256_x0,3072_2560,test,roi02,0,96,32,32,0.6432879371786839,0.016215251612829926,25.520379208434967
Noisy,val__3072_2560_y256_x0,3072_2560,test,roi03,64,32,32,32,0.6016823187674163,0.014390005702708614,25.157850538529797
Noisy,val__3072_2560_y256_x0,3072_2560,test,roi04,64,64,32,32,0.6257500512219849,0.01627899354735521,24.053276111036524
Noisy,val__3072_2560_y256_x0,3072_2560,test,roi05,96,0,32,32,0.5964227218355518,0.017160195686861456,20.72937101725954
Noisy,val__3584_9216_y0_x0,3584_9216,test,roi01,64,64,32,32,0.7405239321524277,0.02386663680935827,22.97666397116629
Noisy,val__3584_9216_y0_x0,3584_9216,test,roi02,64,128,32,32,0.7170260985440109,0.022959658371455013,22.392599126494062
Noisy,val__3584_9216_y0_x0,3584_9216,test,roi03,64,96,32,32,0.7329227871668991,0.024812613744190727,21.649303756814508
Noisy,val__3584_9216_y0_x0,3584_9216,test,roi04,96,64,32,32,0.7064656353031751,0.023576467448341992,21.16914652111792
Noisy,val__3584_9216_y0_x0,3584_9216,test,roi05,0,0,32,32,0.7212897150311619,0.025151264756654915,20.685196471961774
Noisy,val__512_16896_y0_x256,512_16896,test,roi01,32,224,32,32,0.6645169104740489,0.024496087431224493,18.026663463941663
Noisy,val__512_16896_y0_x256,512_16896,test,roi02,224,96,32,32,0.655929445347283,0.0248346845177343,17.324296467964395
Noisy,val__512_16896_y0_x256,512_16896,test,roi03,224,224,32,32,0.6609493727155495,0.025950380082066446,16.83420712573592
Noisy,val__512_16896_y0_x256,512_16896,test,roi04,192,160,32,32,0.6671624106529634,0.02726334060658428,16.326160781660683
Noisy,val__512_16896_y0_x256,512_16896,test,roi05,224,128,32,32,0.6647116367530543,0.027511606022309825,16.060187823154507
Noisy,val__6144_2048_y256_x0,6144_2048,test,roi01,32,0,32,32,0.6697945047053508,0.016335581158489848,27.463037536337005
Noisy,val__6144_2048_y256_x0,6144_2048,test,roi02,128,192,32,32,0.7156528477644315,0.02012304109516664,25.45137169333497
Noisy,val__6144_2048_y256_x0,6144_2048,test,roi03,64,64,32,32,0.6974966412453796,0.02206554286907613,22.048021543598452
Noisy,val__6144_2048_y256_x0,6144_2048,test,roi04,32,64,32,32,0.5856530716409907,0.017117885135749234,20.03690979361832
Noisy,val__6144_2048_y256_x0,6144_2048,test,roi05,32,96,32,32,0.6642758320522262,0.02244943275123978,19.655836561140212
Noisy,val__6144_22016_y256_x0,6144_22016,test,roi01,160,32,32,32,0.7582391783507774,0.015371603602244132,37.401865573877224
Noisy,val__6144_22016_y256_x0,6144_22016,test,roi02,0,224,32,32,0.729631799942581,0.014745831873087017,36.10257922844479
Noisy,val__6144_22016_y256_x0,6144_22016,test,roi03,0,192,32,32,0.7067309189296793,0.014178717942897778,35.22663993900636
Noisy,val__6144_22016_y256_x0,6144_22016,test,roi04,64,0,32,32,0.6647986799944192,0.012641772305327117,34.96007318025225
Noisy,val__6144_22016_y256_x0,6144_22016,test,roi05,96,128,32,32,0.673048655531602,0.013274177842782495,34.12599244021742
Noisy,val__6656_13312_y0_x0,6656_13312,test,roi01,0,192,32,32,0.6490128951409133,0.02089814580239579,20.1557469280792
Noisy,val__6656_13312_y0_x0,6656_13312,test,roi02,32,224,32,32,0.6472376625679317,0.02093366731287125,20.011619826824383
Noisy,val__6656_13312_y0_x0,6656_13312,test,roi03,96,192,32,32,0.6975370033906074,0.02447077448839068,19.883223202844643
Noisy,val__6656_13312_y0_x0,6656_13312,test,roi04,96,224,32,32,0.6798274150205543,0.023316454952464868,19.821422903084667
Noisy,val__6656_13312_y0_x0,6656_13312,test,roi05,96,160,32,32,0.6858854835300008,0.024066312238677952,19.547610446153914
Noisy,val__6656_13312_y0_x256,6656_13312,test,roi01,96,32,32,32,0.6904976271907799,0.02124687969731894,22.440329118833443
Noisy,val__6656_13312_y0_x256,6656_13312,test,roi02,96,64,32,32,0.6792298213986214,0.022012735863821055,20.958464823786773
Noisy,val__6656_13312_y0_x256,6656_13312,test,roi03,96,96,32,32,0.6645823322760407,0.02286808223656205,19.313804795896242
Noisy,val__6656_13312_y0_x256,6656_13312,test,roi04,128,32,32,32,0.6765060998659465,0.024370747119806194,18.779092036283597
Noisy,val__6656_13312_y0_x256,6656_13312,test,roi05,0,128,32,32,0.6560955496097449,0.023256077861035222,18.509628871639478
Noisy,val__6656_13312_y256_x0,6656_13312,test,roi01,224,192,32,32,0.7103680502914358,0.01742150444468025,28.96551032531207
Noisy,val__6656_13312_y256_x0,6656_13312,test,roi02,160,192,32,32,0.7288994058471872,0.018406177108536908,28.865002260462038
Noisy,val__6656_13312_y256_x0,6656_13312,test,roi03,224,160,32,32,0.721921809745254,0.019623171041628144,26.55896431215232
Noisy,val__6656_13312_y256_x0,6656_13312,test,roi04,192,224,32,32,0.6888178785011405,0.01845310909525688,25.71220206272817
Noisy,val__6656_13312_y256_x0,6656_13312,test,roi05,160,64,32,32,0.6741483763325959,0.017763550176643345,25.584752416746607
Noisy,val__6656_3584_y0_x256,6656_3584,test,roi01,224,160,32,32,0.6840988591138739,0.017284095620902877,27.076409394248493
Noisy,val__6656_3584_y0_x256,6656_3584,test,roi02,224,192,32,32,0.6249984667811077,0.01817550955639871,21.491726670255364
Noisy,val__6656_3584_y0_x256,6656_3584,test,roi03,128,32,32,32,0.6244290064496454,0.01903468133032507,20.484271700125827
Noisy,val__6656_3584_y0_x256,6656_3584,test,roi04,160,32,32,32,0.6426515485800337,0.02296030710983119,17.987608393769083
Noisy,val__6656_3584_y0_x256,6656_3584,test,roi05,96,64,32,32,0.6146411257504951,0.022073374183182774,17.114905511440167
Noisy,val__7168_2048_y0_x0,7168_2048,test,roi01,32,0,32,32,0.7193790033634286,0.021441469229894254,24.135759771473094
Noisy,val__7168_2048_y0_x0,7168_2048,test,roi02,64,32,32,32,0.6955912151897792,0.020627824931805323,23.45604251775313
Noisy,val__7168_2048_y0_x0,7168_2048,test,roi03,32,96,32,32,0.7013971002015751,0.021214222527392114,23.190003382681365
Noisy,val__7168_2048_y0_x0,7168_2048,test,roi04,0,0,32,32,0.7127386427600868,0.02251834114427625,22.55922714860433
Noisy,val__7168_2048_y0_x0,7168_2048,test,roi05,32,64,32,32,0.672709821825265,0.020663482269582725,21.90039890064078
Noisy,val__7168_24576_y256_x256,7168_24576,test,roi01,96,192,32,32,0.674216658801015,0.019049746970651767,23.862159623700855
Noisy,val__7168_24576_y256_x256,7168_24576,test,roi02,96,64,32,32,0.7007746344752377,0.022199085381876524,22.121861323387137
Noisy,val__7168_24576_y256_x256,7168_24576,test,roi03,96,32,32,32,0.7036116553863394,0.022605616715627136,21.9002811479709
Noisy,val__7168_24576_y256_x256,7168_24576,test,roi04,224,192,32,32,0.6595628773065982,0.020017608050757738,21.732026524742132
Noisy,val__7168_24576_y256_x256,7168_24576,test,roi05,64,128,32,32,0.6631120093879872,0.020325345609970104,21.63395129571038
Noisy,val__7168_3072_y256_x256,7168_3072,test,roi01,128,192,32,32,0.711369062322774,0.014006772575508572,36.128661338788724
Noisy,val__7168_3072_y256_x256,7168_3072,test,roi02,0,96,32,32,0.6952904595527798,0.01681294804782056,28.753364476599444
Noisy,val__7168_3072_y256_x256,7168_3072,test,roi03,160,64,32,32,0.7103721407183912,0.018434414264382047,27.37426701340032
Noisy,val__7168_3072_y256_x256,7168_3072,test,roi04,160,32,32,32,0.6647529944166308,0.016476294546462537,26.82014104201314
Noisy,val__7168_3072_y256_x256,7168_3072,test,roi05,64,224,32,32,0.6761725992982974,0.01856143744587424,24.63221856470187
Noisy,val__7680_15360_y256_x0,7680_15360,test,roi01,128,96,32,32,0.7187871054047719,0.012336422029046421,41.88044975112666
Noisy,val__7680_15360_y256_x0,7680_15360,test,roi02,192,96,32,32,0.7203817747358698,0.013282652284526776,39.06974979508697
Noisy,val__7680_15360_y256_x0,7680_15360,test,roi03,192,128,32,32,0.6998271183983888,0.013183677025207133,37.1488162755639
Noisy,val__7680_15360_y256_x0,7680_15360,test,roi04,32,96,32,32,0.7177370156859979,0.014300230544091647,36.02364466065778
Noisy,val__7680_15360_y256_x0,7680_15360,test,roi05,128,32,32,32,0.7204458802880254,0.014783940654278448,35.10851934283014
Noisy,val__7680_15360_y256_x256,7680_15360,test,roi01,0,32,32,32,0.7060564235143829,0.011429689465302565,43.61585454261727
Noisy,val__7680_15360_y256_x256,7680_15360,test,roi02,160,0,32,32,0.7260345472022891,0.013410167990078227,39.30794633752817
Noisy,val__7680_15360_y256_x256,7680_15360,test,roi03,0,160,32,32,0.7173847703088541,0.01402689314927249,36.689586439016914
Noisy,val__7680_15360_y256_x256,7680_15360,test,roi04,64,64,32,32,0.7301775162050035,0.015165662325841446,35.15568220603425
Noisy,val__7680_15360_y256_x256,7680_15360,test,roi05,32,32,32,32,0.7152042387169786,0.014604447149262394,35.02474950615076
Noisy,val__8192_16384_y0_x256,8192_16384,test,roi01,32,224,32,32,0.6928260577988112,0.017872852740128696,26.856817618561397
Noisy,val__8192_16384_y0_x256,8192_16384,test,roi02,32,96,32,32,0.7293067486025393,0.0209324105162867,25.409798510466135
Noisy,val__8192_16384_y0_x256,8192_16384,test,roi03,0,96,32,32,0.705457127362024,0.021449614330583067,23.201804511528987
Noisy,val__8192_16384_y0_x256,8192_16384,test,roi04,0,0,32,32,0.6841986093495507,0.02146888858719899,21.804935785776273
Noisy,val__8192_16384_y0_x256,8192_16384,test,roi05,128,160,32,32,0.6682408992492128,0.021486628904812573,20.78250159239169
Noisy,val__8192_22528_y0_x0,8192_22528,test,roi01,96,64,32,32,0.7130611049651634,0.021432872884780706,23.723191106834307
Noisy,val__8192_22528_y0_x0,8192_22528,test,roi02,32,160,32,32,0.5565243274977547,0.01338874745335461,23.13280821644198
Noisy,val__8192_22528_y0_x0,8192_22528,test,roi03,128,32,32,32,0.6541331124390126,0.01912475270254723,22.373629371540012
Noisy,val__8192_22528_y0_x0,8192_22528,test,roi04,160,64,32,32,0.7168335547903553,0.02321938672402385,22.130228992728906
Noisy,val__8192_22528_y0_x0,8192_22528,test,roi05,96,128,32,32,0.6548366157803684,0.020009784336972786,21.430065719117053
Noisy,val__8192_4608_y0_x256,8192_4608,test,roi01,160,160,32,32,0.6367973534288467,0.013977509685221285,29.01166791983973
Noisy,val__8192_4608_y0_x256,8192_4608,test,roi02,0,224,32,32,0.6218405483305105,0.016129692853778372,23.973529505703453
Noisy,val__8192_4608_y0_x256,8192_4608,test,roi03,160,128,32,32,0.6258136809046846,0.01863258116813993,21.019243639584673
Noisy,val__8192_4608_y0_x256,8192_4608,test,roi04,32,224,32,32,0.6199154947462375,0.018596360300389123,20.665077166655628
Noisy,val__8192_4608_y0_x256,8192_4608,test,roi05,192,128,32,32,0.5985827191980206,0.0183088679018963,19.5698212277443
Noisy,val__9216_18432_y256_x0,9216_18432,test,roi01,0,96,32,32,0.7244723279145546,0.01907242098431501,27.519325121104146
Noisy,val__9216_18432_y256_x0,9216_18432,test,roi02,96,0,32,32,0.6654085434565786,0.016905211729317957,26.19124426209532
Noisy,val__9216_18432_y256_x0,9216_18432,test,roi03,32,128,32,32,0.7001159572246252,0.018856517121089433,25.9943207121928
Noisy,val__9216_18432_y256_x0,9216_18432,test,roi04,0,128,32,32,0.7188217829097994,0.02003444631608199,25.790817846104137
Noisy,val__9216_18432_y256_x0,9216_18432,test,roi05,64,96,32,32,0.612298518200987,0.016315532232435325,22.978684976381178
Noisy,val__9728_15360_y0_x256,9728_15360,test,roi01,32,32,32,32,0.6843060492246877,0.0139555048871015,33.55484253660416
Noisy,val__9728_15360_y0_x256,9728_15360,test,roi02,32,64,32,32,0.7267513874685392,0.01693354103922118,31.190616183827938
Noisy,val__9728_15360_y0_x256,9728_15360,test,roi03,160,0,32,32,0.706624054670101,0.016814272149521477,29.696055243915165
Noisy,val__9728_15360_y0_x256,9728_15360,test,roi04,192,192,32,32,0.6897629504455836,0.017211895430492848,27.64209960075113
Noisy,val__9728_15360_y0_x256,9728_15360,test,roi05,64,64,32,32,0.6602788408054039,0.01655113915408344,26.340673204222764
Noisy,val__9728_4096_y0_x0,9728_4096,test,roi01,64,32,32,32,0.6810943853488425,0.014005101241798006,33.12289955957237
Noisy,val__9728_4096_y0_x0,9728_4096,test,roi02,96,160,32,32,0.6181705013586907,0.014896271586241985,25.65304791455266
Noisy,val__9728_4096_y0_x0,9728_4096,test,roi03,96,128,32,32,0.6358090310823172,0.015923508714109087,25.38718892072103
Noisy,val__9728_4096_y0_x0,9728_4096,test,roi04,192,0,32,32,0.6392231911886483,0.01633108868619878,25.020149973143425
Noisy,val__9728_4096_y0_x0,9728_4096,test,roi05,96,192,32,32,0.6196727049537003,0.015387961875569928,24.954198897143655
Noisy,val__9728_6144_y256_x256,9728_6144,test,roi01,160,192,32,32,0.6083093702618498,0.01075144174429152,34.417736592847305
Noisy,val__9728_6144_y256_x256,9728_6144,test,roi02,160,224,32,32,0.6708250574884005,0.015209516541099737,29.58715068544695
Noisy,val__9728_6144_y256_x256,9728_6144,test,roi03,224,64,32,32,0.6986570954322815,0.016959769881364665,28.78115330646193
Noisy,val__9728_6144_y256_x256,9728_6144,test,roi04,192,224,32,32,0.6418882345897146,0.015519402253007445,26.548735511050793
Noisy,val__9728_6144_y256_x256,9728_6144,test,roi05,192,96,32,32,0.7011118280061055,0.018791232548669573,26.15889054094354
Noisy,val__9728_6656_y0_x256,9728_6656,test,roi01,64,96,32,32,0.6137170315341791,0.013980831864708762,26.940356513826842
Noisy,val__9728_6656_y0_x256,9728_6656,test,roi02,64,64,32,32,0.6311806530429749,0.014931128054033365,26.68177617485096
Noisy,val__9728_6656_y0_x256,9728_6656,test,roi03,32,96,32,32,0.6031389836862218,0.013901188208247251,26.16874386509121
Noisy,val__9728_6656_y0_x256,9728_6656,test,roi04,64,32,32,32,0.5987558749329764,0.013840108597248149,25.903597160938244
Noisy,val__9728_6656_y0_x256,9728_6656,test,roi05,96,64,32,32,0.644239660272433,0.016255643219835234,25.532348013242547
